pre_pt_root_id,post_pt_root_id,synapse_size,dtheta
864691135323244700,864691135323244700,432,0.0
864691135364662770,864691135364662770,4144,
864691135777113533,864691135777113533,960,0.0
864691134939988067,864691134939988067,424,0.0
864691135866373398,864691135866373398,280,0.0
864691135323244700,864691135323244700,288,0.0
864691136371065992,864691136371065992,188,
864691135775803565,864691135775803565,1268,
864691135748123528,864691135502025909,3608,
864691135753617869,864691135753617869,3128,
864691136008724652,864691135754536914,14128,0.0
864691136175395078,864691135132763808,8732,
864691135775803565,864691135775803565,5752,
864691136965838542,864691136965838542,1368,0.0
864691135968871781,864691135968871781,6036,0.0
864691135837373075,864691135837373075,2112,0.0
864691135064999748,864691135064999748,1228,0.0
864691136486803218,864691136486803218,224,0.0
864691135502025909,864691135502025909,3240,
864691136482869804,864691136482869804,660,0.0
864691135855890478,864691136371065992,3564,
864691136273646861,864691136273646861,436,0.0
864691135012884886,864691136286033682,7616,
864691135334607849,864691135837373075,2988,
864691135837373075,864691135837373075,848,0.0
864691136662432990,864691136618399373,2996,
864691136662432990,864691135210423744,3440,
864691135396580129,864691136123798566,1060,
864691136237510460,864691135837373075,1692,
864691135771832395,864691136123798566,27032,
864691136286033682,864691136286033682,520,0.0
864691135615759977,864691135866373398,4324,
864691135334548713,864691135334548713,336,0.0
864691135987778952,864691135987778952,412,0.0
864691136023823929,864691136023823929,872,0.0
864691135501833821,864691135909757353,16072,-6.0
864691135864734684,864691135864734684,6088,0.0
864691135132763808,864691135132763808,792,
864691135132763808,864691135132763808,184,
864691136482869804,864691136482869804,432,0.0
864691136482869804,864691136482869804,220,0.0
864691136482869804,864691136482869804,184,0.0
864691135855890478,864691136371065992,6044,
864691135213076792,864691135213076792,228,0.0
864691136486803218,864691136486803218,920,0.0
864691135385185365,864691135837373075,1068,
864691135182112002,864691135182112002,316,0.0
864691135307361094,864691135654462402,4336,4.0
864691136662432990,864691135210423744,304,
864691136236716559,864691136236716559,716,0.0
864691135210423744,864691135210423744,1312,0.0
864691136361497570,864691136361497570,1912,0.0
864691135502025909,864691135502025909,188,
864691135132763808,864691135132763808,2856,
864691136236716559,864691136236716559,208,0.0
864691136486803218,864691136486803218,284,0.0
864691135986893059,864691135986893059,268,0.0
864691136023889209,864691136023889209,3020,0.0
864691135937185284,864691135937185284,276,0.0
864691135740182891,864691135740182891,204,
864691136264144612,864691136264144612,188,0.0
864691135837373075,864691135837373075,4508,0.0
864691135269691045,864691135937185284,3400,-2.0
864691135502052533,864691135182112002,7140,9.0
864691135081703927,864691136023823929,2360,
864691136965838542,864691136965838542,1612,0.0
864691135837373075,864691135837373075,2200,0.0
864691136136577661,864691136136577661,1276,0.0
864691136662432990,864691135210423744,3372,
864691135394616306,864691135937151748,6232,
864691136023724857,864691136023724857,792,0.0
864691134939988067,864691134939988067,768,0.0
864691136482870828,864691136482870828,1160,0.0
864691136371065992,864691136371065992,280,
864691135213076792,864691135213076792,668,0.0
864691135968871781,864691135968871781,552,0.0
864691135937185284,864691135937185284,744,0.0
864691135585157244,864691135585157244,380,0.0
864691136812234867,864691135866373142,8160,-13.0
864691135866373398,864691135866373398,4472,0.0
864691135974441327,864691135974441327,2864,0.0
864691135724597419,864691136618399373,73512,
864691135939423489,864691136907510894,656,
864691135945952036,864691135740182891,3264,
864691136486803218,864691136486803218,1536,0.0
864691135807311389,864691136273614093,620,
864691135385185365,864691135937185284,9232,
864691135210020288,864691136907510894,2788,
864691136311822141,864691136311822141,208,0.0
864691135396580129,864691136123798566,2260,
864691135809426636,864691135502025909,5540,
864691135937185284,864691135937185284,4028,0.0
864691135386355585,864691135386355585,596,0.0
864691135837373075,864691135837373075,1108,0.0
864691135777113533,864691135777113533,172,0.0
864691135866373398,864691135866373398,184,0.0
864691136264144612,864691136264144612,948,0.0
864691136273614093,864691136273614093,296,0.0
864691136482903596,864691136482903596,160,0.0
864691135951963939,864691135951963939,2872,0.0
864691135657771138,864691135657771138,648,
864691136389008656,864691135866373398,6808,1.0
864691135502025909,864691135502025909,1868,
864691135323244700,864691135323244700,240,0.0
864691135396580129,864691136123798566,2772,
864691135754054861,864691135132763808,4544,
864691135754536914,864691135754536914,184,0.0
864691135433762802,864691136486803218,1848,
864691135937151748,864691135937151748,232,
864691135740182891,864691135740182891,556,
864691135064999748,864691135064999748,432,0.0
864691135132763808,864691135132763808,224,
864691135974441327,864691135974441327,348,0.0
864691135132763808,864691135132763808,492,
864691135909757353,864691135909757353,3044,0.0
864691136662432990,864691135210423744,1188,
864691136378803413,864691135323244700,3524,12.0
864691136023822649,864691136023822649,812,0.0
864691135683929783,864691135657771138,4828,
864691135394616306,864691135746802824,3104,
864691135132959392,864691135132959392,892,0.0
864691135654462402,864691135654462402,1188,0.0
864691136005145034,864691136005145034,552,0.0
864691136482870828,864691136482870828,544,0.0
864691136309986906,864691136309986906,172,0.0
864691136662210270,864691136662210270,528,
864691135394616306,864691136005145034,3904,
864691135775803565,864691135775803565,600,
864691136482869804,864691136482869804,220,0.0
864691135341044421,864691137196919105,3092,14.0
864691135564667223,864691135210062784,256,-8.0
864691135654462402,864691135654462402,456,0.0
864691136311822141,864691136311822141,160,0.0
864691135662881220,864691135777113533,14272,8.0
864691135132959392,864691135132959392,1012,0.0
864691134939986275,864691136482903596,2720,7.0
864691135490588903,864691135490588903,168,0.0
864691136237510460,864691135837373075,10328,
864691135986893059,864691135986893059,632,0.0
864691135210423744,864691135210423744,188,0.0
864691136486803218,864691136486803218,712,0.0
864691135488426298,864691135488426298,416,0.0
864691135544362536,864691135544362536,256,0.0
864691135490591463,864691136907510894,5468,
864691135502025909,864691135502025909,904,
864691136482903596,864691136482903596,900,0.0
864691135692735423,864691135692735423,216,
864691135746802824,864691135746802824,344,
864691136371065992,864691136371065992,220,
864691135740182891,864691135544362536,1824,
864691135753617869,864691135753617869,176,
864691135986893059,864691135986893059,2808,0.0
864691136423071791,864691135746802824,15520,
864691135394616306,864691136005145034,3548,
864691135837373075,864691135837373075,200,0.0
864691135508676873,864691135508676873,4008,
864691135396580129,864691136123798566,2108,
864691135777113533,864691135777113533,1044,0.0
864691135746802824,864691135746802824,336,
864691135210423744,864691135210423744,884,0.0
864691135386355585,864691135386355585,332,0.0
864691135544362536,864691135544362536,700,0.0
864691135753617869,864691135753617869,160,
864691136123798566,864691136123798566,1244,0.0
864691135654462402,864691135654462402,3672,0.0
864691135855890478,864691136371065992,5528,
864691135644589295,864691135064999748,2336,
864691135210062784,864691135210062784,164,0.0
864691135182112002,864691135182112002,480,0.0
864691135968871781,864691135968871781,712,0.0
864691136005145034,864691136005145034,256,0.0
864691135081679095,864691135081679095,328,0.0
864691135323244700,864691135323244700,256,0.0
864691135323244700,864691135323244700,176,0.0
864691135740182891,864691135740182891,556,
864691136662432990,864691135210423744,2828,
864691136486803218,864691136486803218,7184,0.0
864691136618399373,864691136618399373,428,0.0
864691136618399373,864691136618399373,248,0.0
864691135210423744,864691135210423744,1632,0.0
864691135364662770,864691135364662770,236,
864691135118023901,864691135657771138,840,
864691136486803218,864691136486803218,1964,0.0
864691135488426298,864691135488426298,660,0.0
864691135864734684,864691135864734684,2100,0.0
864691136482870828,864691136482870828,1324,0.0
864691136371065992,864691136371065992,296,
864691135303189927,864691135303189927,824,0.0
864691135837373075,864691135837373075,196,0.0
864691135761549622,864691135761549622,192,0.0
864691135445633170,864691135445633170,192,0.0
864691135132763808,864691135132763808,548,
864691136965838542,864691136965838542,980,0.0
864691135952235811,864691136309986906,18652,-15.0
864691136236716559,864691136236716559,2768,0.0
864691135132763808,864691135132763808,296,
864691137196878913,864691135132763808,2276,
864691135366955257,864691135366955257,460,0.0
864691135968871781,864691135968871781,2104,0.0
864691135132763808,864691135132763808,408,
864691135986893059,864691135986893059,180,0.0
864691135303189927,864691135303189927,236,0.0
864691135122603047,864691136618399373,2416,-3.0
864691135777113533,864691135777113533,180,0.0
864691135508676873,864691135508676873,2928,
864691135374063689,864691136482870828,288,8.0
864691136273646861,864691136273646861,364,0.0
864691135132763808,864691135132763808,192,
864691135348573399,864691135348573399,2460,0.0
864691135754536914,864691135754536914,468,0.0
864691135864734684,864691135864734684,1900,0.0
864691135866373398,864691135866373398,1356,0.0
864691136482869804,864691136482869804,200,0.0
864691135490940135,864691135210423744,3456,
864691136486803218,864691136486803218,272,0.0
864691137196919105,864691137196919105,288,0.0
864691136482869804,864691136482869804,1076,0.0
864691136390418815,864691135937185284,1792,-1.0
864691135508676873,864691135508676873,380,
864691135761549622,864691135761549622,188,0.0
864691135579824068,864691136023823929,3280,-1.0
864691135941183604,864691135941183604,268,
864691135987778952,864691135987778952,604,0.0
864691135490588903,864691135490588903,1980,0.0
864691136662432990,864691135210423744,7816,
864691135809426636,864691135502025909,4656,
864691136023889209,864691136023889209,372,0.0
864691135657771138,864691135657771138,552,
864691135122603047,864691135210423744,1996,-9.0
864691136309986906,864691136309986906,1044,0.0
864691135348573399,864691135348573399,428,0.0
864691136423071791,864691135746802824,6928,
864691135740182891,864691135740182891,180,
864691135746802824,864691135746802824,324,
864691135740182891,864691135740182891,428,
864691135809426636,864691136907510894,8544,
864691135809443532,864691135837373075,512,2.0
864691135654462402,864691135654462402,248,0.0
864691135657771138,864691135657771138,180,
864691135132959392,864691135132959392,6532,0.0
864691136907510894,864691136907510894,1144,
864691135937151748,864691135937151748,5948,
864691135132959392,864691135132959392,420,0.0
864691136194515020,864691136023823929,4908,6.0
864691136023889209,864691136023889209,312,0.0
864691135740182891,864691135740182891,340,
864691137196919105,864691137196919105,556,0.0
864691135748123528,864691135502025909,2428,
864691135989890952,864691135544362536,2052,
864691135937152260,864691135937152260,340,0.0
864691135657771138,864691135657771138,668,
864691135502052533,864691135490588903,15520,2.0
864691135994524842,864691135585157244,4368,2.0
864691135132763808,864691135132763808,916,
864691135323244700,864691135323244700,260,0.0
864691135724597419,864691135746802824,1352,
864691135334607849,864691135937185284,5252,
864691135122603047,864691135775803565,3852,
864691136023724857,864691136023724857,400,0.0
864691135132959392,864691135132959392,632,0.0
864691135132959392,864691135132959392,384,0.0
864691135748123528,864691135502025909,4252,
864691136039701246,864691135364662770,20548,
864691136023822649,864691136023822649,612,0.0
864691136361497570,864691136361497570,160,0.0
864691135385185365,864691135837373075,10888,
864691135490588903,864691135490588903,412,0.0
864691135334548713,864691135334548713,544,0.0
864691135746802824,864691135746802824,488,
864691137196919105,864691137196919105,328,0.0
864691135132959392,864691135132959392,4784,0.0
864691135974661231,864691135355029455,4800,
864691135837373075,864691135837373075,196,0.0
864691136194515020,864691136486803218,3600,10.0
864691135761549622,864691135761549622,960,0.0
864691136812192115,864691135937185284,10292,-4.0
864691135269691045,864691135937185284,2396,-2.0
864691136286569667,864691135303189927,3092,-8.0
864691135654462402,864691135654462402,244,0.0
864691135951963939,864691135951963939,11480,0.0
864691135746802824,864691135746802824,952,
864691135740182891,864691135740182891,340,
864691136311822141,864691136311822141,832,0.0
864691135118023901,864691135657771138,2668,
864691137196878913,864691135132763808,3436,
864691136618390413,864691135740182891,5228,
864691136008724652,864691135488426298,26000,-3.0
864691136006174344,864691136482870828,2832,7.0
864691136672642951,864691136907510894,6868,
864691136236716559,864691136236716559,188,0.0
864691135809426636,864691135740182891,2012,
864691135771676491,864691135740182891,2752,
864691135807311389,864691135386355585,12548,
864691135544411432,864691135761549622,592,
864691135748123528,864691135490588903,4756,
864691135866373398,864691135866373398,456,0.0
864691135740182891,864691135740182891,276,
864691135775803565,864691135775803565,1012,
864691135445633170,864691135445633170,1068,0.0
864691136286627011,864691135132763808,1244,
864691135386355585,864691135386355585,484,0.0
864691136482869804,864691136482869804,180,0.0
864691135334607849,864691135746802824,2080,
864691135355029455,864691135355029455,604,0.0
864691135761549622,864691135502025909,764,
864691136005145034,864691136005145034,304,0.0
864691135396383265,864691135740182891,2152,
864691135182112002,864691135182112002,168,0.0
864691135490588903,864691135490588903,280,0.0
864691135746802824,864691135746802824,1304,
864691135968871781,864691135968871781,3468,0.0
864691135132763808,864691135132763808,4260,
864691135490940135,864691135488426298,2924,
864691136311822141,864691136311822141,308,0.0
864691136004947658,864691135303189927,2152,-1.0
864691135740182891,864691135740182891,536,
864691136482870828,864691136482870828,440,0.0
864691135994550698,864691135987778952,4168,5.0
864691135182112002,864691135182112002,400,0.0
864691135462747198,864691135081679095,648,0.0
864691136236716559,864691136236716559,420,0.0
864691135396580129,864691135866373398,6216,
864691135909757353,864691135909757353,392,0.0
864691136361497570,864691136361497570,400,0.0
864691136273646861,864691136273646861,4836,0.0
864691135490588903,864691135490588903,384,0.0
864691135468164434,864691136907510894,1316,
864691136965838542,864691136965838542,444,0.0
864691136023823929,864691136023823929,1360,0.0
864691135746802824,864691135746802824,184,
864691135385185365,864691135937185284,3744,
864691136056331480,864691135210423744,31072,2.0
864691135585157244,864691135585157244,740,0.0
864691136005145034,864691136005145034,216,0.0
864691136662432990,864691135355029455,3296,
864691135490588903,864691135490588903,908,0.0
864691137196919105,864691137196919105,632,0.0
864691135323244700,864691135323244700,172,0.0
864691135987778952,864691135987778952,404,0.0
864691136482869804,864691136482869804,376,0.0
864691136662210270,864691136662210270,764,
864691135132763808,864691135132763808,732,
864691136482869804,864691136482869804,192,0.0
864691135490588903,864691135490588903,10340,0.0
864691135761549622,864691135761549622,1592,0.0
864691135386355585,864691135386355585,452,0.0
864691135864756700,864691136273614093,2112,12.0
864691135490940135,864691135210423744,6288,
864691135683929783,864691136618399373,19388,
864691135385185365,864691135490588903,7780,
864691135386355585,864691135386355585,540,0.0
864691135746802824,864691135746802824,180,
864691135394616306,864691135837373075,6596,
864691136273646861,864691136273646861,184,0.0
864691135644589295,864691135064999748,2688,
864691135740182891,864691135740182891,328,
864691135490940135,864691136123798566,10140,
864691134885056250,864691136965838542,4312,-1.0
864691135746802824,864691135746802824,1048,
864691135132959392,864691135132959392,160,0.0
864691135323181212,864691135837373075,2896,
864691135585436284,864691135740182891,2060,
864691135544411432,864691135502025909,2724,
864691135132959392,864691135132959392,2580,0.0
864691136482870828,864691135777113533,1564,-6.0
864691135748123528,864691135132959392,1516,
864691135132763808,864691135132763808,160,
864691135683929783,864691136618399373,1104,
864691135968871781,864691135968871781,1160,0.0
864691135396385057,864691135355029455,2640,1.0
864691136486803218,864691136486803218,352,0.0
864691135122603047,864691135866373398,964,-5.0
864691135968871781,864691135968871781,9568,0.0
864691135132959392,864691135132959392,220,0.0
864691135657771138,864691135657771138,196,
864691136286033682,864691136286033682,488,0.0
864691135775803565,864691135775803565,640,
864691135394616306,864691135490588903,1172,
864691136371065992,864691136371065992,600,
864691136486803218,864691136486803218,280,0.0
864691135213076792,864691135213076792,256,0.0
864691135974441327,864691135974441327,228,0.0
864691135064999748,864691135064999748,13732,0.0
864691135323244700,864691135323244700,208,0.0
864691135490940135,864691135488426298,4336,
864691135974441327,864691135974441327,324,0.0
864691135968871781,864691135968871781,8376,0.0
864691136662210270,864691136662210270,2476,
864691135340956101,864691136662210270,2836,
864691135746802824,864691135746802824,480,
864691135987778952,864691135987778952,312,0.0
864691135615759977,864691136023822649,1600,
864691135855890478,864691136371065992,3860,
864691136482869804,864691136482869804,932,0.0
864691136311822141,864691136311822141,1448,0.0
864691135132763808,864691135132763808,296,
864691135644589295,864691135064999748,2052,
864691135427272178,864691135657771138,220,
864691137196878913,864691135132763808,296,
864691135777113533,864691135777113533,220,0.0
864691135081679095,864691135081679095,212,0.0
864691135654462402,864691135654462402,244,0.0
864691135081703927,864691136486803218,1972,
864691135490588903,864691135490588903,360,0.0
864691136273646861,864691136273646861,196,0.0
864691136023889209,864691136023889209,736,0.0
864691135366955257,864691135366955257,168,0.0
864691136123798566,864691136123798566,6268,0.0
864691135937152260,864691135937152260,312,0.0
864691135394616306,864691136005145034,3580,
864691135182112002,864691135182112002,276,0.0
864691136273646861,864691136273646861,7616,0.0
864691135909757353,864691135909757353,176,0.0
864691135490940135,864691135210423744,7252,
864691135864734684,864691135864734684,4704,0.0
864691135997663112,864691135974441327,1556,
864691135394616306,864691135837373075,6432,
864691136264144612,864691136264144612,696,0.0
864691134939988067,864691134939988067,216,0.0
864691136618399373,864691136618399373,364,0.0
864691135683929783,864691136618399373,3420,
864691136005145034,864691136005145034,2416,0.0
864691136311822141,864691136311822141,676,0.0
864691135866410006,864691136486803218,6296,9.0
864691135740182891,864691135740182891,376,
864691135323181212,864691135488426298,1924,
864691135526318171,864691135366955257,204,9.0
864691135952235811,864691137196919105,12756,0.0
864691135746802824,864691135746802824,492,
864691135182112002,864691135182112002,240,0.0
864691135866373398,864691135866373398,436,0.0
864691135937185284,864691135937185284,1008,0.0
864691135746802824,864691135746802824,504,
864691135746802824,864691135746802824,360,
864691136662432990,864691135210423744,2808,
864691135334607849,864691136482870828,2384,
864691136389008656,864691135937185284,204,-5.0
864691135754536914,864691135754536914,452,0.0
864691135385324629,864691135502025909,2208,
864691135182112002,864691135182112002,992,0.0
864691135657771138,864691135657771138,1376,
864691136237510460,864691135837373075,4064,
864691135951963939,864691135951963939,372,0.0
864691136907510894,864691136907510894,704,
864691135761549622,864691135761549622,1060,0.0
864691135579824068,864691136361497570,6240,-1.0
864691135132763808,864691135132763808,936,
864691136264144612,864691136264144612,304,0.0
864691136662432990,864691135210423744,8348,
864691135754536914,864691135754536914,340,0.0
864691135968871781,864691135968871781,3336,0.0
864691135394616306,864691135213076792,3568,
864691135683929783,864691136618399373,2944,
864691135657771138,864691135657771138,2432,
864691135303189927,864691135303189927,172,0.0
864691135355029455,864691135355029455,364,0.0
864691136618399373,864691136618399373,272,0.0
864691135968871781,864691135968871781,324,0.0
864691135775803565,864691135775803565,680,
864691136486803218,864691136486803218,532,0.0
864691135771832395,864691135334548713,3992,
864691136618390413,864691135348573399,172,4.0
864691135490591463,864691135740182891,2452,
864691136023724857,864691136023724857,296,0.0
864691135490591463,864691136907510894,10584,
864691137196878913,864691135132763808,4140,
864691135491529311,864691135488426298,9028,-2.0
864691135491529311,864691135488426298,9028,
864691135081679095,864691135081679095,276,0.0
864691135941183604,864691135941183604,224,
864691135657771138,864691135657771138,340,
864691135502025909,864691135502025909,664,
864691135194410282,864691135502025909,936,
864691135724609707,864691135740182891,4744,
864691137196919105,864691137196919105,328,0.0
864691136482903596,864691136482903596,532,0.0
864691135394616306,864691136618399373,1244,
864691136482869804,864691136482869804,1036,0.0
864691136136577661,864691136136577661,276,0.0
864691136662432990,864691135210423744,1364,
864691135355029455,864691135355029455,1552,0.0
864691136662210270,864691136662210270,1028,
864691135937185284,864691135937185284,8536,0.0
864691136486803218,864691136486803218,508,0.0
864691136729437302,864691135974441327,1668,
864691135937185284,864691135937185284,1228,0.0
864691136273626381,864691136273646861,11096,1.0
864691135445633170,864691135445633170,3660,0.0
864691136273626381,864691136273646861,508,1.0
864691135544362536,864691135544362536,204,0.0
864691135746802824,864691135951963939,6760,
864691135334607849,864691136123798566,532,
864691136023823929,864691136023823929,1772,0.0
864691135081703927,864691135866373398,8308,
864691135866387734,864691135937151748,6608,
864691135662881220,864691135213076792,8380,3.0
864691136273646861,864691136273646861,2480,0.0
864691136482869804,864691136482869804,244,0.0
864691136662210270,864691136662210270,348,
864691136482869804,864691136482869804,224,0.0
864691135837373075,864691135837373075,2612,0.0
864691136136577661,864691136136577661,360,0.0
864691136264144612,864691136264144612,284,0.0
864691136618414733,864691135777113533,216,2.0
864691136273614093,864691136273614093,1328,0.0
864691137196919105,864691137196919105,252,0.0
864691136194515020,864691136023823929,3832,6.0
864691135683929783,864691136618399373,3232,
864691136273614093,864691136273614093,228,0.0
864691136023724857,864691136023724857,508,0.0
864691136065739416,864691134885069562,1436,
864691135585157244,864691135585157244,1892,0.0
864691136023823929,864691136023823929,260,0.0
864691135544362536,864691135544362536,160,0.0
864691135974441327,864691135974441327,5388,0.0
864691135348573399,864691135348573399,396,0.0
864691135386355585,864691135386355585,276,0.0
864691134885069562,864691134885069562,3964,0.0
864691135837373075,864691135837373075,1036,0.0
864691136065739416,864691135386355585,2320,
864691136237451836,864691136005145034,3080,4.0
864691135754536914,864691135754536914,240,0.0
864691135501833821,864691135909757353,31116,-6.0
864691135952235811,864691137196919105,5984,0.0
864691136273614093,864691136273614093,200,0.0
864691135748123528,864691135490588903,2296,
864691135761549622,864691135761549622,212,0.0
864691135490588903,864691135490588903,420,0.0
864691135837373075,864691135837373075,164,0.0
864691136236716559,864691136236716559,320,0.0
864691136273646861,864691136273646861,1780,0.0
864691135724609707,864691136907510894,10920,
864691136136577661,864691136136577661,716,0.0
864691136136577661,864691136136577661,204,0.0
864691136273646861,864691136273646861,1512,0.0
864691137196919105,864691137196919105,164,0.0
864691135771832395,864691136618399373,6380,
864691135502052533,864691135182112002,1536,9.0
864691135992677768,864691135740182891,464,
864691135753617869,864691135753617869,268,
864691135462675101,864691136907510894,5692,
864691135565237700,864691135502025909,240,
864691136911879153,864691135182112002,1596,8.0
864691135855890478,864691136371065992,5720,
864691135118023901,864691135657771138,3364,
864691135952235811,864691135132763808,4056,
864691135937152260,864691135937152260,172,0.0
864691135657771138,864691135657771138,284,
864691135986893059,864691135986893059,356,0.0
864691136482903596,864691136482903596,1332,0.0
864691134884993786,864691135323244700,204,5.0
864691135837373075,864691135837373075,3144,0.0
864691135754536914,864691135754536914,224,0.0
864691135952235811,864691135355029455,11580,-8.0
864691135122603047,864691135364662770,3856,
864691135502025909,864691135502025909,316,
864691136236716559,864691136236716559,288,0.0
864691135394616306,864691136618399373,4828,
864691136005145034,864691136005145034,1804,0.0
864691135490940135,864691135488426298,2036,
864691135837373075,864691135837373075,732,0.0
864691135445633170,864691135445633170,184,0.0
864691135385185365,864691135490588903,5560,
864691136903003314,864691135132959392,14136,10.0
864691136662416094,864691135366955257,1676,-1.0
864691135560860385,864691135654462402,35736,-1.0
864691135864734684,864691135864734684,316,0.0
864691136907510894,864691136907510894,356,
864691136023889209,864691136023889209,492,0.0
864691135937185284,864691135937185284,1048,0.0
864691136723371261,864691135864734684,1256,
864691135132763808,864691135132763808,280,
864691135544362536,864691135544362536,2508,0.0
864691135585157244,864691135585157244,180,0.0
864691136388609655,864691136482869804,10064,0.0
864691135490588903,864691135490588903,1196,0.0
864691135941183604,864691135941183604,464,
864691135692735423,864691135692735423,180,
864691136123798566,864691136123798566,160,0.0
864691135358827352,864691135502025909,1032,
864691135994550698,864691135081679095,1720,5.0
864691135593523243,864691136618399373,1932,-3.0
864691136371065992,864691136371065992,872,
864691135748123528,864691135132959392,2136,
864691136123798566,864691136123798566,1612,0.0
864691135754536914,864691135754536914,236,0.0
864691135841325283,864691135348573399,2424,
864691135658229122,864691135909757353,2328,2.0
864691136273646861,864691136273646861,1376,0.0
864691135754054861,864691135132763808,2300,
864691135385185365,864691135837373075,15312,
864691135303189927,864691135303189927,1424,0.0
864691135303189927,864691135303189927,168,0.0
864691135873624974,864691135334548713,9632,-9.0
864691134917404682,864691135777113533,4184,
864691135490591463,864691135182112002,4216,
864691135132959392,864691135132959392,176,0.0
864691136273614093,864691136273614093,184,0.0
864691135334548713,864691135334548713,1120,0.0
864691135968871781,864691135968871781,588,0.0
864691135866373398,864691135866373398,696,0.0
864691135974441327,864691135974441327,1676,0.0
864691136023889209,864691136023889209,524,0.0
864691136907510894,864691136907510894,232,
864691136482903596,864691136482903596,612,0.0
864691135951958819,864691135866373142,1520,0.0
864691135753617869,864691135753617869,272,
864691135490588903,864691135490588903,1976,0.0
864691135210423744,864691135210423744,336,0.0
864691135585157244,864691135585157244,484,0.0
864691135951963939,864691135951963939,860,0.0
864691136618399373,864691136618399373,496,0.0
864691135334548713,864691135334548713,3684,0.0
864691136662432990,864691135386355585,1916,
864691135662881220,864691135837373075,276,15.0
864691136237510460,864691135837373075,4644,
864691136237510460,864691135837373075,5960,
864691136618399373,864691136618399373,268,0.0
864691135585157244,864691135585157244,1740,0.0
864691136264144612,864691136264144612,904,0.0
864691135364662770,864691135364662770,748,
864691135510003396,864691136286033682,12136,
864691135064999748,864691135064999748,3260,0.0
864691135837373075,864691135837373075,1036,0.0
864691135427272178,864691135657771138,1680,
864691135754536914,864691135754536914,280,0.0
864691136662432990,864691136618399373,1968,
864691136005145034,864691136005145034,364,0.0
864691135571479589,864691135909757353,13236,1.0
864691136371065992,864691136371065992,1184,
864691135746802824,864691135746802824,408,
864691135740182891,864691135740182891,1848,
864691136662432990,864691135210423744,8524,
864691135303189927,864691135303189927,264,0.0
864691134885056250,864691136965838542,15760,-1.0
864691136273614093,864691136273614093,212,0.0
864691135502025909,864691135502025909,212,
864691135544362536,864691135544362536,2376,0.0
864691135538095218,864691135490588903,7456,5.0
864691134885069562,864691134885069562,5020,0.0
864691135761532982,864691135909757353,2820,-6.0
864691135182112002,864691135182112002,1640,0.0
864691135510734544,864691136023823929,4156,-6.0
864691135740182891,864691135740182891,500,
864691136023889209,864691136023889209,272,0.0
864691136662432990,864691135210423744,2268,
864691136311822141,864691136311822141,432,0.0
864691135775803565,864691135775803565,368,
864691135334607849,864691136482870828,6944,
864691135396580129,864691136123798566,3604,
864691135081648887,864691134939988067,11404,-3.0
864691136662432990,864691135210423744,2832,
864691136662432990,864691135210423744,3056,
864691135951963939,864691135951963939,1520,0.0
864691136311822141,864691136311822141,752,0.0
864691135490940135,864691135210423744,1092,
864691135771832395,864691135355029455,9176,
864691136005145034,864691136005145034,1412,0.0
864691136005145034,864691136005145034,1004,0.0
864691136264144612,864691136264144612,1196,0.0
864691135866373398,864691135866373398,772,0.0
864691135937185284,864691135937185284,1364,0.0
864691135968871781,864691135968871781,1128,0.0
864691135415498682,864691135866373398,2688,
864691135748123528,864691135132959392,268,
864691135490588903,864691135490588903,720,0.0
864691135132763808,864691135132763808,488,
864691135866373142,864691135866373142,540,0.0
864691135490940135,864691135210423744,1032,
864691135864734684,864691135864734684,196,0.0
864691135754536914,864691136123798566,17832,4.0
864691135941183604,864691135941183604,1248,
864691135064999748,864691135064999748,868,0.0
864691136008556718,864691136361497570,7308,5.0
864691136209328060,864691135488426298,22604,-15.0
864691135564638295,864691135182112002,276,15.0
864691135986893059,864691135986893059,220,0.0
864691135866373398,864691135866373398,272,0.0
864691135490588903,864691135490588903,388,0.0
864691136662432990,864691135210423744,556,
864691135609724679,864691135753617869,2640,
864691135490940135,864691135488426298,6476,
864691136008724652,864691135488426298,13548,-3.0
864691135064999748,864691135064999748,788,0.0
864691135585157244,864691135585157244,848,0.0
864691136482903596,864691136482903596,384,0.0
864691135753617869,864691135753617869,200,
864691135396383265,864691136023724857,4956,
864691135937151748,864691135937151748,1912,
864691135396580129,864691136123798566,6304,
864691135866373142,864691135866373142,388,0.0
864691135809426636,864691135132959392,7992,
864691135866373142,864691135866373142,212,0.0
864691135740182891,864691135740182891,1168,
864691135952235811,864691135355029455,22240,-8.0
864691135334607849,864691136618399373,2568,
864691135809426636,864691135775803565,8724,
864691136311794237,864691135303189927,7576,
864691135740182891,864691135740182891,888,
864691135809487052,864691135809487052,424,
864691136361497570,864691136361497570,532,0.0
864691135754611922,864691136618399373,3620,1.0
864691136311822141,864691136311822141,220,0.0
864691135866373142,864691135866373142,236,0.0
864691136389008656,864691135213076792,6376,-5.0
864691135866373398,864691135866373398,192,0.0
864691135937185284,864691135937185284,704,0.0
864691136116154788,864691135937185284,6912,-8.0
864691135394616306,864691136618399373,5668,
864691135303189927,864691135303189927,420,0.0
864691135385185365,864691135986893059,3156,
864691135194410282,864691135508676873,10704,
864691134939988067,864691134939988067,312,0.0
864691135488426298,864691135488426298,956,0.0
864691135724597419,864691135809487052,2092,
864691135386355585,864691135386355585,532,0.0
864691135488426298,864691135488426298,388,0.0
864691135210423744,864691135210423744,2208,0.0
864691135081679095,864691135081679095,1216,0.0
864691136662432990,864691135488426298,1768,
864691135866373398,864691135866373398,340,0.0
864691135081648887,864691135909757353,5604,-4.0
864691135415498682,864691135968871781,4748,
864691135394616306,864691135951963939,8224,
864691135508676873,864691135508676873,392,
864691135508676873,864691135508676873,444,
864691136965838542,864691136965838542,232,0.0
864691135864734684,864691135864734684,208,0.0
864691135737076100,864691135490588903,11212,
864691135761549622,864691135761549622,480,0.0
864691136965838542,864691136965838542,316,0.0
864691135579824068,864691136486803218,6232,3.0
864691136311822141,864691136311822141,188,0.0
864691136023889209,864691136023889209,232,0.0
864691135951963939,864691135951963939,19248,0.0
864691136005145034,864691136005145034,9164,0.0
864691134939988067,864691134939988067,464,0.0
864691136273614093,864691136273614093,252,0.0
864691135081703927,864691135866373398,9268,
864691136371065992,864691136371065992,280,
864691135386355585,864691135386355585,808,0.0
864691135334607849,864691135323244700,200,
864691135334607849,864691135937185284,5944,
864691136023823929,864691136023823929,848,0.0
864691136618399373,864691136618399373,392,0.0
864691136005145034,864691136005145034,208,0.0
864691135502025909,864691135502025909,2668,
864691135986893059,864691135986893059,164,0.0
864691136361497570,864691136361497570,312,0.0
864691137019764334,864691136486803218,4868,3.0
864691136486803218,864691136486803218,1480,0.0
864691136486803218,864691136486803218,1216,0.0
864691135396580129,864691136123798566,3004,
864691135502025909,864691135502025909,608,
864691135210423744,864691135210423744,212,0.0
864691135986893059,864691135986893059,1796,0.0
864691136309999450,864691136482903596,6260,4.0
864691135753932237,864691135660523760,3080,2.0
864691135210020288,864691136907510894,196,
864691136309986906,864691136309986906,632,0.0
864691135740182891,864691135740182891,164,
864691136136577661,864691136136577661,276,0.0
864691135937185284,864691135937185284,424,0.0
864691135386355585,864691135386355585,328,0.0
864691136311822141,864691136311822141,252,0.0
864691135355029455,864691135355029455,5012,0.0
864691135864699868,864691135937185284,4376,-2.0
864691135490588903,864691135490588903,11684,0.0
864691136618399373,864691136618399373,180,0.0
864691135396383265,864691135740182891,2856,
864691135986893059,864691135837373075,3720,7.0
864691136309986906,864691136309986906,184,0.0
864691135210423744,864691135210423744,220,0.0
864691135968871781,864691135654462402,12212,-5.0
864691136273614093,864691136273614093,236,0.0
864691135740182891,864691135740182891,1280,
864691135761549622,864691135761549622,724,0.0
864691136273646861,864691136273646861,2204,0.0
864691135490591463,864691135064999748,1728,
864691135761549622,864691135502025909,1688,
864691135937506820,864691135909757353,3792,0.0
864691135809487052,864691135809487052,440,
864691135809487052,864691135809487052,456,
864691136482903596,864691136482903596,244,0.0
864691135386355585,864691135386355585,1076,0.0
864691135951963939,864691135951963939,1024,0.0
864691136730652022,864691135323244700,22092,
864691135761549622,864691135761549622,468,0.0
864691136023823929,864691136023823929,188,0.0
864691136023724857,864691136023724857,376,0.0
864691135490591463,864691136005145034,17708,
864691135937185284,864691135937185284,480,0.0
864691135968871781,864691135968871781,508,0.0
864691135974441327,864691135974441327,656,0.0
864691135968871781,864691135968871781,9556,0.0
864691136662432990,864691135488426298,300,
864691135837373075,864691135837373075,180,0.0
864691135754054861,864691137196919105,7252,7.0
864691135508676873,864691135508676873,164,
864691136286569667,864691135182112002,18072,0.0
864691135274074341,864691136482869804,3628,3.0
864691135348573399,864691135348573399,772,0.0
864691135937152260,864691135937152260,320,0.0
864691135213076792,864691135213076792,1396,0.0
864691135502025909,864691135502025909,232,
864691136486803218,864691136486803218,1020,0.0
864691135323181212,864691135837373075,2944,
864691135740182891,864691135740182891,204,
864691135809426636,864691136273646861,6864,
864691135809426636,864691135064999748,3096,
864691135490588903,864691135490588903,256,0.0
864691136134428811,864691135502025909,1324,
864691137196919105,864691137196919105,756,0.0
864691136309986906,864691136309986906,192,0.0
864691136008556718,864691136361497570,6184,5.0
864691135941183604,864691135941183604,196,
864691135737076100,864691135081679095,5200,
864691135064999748,864691135064999748,396,0.0
864691135132959392,864691135132959392,11192,0.0
864691136023822649,864691136023822649,412,0.0
864691135132959392,864691135132959392,408,0.0
864691135210062784,864691135210062784,4572,0.0
864691134885069562,864691134885069562,224,0.0
864691135909757353,864691135909757353,252,0.0
864691136286033682,864691136286033682,344,0.0
864691136486803218,864691136486803218,316,0.0
864691135771832395,864691136123798566,2756,
864691135544362536,864691135544362536,736,0.0
864691135746802824,864691135951963939,6096,
864691136023889209,864691136023889209,544,0.0
864691135490588903,864691135490588903,456,0.0
864691135909757353,864691135909757353,216,0.0
864691136662210270,864691136662210270,612,
864691135761549622,864691135761549622,1452,0.0
864691136236716559,864691136236716559,268,0.0
864691135334607849,864691135937185284,10692,
864691136005145034,864691136005145034,336,0.0
864691135502025909,864691135502025909,5388,
864691137196878913,864691135132763808,176,
864691135490940135,864691135837373075,476,
864691135699496482,864691136023823929,3424,3.0
864691135386355585,864691135386355585,764,0.0
864691135683957943,864691135909757353,564,-5.0
864691135748123528,864691135490588903,1760,
864691135771832395,864691135488426298,1160,
864691135132763808,864691135132763808,216,
864691136334226611,864691135654462402,5908,-2.0
864691135761549622,864691135761549622,2504,0.0
864691136334226611,864691135657771138,2800,
864691135925503502,864691135364662770,5632,
864691136682621814,864691135132959392,192,-5.0
864691135081679095,864691135081679095,404,0.0
864691135488426298,864691135488426298,212,0.0
864691135866373398,864691135866373398,744,0.0
864691135210423744,864691135585157244,28612,-3.0
864691135334548713,864691135334548713,860,0.0
864691135132763808,864691135132763808,1072,
864691135660523760,864691135660523760,1396,0.0
864691136023822649,864691136023822649,604,0.0
864691135502025909,864691135502025909,260,
864691136136577661,864691136136577661,1456,0.0
864691135837373075,864691135837373075,3176,0.0
864691135968871781,864691135968871781,5704,0.0
864691135761549622,864691135761549622,656,0.0
864691136965838542,864691136965838542,1740,0.0
864691135462675101,864691136907510894,4688,
864691135724597419,864691135366955257,12536,
864691135348573399,864691135348573399,272,0.0
864691135182112002,864691135182112002,1456,0.0
864691135081703927,864691135585157244,32304,
864691135746802824,864691135746802824,376,
864691135952235811,864691136273614093,21304,0.0
864691135064999748,864691135064999748,244,0.0
864691136482870828,864691136482870828,1284,0.0
864691135952235811,864691137196919105,4792,0.0
864691136023822649,864691136023822649,240,0.0
864691135182112002,864691135182112002,164,0.0
864691135502025909,864691135502025909,176,
864691136662432990,864691135386355585,2268,
864691136236716559,864691136236716559,188,0.0
864691136662432990,864691135210423744,2392,
864691135348573399,864691135348573399,964,0.0
864691135771832395,864691136123798566,1432,
864691135323244700,864691135323244700,748,0.0
864691135644589295,864691135064999748,6688,
864691135762028342,864691136264144612,4980,-5.0
864691135866373142,864691135866373142,180,0.0
864691135064999748,864691135064999748,4252,0.0
864691135748123528,864691135502025909,1524,
864691135771832395,864691135386355585,1056,
864691135809487052,864691135809487052,168,
864691136662432990,864691135210423744,1988,
864691136662210270,864691136662210270,420,
864691135538095218,864691135182112002,4316,12.0
864691136423071791,864691135951963939,17084,-1.0
864691136907510894,864691136907510894,260,
864691135753617869,864691135753617869,5956,
864691135396580129,864691136123798566,7940,
864691135986893059,864691135986893059,268,0.0
864691136662432990,864691135488426298,1832,
864691135396383265,864691135396383265,172,
864691135799758946,864691135799758946,1188,
864691135807311389,864691135617798543,2836,
864691135945379108,864691135945379108,580,0.0
864691136286569667,864691135739595412,6676,
864691135538095218,864691135571235365,10460,
864691135888527753,864691135888527753,1044,0.0
864691135888527753,864691135888527753,628,0.0
864691135873616782,864691135873616782,1080,0.0
864691136292063716,864691136292063716,396,0.0
864691135730158265,864691135730158265,332,0.0
864691136989989525,864691136989989525,320,0.0
864691135571295269,864691135739595412,2776,
864691136194253526,864691136194253526,384,0.0
864691136056364760,864691135873616782,844,-6.0
864691135502062261,864691135502062261,312,
864691136008556718,864691136008556718,596,0.0
864691135945379108,864691135945379108,192,0.0
864691136390368127,864691136390368127,696,0.0
864691135502060725,864691135502060725,2916,0.0
864691136423071791,864691136423071791,2008,0.0
864691136672640647,864691136812192115,4616,-4.0
864691136389008656,864691135396580129,3432,
864691135888527753,864691135888527753,3512,0.0
864691135081648887,864691135337730534,13364,-5.0
864691135462280861,864691135462280861,1576,0.0
864691135866387734,864691135739595412,10308,
864691136989989525,864691136989989525,31064,0.0
864691135566417348,864691135566417348,668,
864691136194515020,864691135715512858,6644,
864691135374063689,864691135396385057,10616,0.0
864691135337730534,864691135337730534,240,0.0
864691135809456588,864691135809456588,2920,0.0
864691136989989525,864691136989989525,780,0.0
864691136989989525,864691136989989525,656,0.0
864691135510482896,864691135510482896,200,0.0
864691135850495687,864691135542006212,6756,
864691135542006212,864691135542006212,532,
864691135323181212,864691135323181212,196,
864691136056331480,864691136056331480,356,0.0
864691136266440948,864691136266440948,240,0.0
864691136989989525,864691136989989525,352,0.0
864691135909761193,864691135909761193,204,0.0
864691136423071791,864691136423071791,3828,0.0
864691136989989525,864691136989989525,436,0.0
864691135740182891,864691135577983428,1144,
864691136266440948,864691136266440948,1856,0.0
864691135945379108,864691135945379108,280,0.0
864691136056364760,864691136056364760,164,0.0
864691136662432990,864691135542006212,3660,
864691136005145034,864691135531583940,4060,
864691135617798543,864691135617798543,1644,0.0
864691135740182891,864691135565237700,36372,
864691136118459416,864691136118459416,1700,0.0
864691135396580129,864691135396580129,164,
864691136951622879,864691136056331480,23292,1.0
864691135334607849,864691135873616782,10948,
864691136194515020,864691136194515020,192,0.0
864691135531583940,864691135531583940,168,
864691135739595412,864691135739595412,592,
864691136911879153,864691136266440948,13644,1.0
864691136618664589,864691136618664589,1056,0.0
864691135134699289,864691135134699289,304,
864691136194513996,864691136194513996,580,0.0
864691135181787138,864691135181787138,356,0.0
864691135952235811,864691135575132958,7020,-3.0
864691136266440948,864691136266440948,384,0.0
864691136618664589,864691136618664589,1844,0.0
864691136423071791,864691136423071791,488,0.0
864691136989989525,864691136989989525,1648,0.0
864691136812192115,864691136812192115,532,0.0
864691135739595412,864691135739595412,472,
864691135617798543,864691135617798543,1196,0.0
864691135748123528,864691135739595412,2020,
864691135799758946,864691135799758946,216,
864691135571235365,864691135571235365,496,
864691135909761193,864691135909761193,864,0.0
864691136662432990,864691135855890478,1644,
864691135809456588,864691135809456588,548,0.0
864691135531583940,864691135531583940,464,
864691135625188675,864691135462280861,3472,
864691135888527753,864691135888527753,292,0.0
864691135396580129,864691135531583940,6692,
864691135542006212,864691135542006212,724,
864691135118023901,864691135991483329,508,
864691135571267365,864691135571267365,508,0.0
864691135213001528,864691135323181212,12316,
864691135909761193,864691135909761193,1300,0.0
864691136194417228,864691136194417228,204,0.0
864691135097770704,864691135097770704,7336,
864691135724597419,864691135256137903,15540,
864691135569234822,864691135569234822,476,0.0
864691135888527753,864691135888527753,2184,0.0
864691136194382550,864691136194382550,312,
864691136925339722,864691136925339722,26724,0.0
864691135396580129,864691135396580129,260,
864691135888527753,864691135888527753,168,0.0
864691136390368127,864691136390368127,404,0.0
864691135571235365,864691135571235365,484,
864691136682790774,864691136682790774,752,0.0
864691135490591463,864691135490591463,600,
864691135855890478,864691135855890478,388,0.0
864691135771832395,864691135524506052,1896,
864691135771676491,864691135771676491,636,0.0
864691135809456588,864691135809456588,208,0.0
864691135730158265,864691135730158265,252,0.0
864691136209328060,864691135396580129,3460,
864691136020221432,864691136020221432,288,0.0
864691135531583940,864691135531583940,1140,
864691136989989525,864691136989989525,200,0.0
864691135534927556,864691135534927556,2816,
864691136989989525,864691136989989525,640,0.0
864691136925339722,864691136925339722,7608,0.0
864691135502060725,864691135502060725,568,0.0
864691136194253526,864691136194253526,7376,0.0
864691135323181212,864691135323181212,236,
864691136989989525,864691136989989525,1400,0.0
864691135888527753,864691135888527753,268,0.0
864691136237473596,864691136237473596,212,0.0
864691136925339722,864691136925339722,15380,0.0
864691136292063716,864691136292063716,244,0.0
864691135807311389,864691136056331480,2476,
864691135715512858,864691135715512858,1156,
864691135097770704,864691135097770704,1428,
864691135946646113,864691136266440948,13560,2.0
864691135502062261,864691135502062261,1620,
864691136925339722,864691136925339722,212,0.0
864691136056364760,864691136056364760,492,0.0
864691135394616306,864691135888527753,3556,
864691135396580129,864691135396580129,1068,
864691135953985800,864691135945379108,7776,14.0
864691135771676491,864691135771676491,240,0.0
864691136194081494,864691136989989525,5528,-1.0
864691135739595412,864691135739595412,288,
864691135771676491,864691135771676491,356,0.0
864691135799758946,864691135799758946,160,
864691135575132958,864691136292063716,232,-4.0
864691135396580129,864691135396580129,232,
864691136989989525,864691136989989525,824,0.0
864691135396580129,864691135396580129,848,
864691135715512858,864691135715512858,776,
864691135385185365,864691135462280861,5952,
864691135617798543,864691135617798543,14672,0.0
864691135534927556,864691135534927556,348,
864691135617798543,864691135617798543,256,0.0
864691135490591463,864691135888527753,7964,
864691135396580129,864691135396580129,696,
864691135739595412,864691135739595412,600,
864691135855791662,864691135855791662,1420,
864691135403733998,864691136194382550,1668,
864691135841307619,864691135841307619,212,
864691135385185365,864691135462280861,2604,
864691135490591463,864691135490591463,1532,
864691136682790774,864691136682790774,280,0.0
864691135577983428,864691135577983428,1012,0.0
864691135571235365,864691135571235365,728,
864691135445635730,864691135445635730,264,
864691135394616306,864691135256137903,2292,
864691135974661231,864691135396580129,3720,
864691135945379108,864691135945379108,2100,0.0
864691135502062261,864691135502062261,408,
864691135841325283,864691135490591463,4580,
864691136266440948,864691136266440948,304,0.0
864691136812192115,864691136812192115,804,0.0
864691135396580129,864691135396580129,256,
864691135562749380,864691135865491333,5200,
864691135396383265,864691135510482896,4728,
864691136091198388,864691135617798543,12968,-13.0
864691135490591463,864691135490591463,1188,
864691135865491333,864691135865491333,580,
864691135531583940,864691135531583940,216,
864691136286569667,864691135531583940,4640,
864691135502062261,864691135502062261,2868,
864691135945379108,864691135945379108,2324,0.0
864691135531583940,864691135531583940,472,
864691135571267365,864691135571267365,680,0.0
864691135715512858,864691135715512858,740,
864691135134699289,864691135134699289,668,
864691136989989525,864691136989989525,292,0.0
864691135396580129,864691135915167846,8004,
864691136039701502,864691135542006212,9012,
864691135855890478,864691135855890478,516,0.0
864691135809426636,864691135565237700,2808,
864691136056364760,864691136056364760,4096,0.0
864691135490940135,864691135396580129,9448,
864691136925339722,864691136925339722,3576,0.0
864691136723488878,864691136723488878,2836,0.0
864691135396580129,864691135396580129,2036,
864691135617798543,864691135617798543,276,0.0
864691135841325283,864691135566417348,536,
864691135134699289,864691135134699289,176,
864691135571235365,864691135571235365,304,
864691135256137903,864691135256137903,560,0.0
864691136723309309,864691135571235365,5692,
864691135873616782,864691135873616782,172,0.0
864691135952235811,864691136292063716,15352,-7.0
864691135396580129,864691135771676491,4596,
864691136618664589,864691136618664589,9476,0.0
864691135991483329,864691135855890478,160,-4.0
864691135544411432,864691136194382550,3528,
864691135433762802,864691135396580129,2980,
864691135571235365,864691135571235365,244,
864691135575132958,864691135575132958,688,0.0
864691135991483329,864691135991483329,2892,0.0
864691135617798543,864691135617798543,352,0.0
864691135382495962,864691136145003159,1836,
864691136194253526,864691136194253526,260,0.0
864691135334607849,864691135256137903,4672,
864691135809456588,864691135809456588,1876,0.0
864691135945379108,864691135945379108,6220,0.0
864691136292063716,864691136292063716,1164,0.0
864691136039407102,864691136145003159,3148,-1.0
864691135474646592,864691136194253526,4616,
864691135585422716,864691135585422716,436,0.0
864691135531583940,864691135531583940,596,
864691135396580129,864691135396580129,588,
864691135569234822,864691135569234822,600,0.0
864691135855890478,864691135855890478,1780,0.0
864691135974661231,864691135524506052,2308,
864691135396383265,864691135396383265,1352,
864691135081703927,864691135991483329,708,
864691135644662767,864691135337696486,188,
864691136123798566,864691135524506052,6952,
864691136422825519,864691136925339722,2796,-14.0
864691135502060725,864691135502060725,2024,0.0
864691135577983428,864691135577983428,7164,0.0
864691135516204243,864691135181787138,1124,-1.0
864691136707398518,864691136707398518,200,
864691135662881220,864691135739595412,6164,
864691135945379108,864691135945379108,10360,0.0
864691135945379108,864691135945379108,18236,0.0
864691136237451836,864691135542006212,4648,
864691135542006212,864691135542006212,1460,
864691135841325283,864691135396580129,6220,
864691136194515020,864691136194515020,168,0.0
864691135531583940,864691135531583940,396,
864691135855791662,864691135855791662,1096,
864691135134699289,864691135134699289,308,
864691137019596142,864691136236686095,1100,12.0
864691135888527753,864691135888527753,1256,0.0
864691136707398518,864691136707398518,1780,
864691136123798566,864691135524506052,8360,
864691135571479589,864691135256137903,13316,1.0
864691135577983428,864691135577983428,1900,0.0
864691135915167846,864691135915167846,848,0.0
864691135974661231,864691135396580129,4576,
864691135396580129,864691135396580129,556,
864691136273626381,864691135490591463,3420,
864691136266440948,864691136266440948,756,0.0
864691136617105883,864691135566417348,5400,
864691135531583940,864691135531583940,956,
864691135490940135,864691135396580129,5128,
864691136056331480,864691136056331480,256,0.0
864691136812660334,864691135531583940,4936,
864691136194253526,864691136194253526,7740,0.0
864691135323181212,864691135323181212,184,
864691135866410006,864691136020221432,9004,11.0
864691135865491333,864691135865491333,272,
864691136989989525,864691136989989525,424,0.0
864691136390368127,864691136390368127,224,0.0
864691135565237700,864691135565237700,1692,0.0
864691135569234822,864691135569234822,352,0.0
864691136008556718,864691136008556718,520,0.0
864691135396580129,864691135396580129,388,
864691136812192115,864691136812192115,900,0.0
864691136812192115,864691136812192115,168,0.0
864691135577983428,864691135577983428,392,0.0
864691136056331480,864691136056331480,176,0.0
864691136237473596,864691136237473596,1232,0.0
864691135761549622,864691136056364760,11256,-3.0
864691136056331480,864691136056331480,420,0.0
864691136266440948,864691136266440948,592,0.0
864691135771676491,864691135771676491,528,0.0
864691136266440948,864691136266440948,268,0.0
864691135396580129,864691135396580129,180,
864691135462675101,864691135462675101,1092,0.0
864691135122603047,864691135524506052,8464,
864691136145003159,864691136145003159,512,0.0
864691135210423744,864691136922717668,8904,6.0
864691135617798543,864691135617798543,184,0.0
864691135490940135,864691135396580129,13312,
864691135585436284,864691135542006212,1112,
864691136056331480,864691136056331480,324,0.0
864691135490591463,864691135490591463,1052,
864691136194515020,864691136194515020,352,0.0
864691136618664589,864691136618664589,196,0.0
864691135181787138,864691135181787138,280,0.0
864691136266440948,864691136266440948,632,0.0
864691135994550698,864691135909761193,1496,12.0
864691135490591463,864691135490591463,188,
864691136056331480,864691136056331480,524,0.0
864691136989989525,864691136989989525,608,0.0
864691136989989525,864691136989989525,232,0.0
864691135730158265,864691135730158265,164,0.0
864691135888527753,864691135888527753,1436,0.0
864691136118459416,864691136118459416,1036,0.0
864691136118459416,864691136194417228,5200,-8.0
864691135715512858,864691135715512858,520,
864691135739590804,864691135081648887,776,6.0
864691136989989525,864691136989989525,436,0.0
864691135855791662,864691135855791662,1128,
864691135566417348,864691135566417348,444,
864691136194515020,864691136194515020,348,0.0
864691136292063716,864691136292063716,200,0.0
864691135865491333,864691135865491333,656,
864691135396580129,864691135396580129,204,
864691136423071791,864691136423071791,200,0.0
864691135476370600,864691135476370600,1280,0.0
864691135748123528,864691136682790774,2464,
864691135132848544,864691135396580129,4068,
864691135396580129,864691135396580129,160,
864691136973672732,864691136973672732,276,0.0
864691135490591463,864691135396383265,1380,
864691136237451836,864691135542006212,3644,
864691135396580129,864691135396580129,620,
864691136194382550,864691136194382550,164,
864691135915167846,864691135915167846,212,0.0
864691136266440948,864691136266440948,228,0.0
864691135566417348,864691135566417348,3364,
864691136296737819,864691136008556718,3848,-8.0
864691135571235365,864691135571235365,348,
864691136056331480,864691136056331480,432,0.0
864691135081648887,864691135081648887,1924,0.0
864691135888527753,864691135888527753,716,0.0
864691136145003159,864691136145003159,1308,0.0
864691135617798543,864691135617798543,160,0.0
864691136730652022,864691136812192115,21244,
864691136989989525,864691136989989525,516,0.0
864691136288741271,864691135134699289,5328,
864691135888527753,864691135888527753,696,0.0
864691135433762802,864691135396580129,2572,
864691136286569667,864691136194253526,3780,-1.0
864691135855791662,864691135855791662,520,
864691136194382550,864691136194382550,724,
864691135683630322,864691135445635730,168,
864691135531583940,864691135531583940,248,
864691136194253526,864691136194253526,596,0.0
864691137197332033,864691135855890478,2120,
864691136194253526,864691136194253526,9856,0.0
864691135577983428,864691135577983428,348,0.0
864691136973672732,864691136973672732,316,0.0
864691136989989525,864691136989989525,2696,0.0
864691135394616306,864691135577983428,844,
864691136194253526,864691136194253526,344,0.0
864691135531583940,864691135531583940,320,
864691136973672732,864691136973672732,408,0.0
864691135753626061,864691135396385057,1768,0.0
864691136989989525,864691136989989525,884,0.0
864691135396385057,864691135396385057,660,0.0
864691135617798543,864691135617798543,336,0.0
864691135569234822,864691135569234822,320,0.0
864691136023814201,864691135396580129,3076,
864691136618664589,864691136618664589,728,0.0
864691136005145034,864691135566417348,18304,
864691135516139731,864691135337730534,344,-3.0
864691135873616782,864691135873616782,192,0.0
864691135571235365,864691135571235365,2548,
864691135396580129,864691135771676491,2500,
864691135989890952,864691135462675101,212,
864691135617798543,864691135617798543,452,0.0
864691136056331480,864691136056331480,208,0.0
864691135855890478,864691135855890478,5924,0.0
864691136227267921,864691135739595412,3464,
864691135945379108,864691135945379108,1720,0.0
864691135855791662,864691135855791662,1180,
864691136008724652,864691135855890478,1096,-3.0
864691135644662767,864691135337696486,5156,
864691136056331480,864691136056331480,1372,0.0
864691135476370600,864691135476370600,236,0.0
864691135396580129,864691135396580129,204,
864691135462675101,864691135462675101,192,0.0
864691135873616782,864691135873616782,776,0.0
864691136662432990,864691136618664589,4452,
864691135617798543,864691135617798543,480,0.0
864691135307361094,864691136008556718,308,-1.0
864691135293060620,864691135531583940,5104,
864691135256137903,864691135256137903,1348,0.0
864691136618664589,864691136618664589,264,0.0
864691136266440948,864691136266440948,324,0.0
864691136662432990,864691135855791662,3744,
864691135396383265,864691135531583940,4300,
864691135730158265,864691135730158265,396,0.0
864691136601960657,864691135739595412,2980,
864691135841325283,864691135531583940,6844,
864691135841307619,864691135841307619,1732,
864691136056364760,864691136056364760,984,0.0
864691135577983428,864691135577983428,180,0.0
864691135531583940,864691135531583940,196,
864691135490940135,864691135855791662,5876,
864691136482918444,864691135534927556,3244,
864691136266440948,864691136266440948,496,0.0
864691136682790774,864691136682790774,1744,0.0
864691135334607849,864691135396385057,2716,
864691135945379108,864691135945379108,196,0.0
864691135945379108,864691135945379108,204,0.0
864691136266440948,864691136266440948,720,0.0
864691135569234822,864691135569234822,2748,0.0
864691135571267365,864691135571267365,456,0.0
864691136423071791,864691136423071791,260,0.0
864691135531583940,864691135531583940,1236,
864691135490591463,864691135490591463,1208,
864691136194253526,864691136194253526,1092,0.0
864691135615759977,864691135571267365,3292,
864691135945379108,864691135945379108,7120,0.0
864691136004947658,864691135909761193,17220,6.0
864691135155894884,864691135323181212,9812,
864691136004947658,864691135909761193,19292,6.0
864691135945379108,864691135945379108,644,0.0
864691135937185284,864691135909761193,15996,11.0
864691135396383265,864691135396383265,368,
864691135945478692,864691135945478692,332,0.0
864691135474646592,864691136194253526,8100,
864691136482907692,864691136118459416,15936,4.0
864691136922717668,864691136922717668,428,0.0
864691135524506052,864691135524506052,368,
864691136194515020,864691136194515020,632,0.0
864691135394616306,864691135873616782,2208,
864691135490591463,864691135396383265,14988,
864691136194513996,864691136194513996,320,0.0
864691136389008656,864691136812192115,4184,-1.0
864691136194417228,864691136194417228,228,0.0
864691135394616306,864691135873616782,3244,
864691136004947658,864691136031722939,1212,-1.0
864691136662432990,864691136194513996,3904,
864691135396580129,864691135396580129,1184,
864691135739595412,864691135739595412,244,
864691135396385057,864691135396385057,5564,0.0
864691135945379108,864691135945379108,1988,0.0
864691135571267365,864691135571267365,1252,0.0
864691135516139731,864691135571235365,10072,
864691136618390413,864691135566417348,6700,
864691135134699289,864691135134699289,308,
864691136023889209,864691135531583940,3140,
864691136707398518,864691136707398518,10604,
864691135531583940,864691135531583940,5492,
864691136361497570,864691136008556718,4384,-5.0
864691136118459416,864691136118459416,200,0.0
864691136237473596,864691136237473596,176,0.0
864691136010954659,864691135617798543,14340,
864691135644662767,864691135337696486,1444,
864691135531583940,864691135531583940,592,
864691136707398518,864691136707398518,280,
864691135531583940,864691135531583940,1196,
864691136145003159,864691136145003159,208,0.0
864691136194253526,864691136194253526,452,0.0
864691135575132958,864691135575132958,180,0.0
864691135565237700,864691135565237700,324,0.0
864691135396383265,864691135396383265,488,
864691136423071791,864691136423071791,196,0.0
864691136617105883,864691135566417348,9044,
864691135569234822,864691135569234822,2448,0.0
864691135097770704,864691135097770704,160,
864691135809426636,864691135396383265,2712,
864691136039701502,864691135542006212,1552,
864691135531583940,864691135531583940,1984,
864691135771832395,864691135915167846,15588,
864691136024237881,864691135915167846,584,-3.0
864691135739595412,864691135739595412,212,
864691135462675101,864691135462675101,520,0.0
864691135888527753,864691135888527753,876,0.0
864691135571235365,864691135571235365,1244,
864691136056331480,864691136056331480,728,0.0
864691135662881220,864691135571235365,5048,
864691135476370600,864691135476370600,296,0.0
864691135462280861,864691135462280861,160,0.0
864691136723555837,864691135841307619,6588,
864691136286569667,864691135809456588,4796,-8.0
864691136989989525,864691136989989525,2268,0.0
864691135566417348,864691135566417348,1536,
864691135396383265,864691135531583940,3372,
864691136740800092,864691135571235365,3548,
864691135396580129,864691135396580129,384,
864691135873616782,864691135873616782,1432,0.0
864691136194253526,864691136194253526,168,0.0
864691136004947658,864691135571235365,5848,
864691135571235365,864691135571235365,388,
864691135385284693,864691135134699289,752,
864691136209328060,864691135396580129,1400,
864691135396383265,864691135396383265,604,
864691136925339722,864691136925339722,3348,0.0
864691136925339722,864691136925339722,8256,0.0
864691136812192115,864691136008556718,3656,-6.0
864691135531583940,864691135531583940,212,
864691135542006212,864691135542006212,180,
864691135571235365,864691135571235365,532,
864691135531583940,864691135531583940,280,
864691136707398518,864691136707398518,556,
864691135476370600,864691135476370600,604,0.0
864691135502060725,864691135502060725,280,0.0
864691135715512858,864691135715512858,5204,
864691136118459416,864691136118459416,1040,0.0
864691136965838542,864691135771676491,588,10.0
864691136266440948,864691136266440948,1652,0.0
864691135394616306,864691135577983428,620,
864691135531583940,864691135531583940,344,
864691136123798566,864691135524506052,2460,
864691135385185365,864691135462280861,2952,
864691135841325283,864691135396580129,8464,
864691135855890478,864691135855890478,668,0.0
864691135502060725,864691135502060725,720,0.0
864691135531583940,864691135531583940,236,
864691136194515020,864691136194515020,1744,0.0
864691135571267365,864691135571267365,300,0.0
864691135864051838,864691136056331480,3380,-4.0
864691135571267365,864691135571267365,240,0.0
864691135396580129,864691135396580129,1324,
864691136389008656,864691135396580129,4052,
864691135524506052,864691135524506052,232,
864691136903003314,864691135510482896,3016,10.0
864691136423071791,864691136423071791,252,0.0
864691136266440948,864691136266440948,1192,0.0
864691135577983428,864691135577983428,228,0.0
864691135945379108,864691135945379108,1128,0.0
864691136925339722,864691136925339722,30596,0.0
864691135939423489,864691135531583940,16592,
864691135396385057,864691135396385057,344,0.0
864691135775789229,864691135510482896,11796,
864691136812192115,864691136812192115,320,0.0
864691135865491333,864691135865491333,280,
864691136989989525,864691136989989525,2344,0.0
864691135771832395,864691135524506052,1988,
864691135855791662,864691135855791662,304,
864691136389008656,864691135915167846,4136,-5.0
864691135855791662,864691135855791662,356,
864691135771676491,864691135771676491,1004,0.0
864691135323181212,864691135323181212,604,
864691135531583940,864691135531583940,540,
864691136989989525,864691136989989525,252,0.0
864691136907500142,864691135081648887,9064,5.0
864691135771832395,864691136056364760,3016,
864691135502062261,864691135502062261,628,
864691136292063716,864691136292063716,516,0.0
864691135181787138,864691135181787138,2612,0.0
864691135625188675,864691135799758946,580,
864691136989989525,864691136989989525,2800,0.0
864691135571267365,864691135571267365,468,0.0
864691135531583940,864691135531583940,488,
864691136056331480,864691136056331480,964,0.0
864691136812192115,864691136812192115,5436,0.0
864691135739595412,864691135739595412,168,
864691136812237171,864691135991483329,7988,-10.0
864691135855890478,864691135855890478,452,0.0
864691135909761193,864691135909761193,552,0.0
864691135809443532,864691135809456588,14768,-6.0
864691135181787138,864691135181787138,180,0.0
864691136145003159,864691136145003159,828,0.0
864691135501846365,864691135865491333,1528,
864691136989989525,864691136989989525,10840,0.0
864691136056331480,864691136056331480,272,0.0
864691135396580129,864691135396580129,816,
864691136039407102,864691136145003159,9692,-1.0
864691135579824068,864691135855791662,3740,
864691135396580129,864691135396580129,168,
864691135683929783,864691136812192115,5420,
864691135531583940,864691135531583940,192,
864691136682621814,864691135542006212,4644,
864691136292063716,864691136292063716,6292,0.0
864691135841307619,864691135841307619,532,
864691135575132958,864691135575132958,304,0.0
864691135571235365,864691135571235365,600,
864691136989989525,864691136989989525,2564,0.0
864691135396385057,864691135396385057,840,0.0
864691135617798543,864691135617798543,164,0.0
864691135865491333,864691135865491333,708,
864691136194382550,864691136194382550,972,
864691135888527753,864691135888527753,524,0.0
864691135385185365,864691135462280861,9104,
864691136662432990,864691136118459416,2888,
864691136236686095,864691136236686095,496,0.0
864691135864051838,864691135566417348,3276,
864691136423071791,864691136423071791,236,0.0
864691135501833821,864691136812192115,3012,-4.0
864691135945379108,864691135945379108,1068,0.0
864691135396383265,864691135396383265,624,
864691136266440948,864691136266440948,356,0.0
864691135724609707,864691135566417348,4668,
864691135181787138,864691135181787138,604,0.0
864691135542006212,864691135542006212,344,
864691135502062261,864691135502062261,652,
864691135491611231,864691135542006212,2692,
864691135544411432,864691136707398518,2184,
864691135888527753,864691135888527753,2936,0.0
864691136989989525,864691136989989525,892,0.0
864691135724609707,864691135566417348,9296,
864691136662432990,864691136194513996,1604,
864691136118459416,864691136118459416,372,0.0
864691135945379108,864691135945379108,192,0.0
864691135544411432,864691136194382550,10368,
864691135502060725,864691135502060725,17600,0.0
864691135323181212,864691135323181212,1024,
864691136145003159,864691136145003159,664,0.0
864691136662432990,864691135524506052,1316,
864691136008556718,864691136008556718,696,0.0
864691135490591463,864691135490591463,160,
864691135571235365,864691135571235365,316,
864691135782702387,864691135524506052,4280,
864691136292063716,864691136292063716,228,0.0
864691135617798543,864691135617798543,856,0.0
864691135097770704,864691135097770704,1340,
864691135134699289,864691135134699289,3968,
864691136286569667,864691135809456588,188,-8.0
864691135081648887,864691135081648887,168,0.0
864691136682790774,864691136682790774,212,0.0
864691135531583940,864691135531583940,544,
864691135181787138,864691135181787138,920,0.0
864691135502060725,864691135502060725,712,0.0
864691136423071791,864691136423071791,316,0.0
864691135730158265,864691135730158265,276,0.0
864691136194382550,864691136194382550,3552,
864691136682790774,864691136682790774,208,0.0
864691135782702387,864691135855791662,5400,
864691136707398518,864691136707398518,5776,
864691135855890478,864691135855890478,168,0.0
864691135841325283,864691135566417348,6288,
864691136309999450,864691135799758946,2716,
864691136194513996,864691136194513996,1268,0.0
864691136008556718,864691136008556718,324,0.0
864691136194513996,864691136194513996,672,0.0
864691135396383265,864691135396383265,272,
864691135396383265,864691135531583940,3984,
864691136266440948,864691136266440948,172,0.0
864691135575132958,864691135575132958,1700,0.0
864691136056331480,864691136056331480,172,0.0
864691135396383265,864691135396383265,224,
864691135081648887,864691135081648887,288,0.0
864691135855791662,864691135855791662,1200,
864691136273626381,864691135577983428,2436,6.0
864691136812192115,864691136812192115,492,0.0
864691136989989525,864691136989989525,448,0.0
864691136390368127,864691136390368127,344,0.0
864691135323181212,864691136925339722,244,
864691135396580129,864691135396580129,188,
864691136175353606,864691135462675101,6564,-8.0
864691136118459416,864691136118459416,440,0.0
864691136237473596,864691136237473596,568,0.0
864691136194513996,864691136194513996,1292,0.0
864691135394616306,864691135873616782,2296,
864691136989989525,864691136989989525,212,0.0
864691136707398518,864691136707398518,616,
864691135134699289,864691135134699289,392,
864691136390368127,864691136390368127,5564,0.0
864691135739595412,864691135739595412,548,
864691135569234822,864691135569234822,444,0.0
864691135771832395,864691135510482896,4944,
864691135692784063,864691135462675101,4808,-9.0
864691135490591463,864691135888527753,13580,
864691136008724652,864691135855890478,14500,-3.0
864691136008556718,864691136008556718,344,0.0
864691135462280861,864691135462280861,460,0.0
864691136266440948,864691136266440948,236,0.0
864691135855890478,864691135855890478,176,0.0
864691135945379108,864691135945379108,6692,0.0
864691135724597419,864691136423071791,6628,
864691135855791662,864691135855791662,456,
864691135396580129,864691135396580129,868,
864691135683929783,864691136812192115,3744,
864691135855890478,864691135855890478,1596,0.0
864691136008556718,864691136008556718,324,0.0
864691136020221432,864691136020221432,284,0.0
864691135334607849,864691136194417228,1900,
864691135865491333,864691135865491333,160,
864691135683957943,864691135524506052,8444,
864691135683630322,864691135445635730,824,
864691136707398518,864691136707398518,1464,
864691135683929783,864691136812192115,2768,
864691135393949941,864691135256137903,188,-2.0
864691136194513996,864691136194513996,816,0.0
864691135531583940,864691135531583940,1728,
864691135991483329,864691135991483329,832,0.0
864691136521842321,864691136989989525,4028,6.0
864691136004947658,864691135909761193,12912,6.0
864691136237451836,864691135542006212,2744,
864691135771676491,864691135771676491,356,0.0
864691135122603047,864691135524506052,1696,
864691135396580129,864691135396580129,160,
864691135888527753,864691135888527753,3316,0.0
864691135490591463,864691135490591463,1388,
864691136273646861,864691135577983428,688,5.0
864691136310044506,864691135524506052,5724,
864691135393949941,864691135323181212,2604,
864691135081648887,864691136812192115,22072,-2.0
864691135210073024,864691135739595412,3552,
864691135799758946,864691135739595412,8944,
864691136618664589,864691136618664589,452,0.0
864691136020274168,864691135531583940,6716,
864691136292063716,864691136292063716,2156,0.0
864691135617798543,864691135617798543,2412,0.0
864691135542006212,864691135542006212,308,
864691135181787138,864691135181787138,464,0.0
864691135945379108,864691135945379108,10892,0.0
864691135396385057,864691135396385057,180,0.0
864691136237473596,864691136237473596,680,0.0
864691135873616782,864691135873616782,760,0.0
864691136973672732,864691136973672732,264,0.0
864691135122603047,864691135524506052,2192,
864691135334607849,864691136423071791,280,
864691136209328060,864691135855791662,6080,
864691135945379108,864691135945379108,672,0.0
864691135081648887,864691135081648887,508,0.0
864691135730158265,864691135730158265,480,0.0
864691135915167846,864691135915167846,500,0.0
864691135771676491,864691135771676491,628,0.0
864691135081648887,864691135081648887,828,0.0
864691135210073024,864691135739595412,7864,
864691136056364760,864691136056364760,2476,0.0
864691135396580129,864691135396580129,312,
864691135462675101,864691135462675101,1124,0.0
864691135181787138,864691135181787138,740,0.0
864691135394616306,864691135888527753,3416,
864691136618664589,864691136618664589,192,0.0
864691135454079850,864691135888527753,11564,6.0
864691136056331480,864691136056331480,5340,0.0
864691135274403301,864691135396580129,5484,
864691136266440948,864691136266440948,352,0.0
864691136056331480,864691136056331480,4052,0.0
864691135855791662,864691135855791662,184,
864691135531583940,864691135531583940,792,
864691136989989525,864691136989989525,1804,0.0
864691135855791662,864691135855791662,264,
864691135531583940,864691135531583940,2016,
864691135945379108,864691135945379108,232,0.0
864691136194417228,864691136194417228,400,0.0
864691136989989525,864691136989989525,1840,0.0
864691135715512858,864691135715512858,1456,
864691135888527753,864691135888527753,360,0.0
864691135571235365,864691135571235365,1396,
864691135490591463,864691135577983428,16548,
864691135683929783,864691135873616782,27076,
864691135715512858,864691135715512858,208,
864691136812192115,864691136812192115,540,0.0
864691135585422716,864691135585422716,1028,0.0
864691135866373398,864691135855791662,9236,
864691136812237171,864691135945379108,15524,0.0
864691135490940135,864691135524506052,3332,
864691135490940135,864691136194513996,1276,
864691135617798543,864691135617798543,160,0.0
864691135577983428,864691135577983428,936,0.0
864691136617105883,864691135566417348,5452,
864691135571235365,864691135571235365,520,
864691135866369046,864691136056331480,10340,-7.0
864691136723371261,864691136989989525,996,
864691135739595412,864691135739595412,248,
864691135945379108,864691135945379108,1548,0.0
864691135490940135,864691136812192115,464,
864691135415498682,864691136973672732,6768,
864691136286569667,864691135571235365,6260,
864691136388267639,864691136423071791,2668,-3.0
864691135771832395,864691136194513996,4048,
864691135809426636,864691135565237700,816,
864691135462675101,864691135462675101,672,0.0
864691135566417348,864691135566417348,896,
864691136989989525,864691136989989525,164,0.0
864691135945379108,864691135945379108,5256,0.0
864691135615759977,864691135715512858,16436,
864691136662432990,864691136194382550,4016,
864691136194253526,864691136194253526,6524,0.0
864691136023889209,864691135524506052,1932,
864691135775793837,864691136423071791,568,
864691136123798566,864691135524506052,2284,
864691135888527753,864691135888527753,2260,0.0
864691136989989525,864691136989989525,456,0.0
864691135945379108,864691135945379108,916,0.0
864691135575132958,864691135575132958,324,0.0
864691135991483329,864691135991483329,500,0.0
864691135730158265,864691135730158265,168,0.0
864691135531583940,864691135531583940,164,
864691136812237171,864691135855890478,2856,-14.0
864691135571235365,864691135571235365,2180,
864691135181787138,864691135181787138,440,0.0
864691136118459416,864691136118459416,176,0.0
864691135524506052,864691135524506052,512,
864691135394616306,864691135462675101,3712,
864691135809456588,864691135809456588,712,0.0
864691136056331480,864691136056331480,184,0.0
864691136812192115,864691136812192115,176,0.0
864691136118659608,864691135531583940,14272,
864691135571267365,864691135571267365,172,0.0
864691135771832395,864691135577983428,2044,
864691136989989525,864691136989989525,596,0.0
864691136812192115,864691136812192115,176,0.0
864691136911879153,864691136266440948,6616,1.0
864691136922717668,864691136922717668,1752,0.0
864691135571235365,864691135571235365,2664,
864691135334607849,864691135256137903,1772,
864691136237473596,864691136237473596,456,0.0
864691136390368127,864691136390368127,476,0.0
864691135542006212,864691135542006212,220,
864691135730158265,864691135730158265,1756,0.0
864691135524506052,864691135524506052,240,
864691136008556718,864691136008556718,656,0.0
864691135617798543,864691135617798543,188,0.0
864691135730158265,864691135730158265,268,0.0
864691136145003159,864691136145003159,160,0.0
864691136194253526,864691136194253526,12832,0.0
864691135542006212,864691135542006212,668,
864691135396580129,864691135396580129,192,
864691135571235365,864691135571235365,320,
864691135134699289,864691135134699289,356,
864691135396580129,864691135396580129,576,
864691136056331480,864691136056331480,364,0.0
864691135730105529,864691135542006212,6316,
864691135256137903,864691135256137903,464,0.0
864691136989989525,864691136989989525,212,0.0
864691135771832395,864691135809456588,8236,
864691135544411432,864691136707398518,12056,
864691136194417228,864691136194417228,184,0.0
864691136266440948,864691136266440948,324,0.0
864691135385185365,864691135081648887,3188,
864691135502062261,864691135502062261,896,
864691135566417348,864691135566417348,376,
864691135396383265,864691135396383265,636,
864691135571235365,864691135571235365,1140,
864691136118659608,864691135531583940,7392,
864691136989989525,864691136989989525,1264,0.0
864691135531583940,864691135531583940,304,
864691135081648887,864691135081648887,1876,0.0
864691135476370600,864691135476370600,268,0.0
864691135502060725,864691135502060725,548,0.0
864691135945952036,864691135462675101,12140,0.0
864691135524506052,864691135524506052,196,
864691136292063716,864691136292063716,228,0.0
864691136194417228,864691136194417228,1652,0.0
864691135841307619,864691135841307619,1152,
864691136118459416,864691136118459416,500,0.0
864691135490591463,864691135490591463,6880,
864691135577983428,864691135577983428,176,0.0
864691135841325283,864691135566417348,4028,
864691135609756935,864691135524506052,4140,
864691136388589943,864691135771676491,15460,7.0
864691135531583940,864691135531583940,356,
864691135502062261,864691135502062261,5704,
864691136194513996,864691136194513996,196,0.0
864691135566417348,864691135566417348,584,
864691136925339722,864691136925339722,416,0.0
864691136194417228,864691136194417228,168,0.0
864691135334607849,864691135396385057,2168,
864691135739595412,864691135739595412,1412,
864691135531583940,864691135531583940,1088,
864691135737076100,864691135799758946,6340,
864691136989989525,864691136989989525,1448,0.0
864691135945478692,864691135945478692,884,0.0
864691135396580129,864691135396580129,888,
864691136031722939,864691136031722939,1364,0.0
864691135462675101,864691135490591463,1516,
864691135855890478,864691135502062261,6348,
864691135502062261,864691135502062261,1956,
864691135945379108,864691135945379108,432,0.0
864691136209328060,864691135396580129,1168,
864691136989989525,864691136989989525,1276,0.0
864691135991483329,864691135991483329,1028,0.0
864691135951958819,864691136056331480,3716,1.0
864691135502062261,864691135502062261,2092,
864691135334607849,864691135873616782,5996,
864691135739595412,864691135739595412,220,
864691136390368127,864691136390368127,1488,0.0
864691136194382550,864691136194382550,452,
864691135081648887,864691135081648887,4860,0.0
864691135396580129,864691135396580129,312,
864691135528704964,864691136973672732,9964,1.0
864691135989890952,864691135566417348,10000,
864691136091198388,864691135617798543,22724,-13.0
864691135122603047,864691135524506052,1108,
864691135855791662,864691135855791662,780,
864691136682790774,864691136682790774,2484,0.0
864691135888632713,864691135566417348,3780,
864691135210435520,864691135571235365,4788,
864691135181787138,864691135181787138,940,0.0
864691135531583940,864691135531583940,432,
864691135945379108,864691135945379108,4828,0.0
864691135396385057,864691135396385057,244,0.0
864691135394616306,864691135462280861,1712,
864691136236686095,864691136236686095,200,0.0
864691135490591463,864691135490591463,612,
864691135502062261,864691135502062261,384,
864691135753626061,864691135396385057,4156,0.0
864691135337730534,864691135337730534,2324,0.0
864691136145003159,864691136145003159,160,0.0
864691136922717668,864691136922717668,244,0.0
864691135538095218,864691135739595412,4004,
864691136973672732,864691136973672732,1376,0.0
864691135134699289,864691135134699289,240,
864691136194513996,864691136194513996,240,0.0
864691136989989525,864691136989989525,180,0.0
864691135754536914,864691135396580129,9284,
864691135510482896,864691135510482896,220,0.0
864691136707398518,864691136707398518,1912,
864691136194382550,864691136194382550,308,
864691136145003159,864691136145003159,672,0.0
864691135873616782,864691135873616782,372,0.0
864691135476110504,864691136618664589,2008,-1.0
864691135396383265,864691135396383265,200,
864691135841325283,864691135566417348,5276,
864691135771676491,864691135771676491,2576,0.0
864691135374063689,864691135915167846,6628,-3.0
864691136310044506,864691135524506052,9840,
864691136922732004,864691136682790774,7444,-1.0
864691135876326739,864691135739595412,6596,
864691135739595412,864691135739595412,236,
864691135396385057,864691135396385057,348,0.0
864691135748123528,864691135888527753,3040,
864691136118459416,864691136118459416,2816,0.0
864691136423071791,864691136423071791,14252,0.0
864691135888527753,864691135888527753,1512,0.0
864691135809426636,864691135565237700,3732,
864691135340956101,864691135855791662,1656,
864691136237473596,864691136237473596,264,0.0
864691136266440948,864691136266440948,540,0.0
864691135396580129,864691135396580129,796,
864691135213001528,864691135323181212,7732,
864691135531583940,864691135531583940,304,
864691135396580129,864691135396580129,956,
864691135571235365,864691135571235365,1000,
864691136056331480,864691136056331480,280,0.0
864691135396580129,864691136008556718,2948,
864691136925339722,864691136925339722,1852,0.0
864691136925339722,864691136925339722,568,0.0
864691135994766250,864691135256137903,2316,5.0
864691136237715516,864691135715512858,612,
864691136273626381,864691135490591463,8648,
864691135502062261,864691135502062261,260,
864691135841307619,864691135841307619,3712,
864691136925339722,864691136925339722,15440,0.0
864691135888527753,864691135888527753,1088,0.0
864691135462280861,864691135462280861,9808,0.0
864691136023889209,864691135566417348,8816,
864691135462747198,864691135571235365,3988,
864691135534927556,864691135534927556,1560,
864691136118637336,864691135396580129,9244,
864691136194515020,864691136194515020,328,0.0
864691135617798543,864691135617798543,2780,0.0
864691136039701502,864691135542006212,2912,
864691135809456588,864691135809456588,1512,0.0
864691136723488878,864691136723488878,600,0.0
864691135396580129,864691135396580129,428,
864691136989989525,864691136989989525,4152,0.0
864691135617798543,864691135617798543,552,0.0
864691135566417348,864691135566417348,844,
864691135730158265,864691135730158265,420,0.0
864691136118459416,864691136118459416,332,0.0
864691135865491333,864691135865491333,188,
864691135396383265,864691135565237700,11244,
864691135396383265,864691135396383265,172,
864691136812192115,864691136812192115,916,0.0
864691136004947658,864691136707398518,12636,
864691135569234822,864691135569234822,664,0.0
864691135396385057,864691136056364760,2640,0.0
864691135490940135,864691135396580129,9204,
864691135748123528,864691136707398518,6872,
864691135566417348,864691135566417348,984,
864691135542006212,864691135542006212,216,
864691136618664589,864691136618664589,1304,0.0
864691135569234822,864691135569234822,252,0.0
864691135134699289,864691135134699289,772,
864691135855791662,864691135855791662,676,
864691136740800092,864691135571235365,6440,
864691135181787138,864691135181787138,512,0.0
864691135799758946,864691135799758946,756,
864691136194253526,864691136194253526,652,0.0
864691136194417228,864691136194417228,360,0.0
864691135396383265,864691135396383265,3912,
864691135855890478,864691135855890478,684,0.0
864691136925339722,864691136925339722,700,0.0
864691136236686095,864691136236686095,180,0.0
864691135396385057,864691135396385057,256,0.0
864691135865491333,864691135865491333,444,
864691135134699289,864691135134699289,2444,
864691135081648887,864691135081648887,748,0.0
864691135566417348,864691135566417348,264,
864691135799758946,864691135799758946,272,
864691135945379108,864691135945379108,11364,0.0
864691135528704964,864691135715512858,13896,
864691136145003159,864691136145003159,612,0.0
864691135099839008,864691135569234822,464,-3.0
864691135502062261,864691135502062261,1772,
864691135683929783,864691136423071791,4608,
864691135502062261,864691135502062261,264,
864691135396580129,864691136020221432,4452,
864691136618664589,864691136618664589,34644,0.0
864691135396580129,864691136020221432,7156,
864691135323248540,864691135323248540,180,0.0
864691136105519577,864691136105519577,456,0.0
864691135939647142,864691135939647142,7104,0.0
864691136118659608,864691136118659608,5540,0.0
864691136951622111,864691136951622111,176,0.0
864691136065739416,864691136065739416,572,
864691135809492172,864691135809492172,1996,
864691135585130108,864691135585130108,744,0.0
864691135269691045,864691135683957943,19064,5.0
864691135809492172,864691135809492172,164,
864691136311794237,864691136311794237,388,
864691135385185365,864691135939647142,15628,
864691135526065755,864691135334553321,8732,-8.0
864691136105519577,864691136031759035,3232,0.0
864691135307095110,864691135355263183,1944,-6.0
864691136194081494,864691136134683787,15648,-1.0
864691135323248540,864691135323248540,384,0.0
864691136309695578,864691136309695578,204,0.0
864691135865953157,864691136378803413,10176,-5.0
864691135213001528,864691136065739416,5616,
864691135748123528,864691135334553321,5468,
864691135396580129,864691136309631322,784,
864691135683929783,864691136226956369,1560,
864691135771832395,864691136118659608,11064,
864691135866410006,864691135866410006,232,0.0
864691135491611231,864691135491611231,236,0.0
864691135415498682,864691135866410006,2296,
864691136309631322,864691136309631322,3760,0.0
864691135809426636,864691135809426636,4828,
864691135809492172,864691135809492172,184,
864691136209328060,864691136209328060,1216,0.0
864691136662410974,864691136662410974,3380,
864691135207727993,864691136105519577,3964,-3.0
864691136065739416,864691136065739416,172,
864691135807264285,864691135807264285,720,
864691136091198388,864691136091198388,176,0.0
864691135081703927,864691136723524349,11972,
864691136951622111,864691136951622111,956,0.0
864691135476110504,864691135476110504,840,0.0
864691137019557742,864691135334553321,7476,-6.0
864691135809492172,864691135809492172,160,
864691135334607849,864691135307095110,2064,
864691134884943610,864691134884943610,1368,
864691136845322212,864691136845322212,716,
864691135809492172,864691135809492172,252,
864691135683929783,864691135394616306,11408,
864691135207974521,864691136951622111,21620,2.0
864691135737076100,864691135737076100,240,
864691135864051838,864691135864051838,1684,0.0
864691136209328060,864691136209328060,244,0.0
864691136021568407,864691136021568407,204,
864691135686941408,864691135686941408,436,0.0
864691136105520089,864691136105520089,416,0.0
864691135737076100,864691135737076100,232,
864691135683630322,864691135683630322,692,
864691136309631322,864691136309631322,1048,0.0
864691135865953157,864691135865953157,352,0.0
864691136031759035,864691136031759035,2132,0.0
864691136662432990,864691136309631322,1712,
864691135683957943,864691135683957943,248,0.0
864691135415498682,864691136309631322,12332,
864691135394616306,864691136105520089,4316,
864691136105519577,864691136105519577,180,0.0
864691134884943610,864691134884943610,192,
864691135841375971,864691135841375971,184,
864691135974661231,864691135807264285,6388,
864691135866410006,864691135866410006,2476,0.0
864691136065739416,864691136065739416,1368,
864691136723524349,864691136723524349,1484,0.0
864691135609756935,864691135394616306,3424,
864691135864051838,864691135864051838,676,0.0
864691135683630322,864691135683630322,1236,
864691135855890478,864691135394616306,4552,
864691135748123528,864691136023795769,4352,
864691135807264285,864691135807264285,1604,
864691136105520089,864691136105520089,208,0.0
864691135807264285,864691135807264285,1184,
864691136065739416,864691136065739416,300,
864691135809426636,864691136020321784,896,
864691135939647142,864691135939647142,184,0.0
864691135809492172,864691135809492172,276,
864691136378803413,864691136378803413,372,0.0
864691135762028342,864691136031759035,1736,-4.0
864691135593551659,864691135593551659,560,0.0
864691135809426636,864691135809426636,792,
864691136723555837,864691136723555837,248,0.0
864691135463496261,864691135463496261,420,0.0
864691135725605695,864691135725605695,172,0.0
864691135683957943,864691135683957943,692,0.0
864691136662432990,864691136091198388,2472,
864691135865953157,864691135865953157,316,0.0
864691135809492172,864691135809492172,2632,
864691135396580129,864691136309631322,3340,
864691135968897381,864691135323248540,732,1.0
864691135585130108,864691135585130108,192,0.0
864691135323248540,864691135323248540,244,0.0
864691135683929783,864691135394616306,5896,
864691135385246037,864691135385246037,192,0.0
864691134884943610,864691134884943610,5420,
864691135585130108,864691135585130108,212,0.0
864691136105520089,864691136105520089,192,0.0
864691136134683787,864691136134683787,248,0.0
864691137196878913,864691136309695578,3244,
864691135355263439,864691135355263439,1404,0.0
864691135864051838,864691135864051838,1212,0.0
864691135866410006,864691135866410006,372,0.0
864691135334553321,864691135334553321,204,0.0
864691136023795769,864691136023795769,1044,0.0
864691136023795769,864691136023795769,760,0.0
864691135355263183,864691135355263183,312,0.0
864691135593551659,864691135593551659,216,0.0
864691135809492172,864691135809492172,212,
864691135809426636,864691135809426636,548,
864691136209328060,864691136209328060,1152,0.0
864691135593551659,864691135593551659,500,0.0
864691135771832395,864691136118659608,8872,
864691136309631322,864691136309631322,8104,0.0
864691135864051838,864691135864051838,188,0.0
864691136227284049,864691136227284049,1808,
864691135564667223,864691136021568407,756,
864691136105520089,864691136105520089,284,0.0
864691136065739416,864691136065739416,424,
864691136389008656,864691135686941408,4952,0.0
864691135725605695,864691135725605695,212,0.0
864691135491611231,864691135491611231,772,0.0
864691135809459916,864691135809459916,384,
864691135809426636,864691135809426636,932,
864691135360113223,864691135360113223,204,0.0
864691135593551659,864691135593551659,716,0.0
864691135207748217,864691135737076100,1724,
864691136378803413,864691136378803413,216,0.0
864691136209328060,864691136209328060,1180,0.0
864691135807264285,864691135807264285,1252,
864691135360113223,864691135360113223,208,0.0
864691135737076100,864691135737076100,172,
864691135585130108,864691135585130108,164,0.0
864691135737076100,864691135737076100,504,
864691135355263439,864691135355263439,332,0.0
864691135662881220,864691135334553321,6948,4.0
864691135562749380,864691135562749380,280,
864691135463496261,864691135463496261,244,0.0
864691136105519577,864691136105519577,916,0.0
864691135334553321,864691135334553321,360,0.0
864691135593551659,864691135593551659,320,0.0
864691135737076100,864691135737076100,1296,
864691136662410974,864691136662410974,408,
864691135394616306,864691136226956369,2916,
864691136388570640,864691136309631322,26408,9.0
864691136378803413,864691136378803413,816,0.0
864691135974661231,864691135394616306,3736,
864691136237510460,864691136378803413,2044,
864691135864051838,864691135864051838,268,0.0
864691136134683787,864691136134683787,172,0.0
864691135355263439,864691135355263439,304,0.0
864691135809492172,864691135809492172,180,
864691135753932237,864691135807264285,3724,
864691135683929783,864691136378803413,3388,
864691136309695578,864691136309695578,388,0.0
864691135809492172,864691135809492172,1456,
864691134917404682,864691136105520089,10192,
864691135436504562,864691136021568407,1044,
864691135809426636,864691135809426636,376,
864691135683957943,864691135683957943,180,0.0
864691135476110504,864691135476110504,160,0.0
864691135837373075,864691135939647142,12272,-9.0
864691135385246037,864691135385246037,396,0.0
864691135334553321,864691135334553321,492,0.0
864691136226956369,864691136226956369,804,0.0
864691136390418815,864691135355263439,3692,4.0
864691136951622111,864691136951622111,9292,0.0
864691135334553321,864691135334553321,796,0.0
864691135501833821,864691135501833821,336,0.0
864691135866410006,864691135866410006,780,0.0
864691136209328060,864691136209328060,1044,0.0
864691135683929783,864691135394616306,9504,
864691135355263439,864691135355263439,748,0.0
864691135644589295,864691135809426636,4748,
864691136311794237,864691136311794237,720,
864691135865557893,864691135865557893,500,0.0
864691136023795769,864691136023795769,236,0.0
864691135476110504,864691135476110504,216,0.0
864691135782690611,864691135360113223,7668,10.0
864691136118659608,864691136118659608,232,0.0
864691136951622111,864691136951622111,796,0.0
864691135809426636,864691135809426636,864,
864691135355263439,864691135355263439,596,0.0
864691136091198388,864691136091198388,344,0.0
864691135864051838,864691135864051838,316,0.0
864691136090926004,864691135865953157,1484,1.0
864691135562749380,864691135562749380,412,
864691136740800092,864691135807264285,7516,
864691136226956369,864691136226956369,22068,0.0
864691135809426636,864691136311794237,3672,
864691136378803413,864691136378803413,400,0.0
864691135866410006,864691135866410006,348,0.0
864691136309631322,864691136309631322,2456,0.0
864691136309695578,864691136309695578,2388,0.0
864691136286569667,864691136482907692,4184,-8.0
864691136311794237,864691136311794237,1356,
864691135560500449,864691135737076100,2412,
864691135866410006,864691135866410006,828,0.0
864691136023795769,864691136023795769,1748,0.0
864691135683929783,864691135394616306,4188,
864691135396580129,864691136309631322,3056,
864691136662432990,864691135394616306,7016,
864691135585130108,864691135585130108,900,0.0
864691136021568407,864691136021568407,868,
864691135866410006,864691135866410006,652,0.0
864691135385246037,864691135385246037,584,0.0
864691135939647142,864691135939647142,336,0.0
864691135807264285,864691135807264285,728,
864691135360113223,864691135360113223,1028,0.0
864691136209328060,864691136209328060,228,0.0
864691135307095110,864691135307095110,356,0.0
864691136389008656,864691135686941408,4476,0.0
864691135841375971,864691135841375971,528,
864691135476110504,864691135476110504,284,0.0
864691135360113223,864691135360113223,1352,0.0
864691135213001528,864691136065739416,4132,
864691134884943610,864691134884943610,288,
864691135445635730,864691135683630322,1044,
864691136286627011,864691136286627011,8552,0.0
864691135771832395,864691136118659608,4432,
864691136023795769,864691136023795769,484,0.0
864691137053825142,864691137053825142,868,0.0
864691135396385057,864691135807264285,2836,
864691136065739416,864691134884943610,4104,
864691135865557893,864691135865557893,2768,0.0
864691136309631322,864691136309631322,1784,0.0
864691136118659608,864691136118659608,520,0.0
864691135385246037,864691135385246037,180,0.0
864691135945468452,864691137053825142,23092,-1.0
864691135864051838,864691135864051838,160,0.0
864691135213001528,864691136065739416,7184,
864691136286627011,864691136286627011,1632,0.0
864691136286627011,864691136286627011,400,0.0
864691135807264285,864691135807264285,1448,
864691136951622111,864691136951622111,17024,0.0
864691135476110504,864691135476110504,1980,0.0
864691135866410006,864691135866410006,1392,0.0
864691136031759035,864691136031759035,248,0.0
864691135213001528,864691136065739416,368,
864691135334607849,864691135394616306,916,
864691135323248540,864691135323248540,1112,0.0
864691135809426636,864691135809426636,836,
864691135725605695,864691135725605695,524,0.0
864691134917404682,864691135939647142,3076,
864691136328913130,864691137053825142,2760,1.0
864691135809492172,864691135809492172,632,
864691135719217577,864691135719217577,2296,
864691136309631322,864691136309631322,208,0.0
864691135593551659,864691135593551659,184,0.0
864691136662432990,864691135864051838,2900,
864691135811242833,864691136091198388,8884,-2.0
864691136023795769,864691136023795769,256,0.0
864691136134683787,864691136134683787,232,0.0
864691136286627011,864691136286627011,708,0.0
864691136286627011,864691136286627011,800,0.0
864691135683929783,864691135394616306,4328,
864691135307095110,864691135307095110,568,0.0
864691135394616306,864691135394616306,468,
864691135686941408,864691135686941408,204,0.0
864691135562749380,864691135562749380,424,
864691135725605695,864691135725605695,256,0.0
864691135593523243,864691136378803413,3008,-13.0
864691135394616306,864691137053825142,18884,
864691136662410974,864691136662410974,336,
864691135909748393,864691136378803413,15648,-10.0
864691136118659608,864691136118659608,332,0.0
864691136723555837,864691136723555837,852,0.0
864691136482907692,864691135307095110,12456,6.0
864691135683630322,864691135683630322,448,
864691134884943610,864691134884943610,2444,
864691135683929783,864691136723524349,1768,
864691136923024868,864691135476110504,4548,-7.0
864691135359196248,864691135359196248,2272,
864691135571235877,864691135571235877,652,0.0
864691135807264285,864691135807264285,1204,
864691136105519577,864691136105519577,1616,0.0
864691135737076100,864691135737076100,608,
864691135516139731,864691135737076100,6444,
864691136021568407,864691136021568407,2208,
864691136031763387,864691135562749380,4848,
864691136378803413,864691136378803413,2368,0.0
864691136134683787,864691136134683787,192,0.0
864691135323248540,864691135323248540,856,0.0
864691136134683787,864691136134683787,276,0.0
864691135463496261,864691135463496261,188,0.0
864691136209328060,864691136209328060,184,0.0
864691135864051838,864691135864051838,472,0.0
864691135394616306,864691136226956369,3680,
864691135837373075,864691135865953157,12052,-9.0
864691136662410974,864691136662410974,552,
864691136023795769,864691136023795769,312,0.0
864691135394616306,864691136226956369,5348,
864691136309631322,864691136309631322,460,0.0
864691136730652022,864691135307095110,3808,
864691136105520089,864691136105520089,364,0.0
864691136023795769,864691136023795769,304,0.0
864691135207974521,864691136209328060,1144,2.0
864691136482918444,864691136065739416,956,
864691136065739416,864691136091198388,3808,
864691135864051838,864691135864051838,976,0.0
864691136226956369,864691136226956369,10544,0.0
864691135809426636,864691135809426636,464,
864691135864051838,864691135864051838,188,0.0
864691135445635730,864691135683630322,1756,
864691135118023901,864691135841375971,960,
864691137053825142,864691137053825142,288,0.0
864691135385185365,864691136105520089,3864,
864691135323248540,864691135323248540,176,0.0
864691135307095110,864691135307095110,348,0.0
864691136134683787,864691136134683787,172,0.0
864691135562749380,864691135562749380,168,
864691136031763387,864691135719217577,5076,
864691136286627011,864691136286627011,288,0.0
864691137053825142,864691137053825142,3592,0.0
864691135684358583,864691135394616306,2312,
864691135730158265,864691135807264285,5140,
864691135864051838,864691135864051838,220,0.0
864691135782690611,864691137053825142,18908,5.0
864691136951622111,864691136951622111,268,0.0
864691135307095110,864691135307095110,1196,0.0
864691136378803413,864691136378803413,840,0.0
864691135864051838,864691135864051838,2484,0.0
864691136209328060,864691136209328060,160,0.0
864691135334553321,864691135334553321,4428,0.0
864691135323181212,864691136309631322,3256,
864691135334553321,864691135334553321,264,0.0
864691136023795769,864691136023795769,2356,0.0
864691136311934269,864691136134683787,16356,-2.0
864691135807311389,864691136065739416,5804,
864691135809426636,864691136020321784,708,
864691135501549890,864691135323248540,4728,4.0
864691136740782428,864691137053825142,3220,
864691135737076100,864691135737076100,672,
864691135939647142,864691135939647142,3892,0.0
864691135866410006,864691135866410006,1480,0.0
864691135334553321,864691135334553321,1364,0.0
864691136023795769,864691136023795769,1324,0.0
864691135585163900,864691135585163900,1096,0.0
864691135730105529,864691136134683787,3092,-8.0
864691136020321784,864691136020321784,208,0.0
864691136286627011,864691136286627011,332,0.0
864691136641618806,864691135737076100,4084,
864691135396580129,864691136309631322,1300,
864691135809426636,864691135809426636,756,
864691136662410974,864691136662410974,4120,
864691135809492172,864691135809492172,176,
864691135307095110,864691135307095110,308,0.0
864691135355263183,864691135355263183,248,0.0
864691136740800092,864691135807264285,5764,
864691135394616306,864691136105520089,16352,
864691135683957943,864691135683957943,2276,0.0
864691135385185365,864691136105520089,4764,
864691135396383265,864691135491611231,2608,
864691135593551659,864691135593551659,208,0.0
864691136309631322,864691136309631322,168,0.0
864691135809426636,864691135809426636,184,
864691135683929783,864691136105520089,8844,
864691135396383265,864691136105519577,17544,
864691135122603047,864691135394616306,708,
864691135864051838,864691135864051838,232,0.0
864691135323248540,864691135323248540,1028,0.0
864691136134683787,864691136134683787,960,0.0
864691135355263183,864691135355263183,292,0.0
864691136286627011,864691136286627011,192,0.0
864691135385246037,864691135385246037,1552,0.0
864691136134683787,864691136134683787,320,0.0
864691135809492172,864691135809492172,224,
864691135528704964,864691135528704964,6612,0.0
864691136662410974,864691136662410974,400,
864691135644637935,864691135644637935,928,
864691136134683787,864691136134683787,2260,0.0
864691135585163900,864691135585163900,276,0.0
864691135809492172,864691135809492172,372,
864691135207974521,864691135385246037,1672,-3.0
864691135544411432,864691136118659608,8524,
864691135396580129,864691136209328060,1684,
864691135683929783,864691135394616306,4924,
864691136482907692,864691136482907692,276,0.0
864691135355263183,864691135355263183,1524,0.0
864691136031759035,864691136031759035,380,0.0
864691135571235877,864691135571235877,1760,0.0
864691135593551659,864691135593551659,168,0.0
864691135585163900,864691135585163900,232,0.0
864691136951622111,864691136951622111,184,0.0
864691136911879153,864691135737076100,5788,
864691135334607849,864691136105520089,7256,
864691135334607849,864691136105520089,908,
864691135809456588,864691135491611231,7920,5.0
864691135463496261,864691135463496261,384,0.0
864691135476110504,864691135476110504,232,0.0
864691135683957943,864691135683957943,1776,0.0
864691135415498426,864691136311794237,7180,
864691135364662770,864691136118659608,3020,
864691136118659608,864691136118659608,164,0.0
864691135686941408,864691135686941408,284,0.0
864691135737076100,864691135737076100,500,
864691135939423489,864691135307095110,7148,1.0
864691136020321784,864691136020321784,532,0.0
864691135683929783,864691135394616306,2096,
864691135593551659,864691135593551659,280,0.0
864691136237451836,864691135864051838,3856,3.0
864691135491611231,864691135491611231,184,0.0
864691136911879153,864691135737076100,3980,
864691134884943610,864691134884943610,1876,
864691135809492172,864691135809492172,356,
864691135952235811,864691136226956369,11384,-13.0
864691136226956369,864691136226956369,18192,0.0
864691135864051838,864691135864051838,364,0.0
864691135476110504,864691135476110504,320,0.0
864691136023822649,864691135528704964,4160,-10.0
864691135683957943,864691135683957943,512,0.0
864691135334607849,864691135394616306,4188,
864691136031759035,864691136031759035,548,0.0
864691135463496261,864691135463496261,220,0.0
864691135841375971,864691135841375971,1912,
864691135737076100,864691135737076100,720,
864691135122679335,864691136091198388,2560,5.0
864691135516139731,864691135737076100,5404,
864691135974441327,864691136311794237,3308,
864691135396580129,864691136378803413,3484,
864691135952235811,864691135385246037,11544,-5.0
864691136286627011,864691135476110504,9204,-7.0
864691136662410974,864691136662410974,4148,
864691136378803413,864691136378803413,280,0.0
864691136309631322,864691136309631322,352,0.0
864691136091198388,864691136091198388,1336,0.0
864691136105519577,864691136105519577,1504,0.0
864691136662432990,864691136309631322,988,
864691135538095218,864691135737076100,1192,
864691135864051838,864691135864051838,272,0.0
864691134884943610,864691134884943610,248,
864691135841375971,864691135841375971,596,
864691136023795769,864691136023795769,348,0.0
864691135394616306,864691135394616306,168,
864691136812192115,864691135865953157,29700,-1.0
864691135809426636,864691135809426636,432,
864691136482907692,864691136482907692,240,0.0
864691135593551659,864691135593551659,568,0.0
864691135866410006,864691135866410006,2028,0.0
864691135866410006,864691135866410006,328,0.0
864691136031763387,864691135719217577,984,
864691135848256350,864691135848256350,2684,
864691136031759035,864691136031759035,300,0.0
864691135463496261,864691135463496261,172,0.0
864691136309695578,864691136309695578,376,0.0
864691135585163900,864691135585163900,724,0.0
864691135939647142,864691135939647142,180,0.0
864691136309631322,864691136309631322,1112,0.0
864691136134683787,864691136134683787,596,0.0
864691136105520089,864691136105520089,4992,0.0
864691136209328060,864691136209328060,500,0.0
864691136422819887,864691135866410006,11256,0.0
864691134884943610,864691134884943610,2572,
864691135937185284,864691136105520089,26784,4.0
864691136309695578,864691136309695578,428,0.0
864691136226956369,864691136226956369,520,0.0
864691136951622111,864691136951622111,3048,0.0
864691135974785903,864691135585163900,21528,1.0
864691135864051838,864691135864051838,364,0.0
864691135725605695,864691135725605695,196,0.0
864691135501835842,864691136226956369,6708,
864691136286627011,864691136286627011,180,0.0
864691135394616306,864691135394616306,484,
864691135994577066,864691136951622111,9088,
864691135809492172,864691135809492172,1680,
864691136116154788,864691135366961657,8016,
864691136378803413,864691136378803413,772,0.0
864691135334607849,864691135865953157,6564,
864691136723555837,864691136723555837,1720,0.0
864691136031763387,864691135719217577,4812,
864691135593551659,864691135593551659,1488,0.0
864691135686941408,864691135686941408,324,0.0
864691136021568407,864691136021568407,184,
864691135213001528,864691136065739416,664,
864691136311794237,864691136311794237,392,
864691135918622128,864691135463496261,9200,-12.0
864691135385184341,864691135809492172,4540,
864691136091198388,864691136091198388,312,0.0
864691135359196248,864691135359196248,184,
864691135737076100,864691135737076100,528,
864691136209328060,864691136209328060,616,0.0
864691136065739416,864691136065739416,3464,
864691135683929783,864691135394616306,8964,
864691135848256350,864691135848256350,1616,
864691136134683787,864691136134683787,176,0.0
864691136309631322,864691136309631322,448,0.0
864691135118023901,864691135841375971,160,
864691135585163900,864691135585163900,1600,0.0
864691136105520089,864691136105520089,268,0.0
864691135771832395,864691136118659608,596,
864691135994549162,864691135355263183,4884,4.0
864691135683957943,864691135683957943,484,0.0
864691135359196248,864691135359196248,404,
864691135571235877,864691135571235877,224,0.0
864691136209328060,864691136209328060,756,0.0
864691136090926004,864691135865953157,18536,1.0
864691135307095110,864691135307095110,2360,0.0
864691136134683787,864691136134683787,1932,0.0
864691136482907692,864691136482907692,300,0.0
864691134917404682,864691135501833821,6876,
864691136723524349,864691136723524349,500,0.0
864691136105520089,864691136105520089,884,0.0
864691135323248540,864691135323248540,176,0.0
864691135865557893,864691135865557893,392,0.0
864691135724597419,864691136209328060,1880,
864691135864051838,864691135864051838,616,0.0
864691136266440948,864691135737076100,4164,
864691135771832395,864691136118659608,576,
864691137196878913,864691136286627011,2112,
864691135809426636,864691135809426636,1532,
864691135848256350,864691135848256350,820,
864691136209328060,864691136209328060,288,0.0
864691136091198388,864691136091198388,1064,0.0
864691135725605695,864691135725605695,1460,0.0
864691135809492172,864691135809492172,1408,
864691136008470700,864691135683630322,1648,
864691136021568407,864691136021568407,1080,
864691136031759035,864691136031759035,1468,0.0
864691135394616306,864691135394616306,164,
864691137196878913,864691136091198388,796,
864691136845322212,864691136845322212,208,
864691135394616306,864691135394616306,248,
864691136389008656,864691135686941408,9936,0.0
864691135809426636,864691136311794237,3964,
864691135754536914,864691136723524349,8456,0.0
864691135737076100,864691135737076100,164,
864691136091198388,864691136091198388,3596,0.0
864691135323248540,864691135323248540,1468,0.0
864691136105520089,864691136105520089,252,0.0
864691136065739416,864691136065739416,1896,
864691136907500142,864691136105520089,3056,3.0
864691135366961657,864691135366961657,356,
864691135809492172,864691135809492172,472,
864691136236709647,864691135334553321,352,1.0
864691135213001528,864691136065739416,5828,
864691135491611231,864691135491611231,164,0.0
864691136662432990,864691136309631322,11452,
864691136297086491,864691135807264285,6076,
864691135463496261,864691135463496261,160,0.0
864691135476110504,864691135476110504,212,0.0
864691134917404682,864691136105520089,3136,
864691136311934269,864691136134683787,10392,-2.0
864691136031759035,864691136031759035,1400,0.0
864691135614385867,864691136309631322,2508,9.0
864691135501833821,864691135501833821,784,0.0
864691135538095218,864691135737076100,6428,
864691136091198388,864691136091198388,312,0.0
864691136023889209,864691135809426636,1140,
864691136845322212,864691136845322212,164,
864691135644637935,864691135644637935,196,
864691136482907692,864691136482907692,164,0.0
864691135864051838,864691135864051838,536,0.0
864691135528704964,864691135528704964,968,0.0
864691135560492001,864691136951622111,13320,6.0
864691135360113223,864691135360113223,448,0.0
864691136105519577,864691136105519577,1816,0.0
864691135334553321,864691135334553321,376,0.0
864691136134683787,864691136134683787,1028,0.0
864691136105520089,864691136105520089,228,0.0
864691135686941408,864691135686941408,264,0.0
864691135809492172,864691135809492172,376,
864691135809492172,864691135809492172,184,
864691135528704964,864691135528704964,4296,0.0
864691136390418815,864691135725605695,12912,7.0
864691136105520089,864691136105520089,2552,0.0
864691135213001528,864691136065739416,3740,
864691135585163900,864691135585163900,1392,0.0
864691136226956369,864691136226956369,8116,0.0
864691136134683787,864691136134683787,2180,0.0
864691136662410974,864691136662410974,424,
864691135866410006,864691135866410006,300,0.0
864691135809459916,864691135809459916,868,
864691135571235877,864691135571235877,1128,0.0
864691136309631322,864691136309631322,212,0.0
864691135385185365,864691136105520089,6816,
864691136951622111,864691136951622111,480,0.0
864691135809492172,864691135809492172,180,
864691136021568407,864691136021568407,180,
864691136091198388,864691136091198388,336,0.0
864691135809492172,864691135809492172,576,
864691135866410006,864691135866410006,356,0.0
864691135476110504,864691135476110504,240,0.0
864691136309631322,864691136309631322,388,0.0
864691136105520089,864691136105520089,236,0.0
864691136226956369,864691136226956369,592,0.0
864691136226956369,864691136226956369,340,0.0
864691134917404682,864691135355263439,464,
864691136286627011,864691136286627011,696,0.0
864691136662410974,864691136662410974,620,
864691135213001528,864691136065739416,4136,
864691135463496261,864691135463496261,388,0.0
864691135692714687,864691135334553321,5984,-4.0
864691135385246037,864691135385246037,304,0.0
864691135491611231,864691135491611231,796,0.0
864691135307095110,864691135307095110,720,0.0
864691136143404852,864691136031759035,3936,-12.0
864691135340956101,864691136091198388,15504,
864691135865953157,864691135865953157,436,0.0
864691135360113223,864691135360113223,2496,0.0
864691136309695578,864691136309695578,540,0.0
864691135585163900,864691135585163900,192,0.0
864691135686941408,864691135686941408,640,0.0
864691135476110504,864691135476110504,816,0.0
864691135213001528,864691136065739416,1600,
864691136118659608,864691136118659608,232,0.0
864691136286627011,864691136286627011,2560,0.0
864691135564558103,864691136065739416,3380,
864691135809492172,864691135809492172,284,
864691135725605695,864691135725605695,336,0.0
864691135501833821,864691135501833821,336,0.0
864691135385185365,864691135571235877,2720,
864691136309631322,864691136309631322,192,0.0
864691135462747198,864691135593551659,6080,-1.0
864691135737076100,864691137053825142,1868,
864691136618390413,864691135864051838,2888,4.0
864691136118659608,864691136118659608,1596,0.0
864691135360113223,864691135360113223,320,0.0
864691136730652022,864691137053825142,9332,
864691135994524842,864691136309631322,6356,9.0
864691134917404682,864691135501833821,3740,
864691136020321784,864691136020321784,12788,0.0
864691137196878913,864691135809492172,2548,
864691136134683787,864691136134683787,248,0.0
864691135658111106,864691136951622111,5132,12.0
864691136389008656,864691136209328060,3988,7.0
864691136023889209,864691136065739416,6052,
864691135571235877,864691135571235877,2428,0.0
864691136175395078,864691136134683787,4272,7.0
864691137053825142,864691137053825142,584,0.0
864691135385185365,864691135939647142,1588,
864691136309695578,864691136309695578,18300,0.0
864691136951622111,864691136951622111,752,0.0
864691135476110504,864691135476110504,464,0.0
864691135683957943,864691135683957943,440,0.0
864691136312104509,864691136309631322,23316,
864691134884943610,864691134884943610,1424,
864691135355263183,864691135355263183,668,0.0
864691135355263183,864691135355263183,204,0.0
864691135501833821,864691135501833821,420,0.0
864691136226956369,864691136226956369,3272,0.0
864691135864051838,864691135864051838,492,0.0
864691136311794237,864691136311794237,976,
864691136134683787,864691136134683787,4916,0.0
864691135528704964,864691135528704964,180,0.0
864691135476110504,864691135476110504,340,0.0
864691135994577066,864691136951622111,6300,
864691135213001528,864691136065739416,2068,
864691135644637935,864691135644637935,636,
864691135683929783,864691136378803413,7040,
864691135445635730,864691135683630322,2624,
864691135360113223,864691135360113223,2808,0.0
864691135748123528,864691135360113223,2356,
864691135501553218,864691135593551659,2476,-5.0
864691135355263439,864691135355263439,1568,0.0
864691135809492172,864691135809492172,240,
864691136378803413,864691136378803413,220,0.0
864691136105519577,864691136105519577,208,0.0
864691136209328060,864691136209328060,896,0.0
864691135213001528,864691136065739416,1792,
864691136021568407,864691136021568407,524,
864691136662410974,864691136662410974,1152,
864691135385185365,864691135644637935,4748,
864691136134683787,864691136134683787,164,0.0
864691135516139731,864691136378803413,20860,-6.0
864691135719217577,864691135719217577,1240,
864691136065739416,864691136091198388,3512,
864691135939647142,864691135939647142,192,0.0
864691136388570640,864691136309631322,11524,9.0
864691136023795769,864691136023795769,356,0.0
864691136031759035,864691136031759035,3376,0.0
864691137196878913,864691136309695578,4200,
864691135865953157,864691135865953157,724,0.0
864691134917404682,864691135939647142,7852,
864691135782702387,864691135807264285,328,
864691136105519577,864691136105519577,364,0.0
864691134917404682,864691135501833821,2900,
864691135809492172,864691135809492172,268,
864691135809426636,864691136118659608,808,
864691135660523760,864691135528704964,3448,0.0
864691136378803413,864691136378803413,228,0.0
864691135866410006,864691135866410006,1048,0.0
864691135809492172,864691135809492172,264,
864691136134685579,864691135501833821,2716,7.0
864691135213001528,864691136065739416,2152,
864691136309631322,864691136309631322,624,0.0
864691135491611231,864691135491611231,3008,0.0
864691135686941408,864691135686941408,308,0.0
864691135307095110,864691135307095110,1200,0.0
864691135476110504,864691135476110504,300,0.0
864691135526065755,864691135501833821,6800,-1.0
864691136311794237,864691136311794237,188,
864691136845322212,864691136845322212,208,
864691135476110504,864691135476110504,6752,0.0
864691136951622111,864691136951622111,2388,0.0
864691136105519577,864691136105519577,468,0.0
864691135463496261,864691135463496261,208,0.0
864691136091198388,864691136091198388,420,0.0
864691135683929783,864691135394616306,3916,
864691136118659608,864691136118659608,5960,0.0
864691135807264285,864691135807264285,228,
864691135501833821,864691135501833821,348,0.0
864691136309631322,864691136309631322,188,0.0
864691136309631322,864691136309631322,676,0.0
864691136209328060,864691136209328060,284,0.0
864691136118659608,864691135809426636,3716,
864691135394616306,864691135394616306,264,
864691136309695578,864691136309695578,1508,0.0
864691135725605695,864691135725605695,660,0.0
864691135585130108,864691135585130108,1496,0.0
864691136005145034,864691135394616306,3664,
864691135394616306,864691136226956369,2352,
864691135307095110,864691135307095110,2780,0.0
864691135562749380,864691135562749380,424,
864691136309631322,864691136309631322,636,0.0
864691135491611231,864691135491611231,1020,0.0
864691135476110504,864691135476110504,4404,0.0
864691136309695578,864691136309695578,260,0.0
864691135683929783,864691135865953157,8400,
864691136065739416,864691136091198388,2656,
864691135491611231,864691135491611231,364,0.0
864691135737076100,864691135737076100,7012,
864691135865953157,864691135865953157,752,0.0
864691136134683787,864691136134683787,1196,0.0
864691135662881220,864691135323248540,8428,14.0
864691135360113223,864691135360113223,384,0.0
864691135355263439,864691135355263439,672,0.0
864691135491611231,864691135491611231,284,0.0
864691135848256350,864691135848256350,292,
864691135809492172,864691135809492172,1296,
864691135491611231,864691135809426636,3208,
864691135334607849,864691135394616306,3716,
864691135385185365,864691135939647142,2536,
864691136226956369,864691136226956369,27804,0.0
864691135771832395,864691136118659608,4976,
864691135491611231,864691135491611231,200,0.0
864691135809426636,864691135809426636,736,
864691135396580129,864691136209328060,1544,
864691135683630322,864691135683630322,540,
864691135516139731,864691135737076100,4128,
864691135865953157,864691135865953157,200,0.0
864691136662432990,864691135865557893,4816,
864691136105520089,864691136105520089,1796,0.0
864691135394616306,864691135841375971,4872,
864691134917404682,864691135644637935,6180,
864691136209328060,864691136662410974,6164,
864691135864758748,864691135807264285,6312,
864691135528704964,864691135528704964,240,0.0
864691135323181212,864691136118659608,7488,
864691135644885743,864691135725605695,11308,5.0
864691136309695578,864691136309695578,512,0.0
864691135394616306,864691136226956369,2372,
864691135491611231,864691135491611231,292,0.0
864691136105520089,864691136105520089,772,0.0
864691136662432990,864691136309631322,6424,
864691135385246037,864691135385246037,3028,0.0
864691136311794237,864691136311794237,3020,
864691135771832395,864691136118659608,7716,
864691136226956369,864691136226956369,2560,0.0
864691136723555837,864691136723555837,1368,0.0
864691136021568407,864691136021568407,172,
864691136209328060,864691136209328060,372,0.0
864691135809492172,864691135809492172,440,
864691136091198388,864691136091198388,560,0.0
864691135837373075,864691135939647142,3128,-9.0
864691135994550698,864691135334553321,10360,2.0
864691136297086491,864691135807264285,3340,
864691135865953157,864691135865953157,728,0.0
864691135807264285,864691135807264285,348,
864691135323248540,864691135323248540,332,0.0
864691135355263183,864691135355263183,212,0.0
864691136309631322,864691136309631322,208,0.0
864691134884943610,864691134884943610,644,
864691135358827352,864691135585163900,3400,5.0
864691135683929783,864691137053825142,3932,
864691135748123528,864691135585163900,1292,
864691136065739416,864691136091198388,2988,
864691135809492172,864691135809492172,3544,
864691136311934269,864691136134683787,4600,-2.0
864691135585130108,864691135585130108,636,0.0
864691135609756935,864691135307095110,22488,
864691136297086491,864691135807264285,5784,
864691135807264285,864691135807264285,240,
864691135385185365,864691135865953157,17504,
864691135476110504,864691135476110504,216,0.0
864691136378803413,864691136378803413,712,0.0
864691136951611871,864691135334553321,3888,3.0
864691135396580129,864691136723524349,652,
864691135355263183,864691135355263183,260,0.0
864691135737076100,864691135737076100,4636,
864691136134683787,864691136134683787,1632,0.0
864691135780840016,864691136020321784,416,7.0
864691136286569667,864691135593551659,4528,-9.0
864691135340956101,864691136065739416,868,
864691135307095110,864691135307095110,560,0.0
864691136105519577,864691136105519577,492,0.0
864691136226956369,864691136226956369,444,0.0
864691135864051838,864691135864051838,2396,0.0
864691135323248540,864691135323248540,648,0.0
864691136209328060,864691136209328060,192,0.0
864691135585436284,864691136309695578,2644,-1.0
864691135307095110,864691135307095110,216,0.0
864691135809492172,864691135809492172,2972,
864691135491611231,864691135491611231,556,0.0
864691136105520089,864691136105520089,388,0.0
864691135207974521,864691135207974521,540,0.0
864691136810393572,864691136810393572,904,
864691135809494988,864691135809494988,4664,0.0
864691135865953157,864691136911646705,27612,1.0
864691135367487481,864691135367487481,400,0.0
864691135575132958,864691135382495962,5872,
864691135407563209,864691135407563209,256,0.0
864691135382495962,864691135382495962,440,
864691135564553751,864691135564553751,172,0.0
864691135394616306,864691136388570640,3648,
864691135385185365,864691135407563209,3184,
864691136388605047,864691136388605047,476,0.0
864691136334226611,864691135278194593,568,7.0
864691136601595857,864691136601595857,172,0.0
864691135382921707,864691135382921707,300,0.0
864691135474771520,864691135474771520,424,
864691135501835842,864691135501835842,2340,
864691136911646705,864691136911646705,420,0.0
864691135945383204,864691135945383204,988,0.0
864691135501772354,864691135501772354,356,0.0
864691135407563209,864691135407563209,1444,0.0
864691136008724652,864691136008724652,432,0.0
864691136662432990,864691135099839008,5200,
864691135491529311,864691135367487481,564,4.0
864691135491529311,864691135367487481,564,
864691136723309309,864691135436233970,832,
864691136965753038,864691135785246148,8100,-3.0
864691135568895622,864691135122679335,1748,-1.0
864691136451091967,864691136451091967,1388,
864691135683929783,864691136388570640,5332,
864691135099839008,864691135099839008,6988,0.0
864691136388605047,864691136388605047,1512,0.0
864691136390733439,864691136390733439,640,
864691136911646705,864691136911646705,1348,0.0
864691136911646705,864691136911646705,248,0.0
864691136601595857,864691136601595857,532,0.0
864691135474771520,864691135474771520,200,
864691135909773481,864691135122679335,13080,-3.0
864691135474771520,864691135474771520,236,
864691136024237881,864691136390733439,2620,
864691136911646705,864691136911646705,176,0.0
864691135379316210,864691135379316210,232,
864691135945450020,864691135945450020,1112,0.0
864691135785246148,864691135785246148,604,0.0
864691136134685579,864691136134685579,292,0.0
864691135407563209,864691135407563209,628,0.0
864691135436233970,864691135436233970,788,
864691136311934269,864691136601595857,412,-4.0
864691136390733439,864691136390733439,512,
864691136031761595,864691136031761595,244,
864691135382495962,864691135382495962,948,
864691135974785903,864691135782690611,7372,-11.0
864691135601396547,864691136390733439,392,
864691136601595857,864691136601595857,384,0.0
864691135113199513,864691136209297852,3908,-14.0
864691135278194593,864691135278194593,388,0.0
864691135945383204,864691135945383204,196,0.0
864691135341044421,864691135341044421,1472,0.0
864691136451091967,864691136451091967,296,
864691136521842321,864691135382495962,8612,
864691135510482896,864691135379316210,6752,
864691135654077890,864691135654077890,188,0.0
864691136812192115,864691136390733439,6240,
864691135945383204,864691135945383204,1416,0.0
864691136324904087,864691136324904087,1272,0.0
864691135560492001,864691135560492001,1052,0.0
864691135782690611,864691135782690611,196,0.0
864691135697397013,864691135697397013,204,0.0
864691135122679335,864691135122679335,164,0.0
864691135394616306,864691135382921707,3652,
864691135122603047,864691135367487481,3252,-8.0
864691135951958819,864691136116137636,3800,6.0
864691136227267921,864691136451091967,3576,
864691136911646705,864691136911646705,1948,0.0
864691135278194593,864691135278194593,4260,0.0
864691135564667223,864691135382495962,9908,
864691135367487481,864691135367487481,372,0.0
864691135683929783,864691135683929783,200,
864691135379316210,864691135379316210,440,
864691135683929783,864691135994766250,1944,
864691135416639474,864691135416639474,344,0.0
864691135382921707,864691135382921707,240,0.0
864691135334607849,864691136237510460,6624,
864691135809443532,864691135501835842,8888,
864691135323181212,864691136388570640,1884,
864691135122679335,864691135122679335,272,0.0
864691135440461640,864691135440461640,392,
864691135099839008,864691135099839008,268,0.0
864691135436233970,864691135436233970,360,
864691135118023901,864691135118023901,476,
864691135379316210,864691135379316210,192,
864691136451091967,864691136451091967,648,
864691135644885743,864691135293269260,2480,9.0
864691136134685579,864691136134685579,908,0.0
864691135385185365,864691136911646705,8756,
864691135951958819,864691135382495962,1092,
864691136108732088,864691136108732088,5060,0.0
864691136451091967,864691136451091967,612,
864691135382495962,864691135382495962,200,
864691135617737103,864691135617737103,440,
864691135334607849,864691136237510460,5292,
864691136194092502,864691136194092502,168,0.0
864691135367487481,864691135367487481,3776,0.0
864691135334607849,864691135440461640,3076,
864691135334607849,864691136209297852,6816,
864691135394616306,864691135278194593,1616,
864691135564553751,864691135564553751,648,0.0
864691136911646705,864691136911646705,908,0.0
864691135278194593,864691135278194593,308,0.0
864691135809494988,864691135809494988,272,0.0
864691135367487481,864691135367487481,256,0.0
864691135945450020,864691135945450020,248,0.0
864691135654077890,864691135654077890,472,0.0
864691135644661231,864691136237510460,216,
864691135570701037,864691136388605047,26848,7.0
864691135278194593,864691135278194593,192,0.0
864691135415498682,864691135367487481,17512,
864691135118023901,864691135118023901,5136,
864691136451091967,864691136451091967,444,
864691135307361094,864691135278194593,2120,13.0
864691136390733439,864691136390733439,1024,
864691135697397013,864691135697397013,364,0.0
864691135654077890,864691135654077890,2204,0.0
864691135474771520,864691135474771520,5008,
864691135501772354,864691135501772354,768,0.0
864691135367487481,864691135367487481,316,0.0
864691136008724652,864691136008724652,15772,0.0
864691135278194593,864691135278194593,160,0.0
864691135501835842,864691135501835842,904,
864691135334607849,864691135994766250,21172,
864691136023889209,864691135782690611,15652,-1.0
864691136324904087,864691136324904087,924,0.0
864691135782690611,864691135782690611,3612,0.0
864691136008690860,864691136008690860,1068,0.0
864691135501772354,864691135501772354,29688,0.0
864691135385185365,864691135683929783,5228,
864691136723309309,864691135436233970,3944,
864691136237510460,864691136237510460,784,
864691136108732088,864691136108732088,2460,0.0
864691135474771520,864691135474771520,6412,
864691135952235811,864691136601595857,6340,-10.0
864691135780790096,864691135780790096,252,0.0
864691135683929783,864691135683929783,364,
864691135544411432,864691135474771520,5060,
864691136108732088,864691136108732088,9420,0.0
864691136286627011,864691135122679335,1392,-6.0
864691135939814822,864691135939814822,332,0.0
864691136601595857,864691136601595857,272,0.0
864691136008690860,864691136008690860,1384,0.0
864691135654077890,864691135654077890,432,0.0
864691136911646705,864691136911646705,5144,0.0
864691135564553751,864691135564553751,360,0.0
864691136237510460,864691136237510460,496,
864691135724597419,864691135683929783,4016,
864691135945450020,864691135945450020,1792,0.0
864691135382495962,864691135382495962,328,
864691136810393572,864691136810393572,1668,
864691136911646705,864691136911646705,764,0.0
864691136810393572,864691136810393572,288,
864691135379316210,864691135379316210,240,
864691135323181212,864691136008690860,2056,
864691135396580129,864691135440461640,5884,
864691136008690860,864691136008690860,200,0.0
864691135994766250,864691135278194593,2976,15.0
864691137196878913,864691135122679335,6716,
864691136194092502,864691136194092502,288,0.0
864691135474771520,864691135474771520,280,
864691135777154493,864691135777154493,332,
864691135724597419,864691135994766250,29660,
864691135662881220,864691136911646705,15272,7.0
864691136008724652,864691136008724652,160,0.0
864691136388605047,864691136388605047,744,0.0
864691135122679335,864691135122679335,11544,0.0
864691136008724652,864691136008724652,396,0.0
864691135771832395,864691136008690860,5800,
864691135782690611,864691135782690611,176,0.0
864691136723562237,864691136324904087,3028,-13.0
864691135560492001,864691135560492001,444,0.0
864691135782690611,864691135782690611,172,0.0
864691135436233970,864691135436233970,384,
864691136004760522,864691136004760522,196,0.0
864691135394616306,864691136388570640,1752,
864691136388570640,864691136388570640,456,0.0
864691135809494988,864691135809494988,244,0.0
864691135945383204,864691135945383204,164,0.0
864691135407563209,864691135407563209,196,0.0
864691135382495962,864691135382495962,524,
864691135579824068,864691135579824068,264,0.0
864691135416639474,864691135416639474,668,0.0
864691135501835842,864691135501835842,3232,
864691135382920683,864691135382920683,200,0.0
864691135207974521,864691135207974521,2724,0.0
864691135382495962,864691135382495962,464,
864691136090926004,864691135994766250,4224,-5.0
864691135564667223,864691135382495962,4100,
864691135746802824,864691135683929783,4876,
864691136008724652,864691136008724652,1004,0.0
864691136237510460,864691136237510460,384,
864691135474771520,864691135474771520,2784,
864691135118023901,864691135436233970,664,
864691135396580129,864691135683929783,8872,
864691136390733439,864691136390733439,228,
864691135379316210,864691135379316210,304,
864691136810393572,864691136810393572,596,
864691135593522475,864691135593522475,256,0.0
864691135809443532,864691135501835842,8448,
864691136723309309,864691135118023901,904,
864691135785246148,864691135785246148,536,0.0
864691135382921707,864691135382921707,1952,0.0
864691135379316210,864691135379316210,640,
864691135382495962,864691135382495962,364,
864691135697397013,864691135697397013,384,0.0
864691135544411432,864691135474771520,1792,
864691135122679335,864691135122679335,2500,0.0
864691136662432990,864691135122679335,2376,
864691135683929783,864691135440461640,6196,
864691136601595857,864691136601595857,360,0.0
864691135382921707,864691135382921707,336,0.0
864691135099839008,864691135099839008,3052,0.0
864691135683929783,864691135994766250,1348,
864691135367487481,864691135367487481,500,0.0
864691135501772354,864691135501772354,2428,0.0
864691135746802824,864691135564553751,1780,
864691135683929783,864691135683929783,352,
864691136008724652,864691136008724652,208,0.0
864691135385280085,864691135385280085,396,
864691135118023901,864691136031761595,9576,
864691135341044421,864691135341044421,284,0.0
864691135581551725,864691135099839008,10608,8.0
864691135491529311,864691135683929783,5308,
864691135491529311,864691135683929783,5308,
864691135382920683,864691135382920683,384,0.0
864691135334607849,864691135440461640,3112,
864691135782690611,864691135782690611,476,0.0
864691135379316210,864691135379316210,164,
864691135382495962,864691135382495962,2104,
864691135474771520,864691135474771520,196,
864691135683929783,864691135683929783,244,
864691135334607849,864691135945450020,2192,
864691135724597419,864691135994766250,960,
864691135118023901,864691135118023901,212,
864691134939986275,864691136911646705,14700,2.0
864691135683929783,864691135440461640,5960,
864691136451091967,864691136451091967,260,
864691135367487481,864691135367487481,3248,0.0
864691135334607849,864691135382920683,4940,
864691135994766250,864691135994766250,220,0.0
864691135994766250,864691135994766250,4268,0.0
864691135560492001,864691135560492001,332,0.0
864691136008724652,864691136008724652,4052,0.0
864691136925717578,864691136388570640,212,-7.0
864691135683929783,864691135994766250,5044,
864691135367487481,864691135367487481,7296,0.0
864691135394616306,864691135654077378,4084,
864691135614385867,864691135367487481,4452,6.0
864691136601595857,864691136601595857,812,0.0
864691135382495962,864691135382495962,316,
864691135122679335,864691135122679335,1432,0.0
864691136194515020,864691135593522475,6748,14.0
864691136451091967,864691136451091967,472,
864691134917404682,864691135407563209,4744,
864691136662432990,864691136237510460,5156,
864691135654077378,864691135654077378,2404,0.0
864691136008724652,864691136008724652,632,0.0
864691135334607849,864691136209297852,5704,
864691135334607849,864691135501835842,1680,
864691136209297852,864691136209297852,1200,0.0
864691136194092502,864691136194092502,1432,0.0
864691135945450020,864691135945450020,2632,0.0
864691135945383204,864691135945383204,204,0.0
864691135210020288,864691135474771520,3888,
864691136911646705,864691136911646705,172,0.0
864691136108732088,864691136108732088,8680,0.0
864691135866970390,864691135866970390,676,0.0
864691136134685579,864691136134685579,192,0.0
864691135866970390,864691135866970390,288,0.0
864691135501563458,864691135866970390,636,0.0
864691135341044421,864691135341044421,672,0.0
864691134917404682,864691135994766250,2396,
864691136008724652,864691136008724652,2192,0.0
864691135593522475,864691135593522475,160,0.0
864691135909757353,864691136390733439,716,
864691135334607849,864691135382920683,2392,
864691135379316210,864691135379316210,888,
864691135579824068,864691135579824068,756,0.0
864691135864756700,864691135122679335,1544,5.0
864691135379316210,864691135379316210,168,
864691135341044421,864691135341044421,180,0.0
864691135382921707,864691135382921707,404,0.0
864691135394616306,864691135654077378,3368,
864691135122603047,864691135379316210,2260,
864691136911646705,864691136911646705,2460,0.0
864691135724597419,864691135683929783,1668,
864691136388570640,864691136388570640,452,0.0
864691135939814822,864691135939814822,460,0.0
864691135939814822,864691135939814822,492,0.0
864691135617737103,864691135617737103,748,
864691135753626061,864691135753626061,924,0.0
864691135334607849,864691135945450020,3640,
864691135579824068,864691135579824068,696,0.0
864691135407563209,864691135407563209,164,0.0
864691136065739416,864691136008690860,3312,
864691136237510460,864691136237510460,336,
864691135516139731,864691135683929783,3480,
864691135746802824,864691135654077378,348,
864691136209297852,864691136209297852,892,0.0
864691135785246148,864691135785246148,444,0.0
864691136008724652,864691136008724652,616,0.0
864691135207974521,864691135207974521,1576,0.0
864691136388605047,864691136388605047,220,0.0
864691136008690860,864691136008690860,236,0.0
864691135099839008,864691135099839008,472,0.0
864691136008724652,864691136008724652,264,0.0
864691136008724652,864691136008724652,600,0.0
864691136090926004,864691135293269260,13208,10.0
864691136662432990,864691135099839008,3196,
864691135809494988,864691135809494988,172,0.0
864691135683929783,864691135683929783,496,
864691135945450020,864691135945450020,500,0.0
864691135394616306,864691136388570640,2604,
864691136451091967,864691136451091967,628,
864691135099839008,864691135099839008,256,0.0
864691135382921707,864691135382921707,256,0.0
864691135560492001,864691135560492001,1600,0.0
864691135118023901,864691135118023901,708,
864691135382495962,864691135382495962,216,
864691135293269260,864691135293269260,416,0.0
864691135724597419,864691135683929783,3744,
864691135771647995,864691135771647995,332,
864691135593522475,864691135593522475,168,0.0
864691135367487481,864691135367487481,21820,0.0
864691135490940135,864691135440461640,5804,
864691136601595857,864691136601595857,2492,0.0
864691136008724652,864691136008724652,4500,0.0
864691136662432990,864691135367487481,3408,
864691135994766250,864691135994766250,1584,0.0
864691135753646029,864691136390733439,680,
864691135396383265,864691135416639474,8432,
864691135367487481,864691135367487481,448,0.0
864691135385280085,864691135385280085,168,
864691135334607849,864691135994766250,1208,
864691135560492001,864691135560492001,404,0.0
864691135866970390,864691135866970390,1200,0.0
864691135474771520,864691135474771520,184,
864691136618471309,864691136618471309,280,0.0
864691135341044421,864691135341044421,464,0.0
864691135697397013,864691135697397013,1136,0.0
864691135564667223,864691135785246148,9536,-7.0
864691136065739416,864691136008690860,6156,
864691135122679335,864691135122679335,192,0.0
864691135416639474,864691135416639474,188,0.0
864691135617737103,864691135617737103,652,
864691135385280085,864691135385280085,168,
864691135122679335,864691135122679335,284,0.0
864691135945383204,864691135945383204,504,0.0
864691136451091967,864691136451091967,3164,
864691136390733439,864691136390733439,908,
864691135382921707,864691135382921707,1948,0.0
864691135099839008,864691135099839008,612,0.0
864691135864051838,864691136116137636,296,1.0
864691136209297852,864691136209297852,380,0.0
864691136209297852,864691136209297852,908,0.0
864691136108732088,864691136108732088,3860,0.0
864691135683957943,864691136390733439,6528,
864691135207974521,864691135207974521,1660,0.0
864691135855890478,864691135118023901,5196,
864691135866970390,864691135866970390,312,0.0
864691135780790096,864691135780790096,164,0.0
864691135345163679,864691135782690611,2152,
864691135771832395,864691135440461640,1344,
864691135118023901,864691135436233970,4784,
864691136390733439,864691136390733439,1968,
864691135501772354,864691135501772354,196,0.0
864691135081703927,864691136031761595,4460,
864691135888632713,864691135122679335,2624,
864691135785246148,864691135785246148,524,0.0
864691136388570640,864691136116137636,5512,8.0
864691135278194593,864691135278194593,3188,0.0
864691136108732088,864691136108732088,1200,0.0
864691135278194593,864691135278194593,4824,0.0
864691135994766250,864691135994766250,584,0.0
864691135761549622,864691135212658304,2584,-3.0
864691135440461640,864691135440461640,196,
864691136951622879,864691136951622879,1020,0.0
864691135382495962,864691135382495962,228,
864691135440461640,864691135440461640,772,
864691135945450020,864691135945450020,288,0.0
864691135355263439,864691136390733439,3700,
864691135122679335,864691135122679335,5092,0.0
864691135866970390,864691135866970390,540,0.0
864691135396580129,864691135440461640,10084,
864691135382920683,864691135382920683,164,0.0
864691136004760522,864691136004760522,1060,0.0
864691135501772354,864691135501772354,2372,0.0
864691136004760522,864691136004760522,452,0.0
864691135278194593,864691135278194593,11620,0.0
864691136388605047,864691136388605047,496,0.0
864691135207748217,864691136451091967,1672,
864691136108732088,864691136108732088,4240,0.0
864691135746802824,864691135654077378,4432,
864691135382495962,864691135382495962,260,
864691135951958819,864691136951622879,13444,0.0
864691135855665454,864691135855665454,2568,
864691136209297852,864691136209297852,532,0.0
864691135341044421,864691135341044421,2524,0.0
864691135396580129,864691135367487481,5260,
864691136662432990,864691136388570640,3056,
864691135334607849,864691135501835842,2168,
864691135579824068,864691135579824068,368,0.0
864691134917404682,864691135407563209,2800,
864691135436233970,864691135436233970,1620,
864691135593522475,864691135593522475,760,0.0
864691136237510460,864691136237510460,1420,
864691135683929783,864691135440461640,5036,
864691135683929783,864691135654077378,4580,
864691136907500142,864691135382920683,4808,2.0
864691135396580129,864691135278194593,8776,
864691135510482896,864691135379316210,5624,
864691136116137636,864691136116137636,1476,0.0
864691135593522475,864691135593522475,1288,0.0
864691135122679335,864691135122679335,676,0.0
864691135771832395,864691136134685579,4356,
864691136911646705,864691136911646705,264,0.0
864691135099839008,864691135099839008,296,0.0
864691136601595857,864691136601595857,628,0.0
864691135122679335,864691135122679335,776,0.0
864691135785246148,864691135785246148,452,0.0
864691136090926004,864691135683929783,2588,
864691135994766250,864691135994766250,320,0.0
864691135864051838,864691135939814822,3280,8.0
864691136008724652,864691136008724652,316,0.0
864691136951622879,864691136951622879,576,0.0
864691136911646705,864691136911646705,1436,0.0
864691135474771520,864691135474771520,920,
864691135683929783,864691135683929783,284,
864691135994766250,864691135994766250,344,0.0
864691135994766250,864691135994766250,852,0.0
864691136911646705,864691136911646705,4528,0.0
864691135118023901,864691135118023901,1048,
864691136618664589,864691135122679335,8436,2.0
864691135341044421,864691135341044421,288,0.0
864691135974785903,864691135782690611,20000,-11.0
864691136108732088,864691136108732088,4072,0.0
864691136008724652,864691136008724652,192,0.0
864691135490940135,864691135440461640,3608,
864691135617737103,864691135617737103,400,
864691136388570640,864691136388570640,3604,0.0
864691135382921707,864691135382921707,196,0.0
864691136286569667,864691136388605047,2136,-8.0
864691135730105529,864691135379316210,3552,
864691135278194593,864691135278194593,484,0.0
864691135771832395,864691135440461640,2156,
864691135081703927,864691135099839008,30012,
864691136911646705,864691136911646705,440,0.0
864691135210020288,864691135474771520,400,
864691135909748393,864691135501835842,5724,
864691135564553751,864691135564553751,1084,0.0
864691135436233970,864691135436233970,648,
864691135782690611,864691135782690611,544,0.0
864691136020241144,864691135753626061,5104,
864691135683957943,864691136390733439,6456,
864691136911646705,864691136911646705,532,0.0
864691135866851350,864691135683929783,11272,
864691136116137636,864691136116137636,1936,0.0
864691136618471309,864691136618471309,312,0.0
864691136108732088,864691136108732088,280,0.0
864691135564553751,864691135564553751,932,0.0
864691135396580129,864691135683929783,3904,
864691136116137636,864691136116137636,976,0.0
864691135099839008,864691135099839008,2356,0.0
864691136911646705,864691136911646705,392,0.0
864691135210423744,864691135436233970,3560,
864691136209328060,864691135579824068,10812,-8.0
864691136329250282,864691135654077378,29556,9.0
864691135994766250,864691135994766250,556,0.0
864691135440461640,864691135440461640,636,
864691136175395078,864691135122679335,21568,8.0
864691135122679335,864691135122679335,196,0.0
864691135945383204,864691135945383204,312,0.0
864691135785246148,864691135785246148,1172,0.0
864691135382920683,864691135382920683,756,0.0
864691135654077890,864691135654077890,308,0.0
864691136108732088,864691136108732088,5636,0.0
864691136390733439,864691136390733439,2676,
864691136008724652,864691136008724652,9828,0.0
864691135526318171,864691135945383204,15464,-2.0
864691135809443532,864691135501835842,7100,
864691135593523243,864691135440461640,3984,
864691135617737103,864691135617737103,424,
864691135334607849,864691135440461640,5356,
864691136008724652,864691136008724652,3608,0.0
864691135382495962,864691135382495962,968,
864691136911646705,864691136911646705,732,0.0
864691135753646029,864691136390733439,452,
864691135122603047,864691135379316210,3428,
864691135945383204,864691135945383204,176,0.0
864691136601595857,864691136601595857,776,0.0
864691135382495962,864691135382495962,1240,
864691135780790096,864691135780790096,308,0.0
864691135341044421,864691135341044421,388,0.0
864691135777154493,864691135777154493,360,
864691135753626061,864691135753626061,496,0.0
864691135855665454,864691135855665454,768,
864691135382921707,864691135382921707,2756,0.0
864691135501835842,864691135501835842,200,
864691136451091967,864691136451091967,224,
864691136031761595,864691136031761595,540,
864691136108732088,864691136108732088,192,0.0
864691135396385057,864691135382920683,18444,0.0
864691136911646705,864691136911646705,200,0.0
864691135382495962,864691135382495962,240,
864691135382920683,864691135382920683,1660,0.0
864691135416639474,864691135416639474,224,0.0
864691135118023901,864691135118023901,404,
864691135122603047,864691135683929783,3748,
864691136108732088,864691136108732088,16504,0.0
864691135323181212,864691136388570640,4956,
864691135122679335,864691135122679335,10112,0.0
864691135122679335,864691135122679335,540,0.0
864691135945383204,864691135945383204,236,0.0
864691135782690611,864691135782690611,224,0.0
864691135737076100,864691135407563209,160,
864691135207974521,864691135207974521,200,0.0
864691135437748210,864691135341044421,3360,-2.0
864691135379316210,864691135379316210,304,
864691135122679335,864691135122679335,5324,0.0
864691135416639474,864691135416639474,976,0.0
864691136911646705,864691136911646705,3800,0.0
864691135367487481,864691135367487481,1484,0.0
864691136194092502,864691136194092502,180,0.0
864691135207974521,864691135207974521,6944,0.0
864691135396580129,864691135278194593,2828,
864691135385185365,864691136911646705,3432,
864691135864758748,864691135440461640,5752,
864691136116137636,864691136116137636,196,0.0
864691135782690611,864691135782690611,560,0.0
864691135939814822,864691135939814822,604,0.0
864691135945450020,864691135945450020,172,0.0
864691136194081494,864691136951622879,11188,-6.0
864691135207974521,864691135207974521,356,0.0
864691136004760522,864691136004760522,204,0.0
864691136194016726,864691135654077378,3896,7.0
864691136008690860,864691136008690860,524,0.0
864691136008690860,864691136008690860,328,0.0
864691136108732088,864691136108732088,3696,0.0
864691135579824068,864691135579824068,1108,0.0
864691135994766250,864691135994766250,1672,0.0
864691135888527753,864691135474771520,5000,
864691136911646705,864691136911646705,2340,0.0
864691135182123010,864691136951622879,716,0.0
864691135564553751,864691135564553751,5336,0.0
864691135771832395,864691135099839008,1556,
864691135436233970,864691135436233970,216,
864691135382495962,864691135382495962,236,
864691136388605047,864691136388605047,764,0.0
864691135394011893,864691135474771520,3484,
864691135564553751,864691135564553751,4236,0.0
864691137053750646,864691135118023901,6896,
864691135474771520,864691135474771520,460,
864691135809494988,864691135809494988,500,0.0
864691136601595857,864691136601595857,992,0.0
864691135501772354,864691135501772354,1588,0.0
864691136388570640,864691136388570640,216,0.0
864691136451091967,864691136451091967,1228,
864691135118023901,864691135118023901,3180,
864691135341044421,864691135341044421,648,0.0
864691135385280085,864691135385280085,1280,
864691135837373075,864691136237510460,3548,
864691135278194593,864691135278194593,236,0.0
864691135994766250,864691135683929783,3908,
864691135866970390,864691135866970390,908,0.0
864691135122333479,864691136601595857,8676,
864691135617737103,864691135617737103,236,
864691135407563209,864691135407563209,352,0.0
864691135416639474,864691135416639474,240,0.0
864691135873623182,864691135873623182,544,0.0
864691136108732088,864691136108732088,236,0.0
864691135739595412,864691135866970390,6716,
864691135864051838,864691135341044421,5964,-6.0
864691135564553751,864691135564553751,1744,0.0
864691135207974521,864691135207974521,480,0.0
864691135654077378,864691135654077378,2328,0.0
864691136911646705,864691136911646705,596,0.0
864691136911646705,864691136911646705,5936,0.0
864691137196878913,864691135122679335,4796,
864691135474771520,864691135474771520,668,
864691135785246148,864691135785246148,908,0.0
864691135122679335,864691135122679335,9456,0.0
864691135654077378,864691135654077378,1040,0.0
864691136116137636,864691136116137636,456,0.0
864691135385280085,864691135385280085,3440,
864691135396580129,864691135278194593,4652,
864691135382495962,864691135382495962,916,
864691136911646705,864691136911646705,200,0.0
864691135416639474,864691135416639474,1892,0.0
864691135683929783,864691135654077378,1324,
864691135564553751,864691135564553751,496,0.0
864691135122603047,864691136031761595,5136,
864691135994766250,864691135994766250,376,0.0
864691136723371261,864691135560492001,2672,
864691136390733439,864691136390733439,3344,
864691135382495962,864691135382495962,248,
864691136662432990,864691136388570640,2852,
864691135564553751,864691135564553751,372,0.0
864691135334607849,864691135945450020,1436,
864691136008724652,864691136008724652,1576,0.0
864691135785246148,864691135785246148,1224,0.0
864691136008724652,864691136008724652,172,0.0
864691135382495962,864691135382495962,676,
864691136309631322,864691135367487481,300,-3.0
864691135724597419,864691135683929783,232,
864691135809494988,864691135809494988,232,0.0
864691135396385057,864691135683929783,3568,
864691136108732088,864691136108732088,560,0.0
864691135564553751,864691135564553751,192,0.0
864691135855890478,864691135118023901,3720,
864691136108732088,864691136108732088,7340,0.0
864691135780790096,864691135780790096,176,0.0
864691136989989525,864691135382495962,184,
864691136108732088,864691136108732088,1104,0.0
864691135385280085,864691135385280085,444,
864691135952235811,864691135654077890,17328,-3.0
864691135777154493,864691135777154493,364,
864691135440461640,864691135440461640,1536,
864691136911646705,864691136911646705,8224,0.0
864691135118023901,864691135436233970,9000,
864691135278194593,864691135278194593,11124,0.0
864691135385184341,864691135416639474,3656,
864691136451091967,864691136451091967,552,
864691136601595857,864691136601595857,512,0.0
864691135724597419,864691135440461640,5604,
864691136008724652,864691136008724652,4692,0.0
864691135683929783,864691135683929783,588,
864691135564553751,864691135564553751,228,0.0
864691135440461640,864691135440461640,272,
864691136065272472,864691135654077378,5072,2.0
864691135501772354,864691135501772354,548,0.0
864691135866970390,864691135866970390,244,0.0
864691135697397013,864691135697397013,224,0.0
864691136618471309,864691136618471309,420,0.0
864691136209297852,864691136209297852,580,0.0
864691135994766250,864691135994766250,1208,0.0
864691135560492001,864691135560492001,20944,0.0
864691136911646705,864691136911646705,8936,0.0
864691135724597419,864691135994766250,1528,
864691135939814822,864691135939814822,1488,0.0
864691135683929783,864691135683929783,612,
864691135396580129,864691136911646705,3320,
864691135118023901,864691135118023901,1544,
864691135385185365,864691135564553751,18608,
864691136618471309,864691136618471309,1016,0.0
864691135440461640,864691135440461640,216,
864691136388605047,864691136388605047,184,0.0
864691135122679335,864691135122679335,452,0.0
864691135396580129,864691135278194593,2892,
864691135379316210,864691135379316210,272,
864691135994766250,864691135994766250,3632,0.0
864691135560492001,864691135560492001,1144,0.0
864691135758851150,864691135367487481,6864,2.0
864691136116137636,864691136116137636,324,0.0
864691136008724652,864691136008724652,176,0.0
864691135617737103,864691135617737103,368,
864691135560492001,864691135560492001,432,0.0
864691135780790096,864691135780790096,248,0.0
864691135753626061,864691135753626061,2496,0.0
864691135855665454,864691135855665454,2024,
864691135644661231,864691136237510460,4388,
864691135099839008,864691135099839008,312,0.0
864691136227267921,864691136451091967,1056,
864691135994766250,864691135994766250,160,0.0
864691135445755378,864691135379316210,11896,
864691135501772354,864691135501772354,340,0.0
864691136451091967,864691136451091967,10020,
864691135334607849,864691136911646705,2428,
864691135118023901,864691135118023901,576,
864691134917404682,864691135407563209,420,
864691135697397013,864691135697397013,356,0.0
864691135560492001,864691135560492001,440,0.0
864691135212658304,864691135212658304,340,0.0
864691135501772354,864691135501772354,264,0.0
864691135323181212,864691136008690860,368,
864691136911646705,864691136911646705,2564,0.0
864691135579824068,864691135579824068,5168,0.0
864691135945450020,864691135945450020,160,0.0
864691135501835842,864691135501835842,292,
864691135210020288,864691135474771520,2448,
864691136004760522,864691136004760522,460,0.0
864691136008724652,864691136008724652,1788,0.0
864691136662416094,864691135683929783,3664,
864691135118023901,864691135436233970,4992,
864691135474771520,864691135474771520,888,
864691135394616306,864691135683929783,5704,
864691136911646705,864691136911646705,176,0.0
864691135385185365,864691135501772354,2192,
864691135873623182,864691135873623182,1760,0.0
864691136388605047,864691136388605047,964,0.0
864691136723309309,864691135683929783,4104,
864691135081703927,864691135436233970,5348,
864691135118023901,864691135118023901,256,
864691136911646705,864691136911646705,2152,0.0
864691136031761595,864691136031761595,176,
864691136020241144,864691135753626061,2500,
864691135593522475,864691135593522475,1072,0.0
864691135416639474,864691135416639474,548,0.0
864691135564553751,864691135564553751,920,0.0
864691136108732088,864691136108732088,936,0.0
864691135579824068,864691135579824068,376,0.0
864691136008690860,864691136008690860,220,0.0
864691136601595857,864691136601595857,2668,0.0
864691136237510460,864691136237510460,196,
864691134917404682,864691135407563209,3464,
864691135654462402,864691135278194593,26832,9.0
864691135501772354,864691135501772354,308,0.0
864691136194092502,864691136194092502,660,0.0
864691135118023901,864691135436233970,1388,
864691135780790096,864691135780790096,1500,0.0
864691136740782428,864691135501772354,12512,
864691135207974521,864691135207974521,388,0.0
864691135994766250,864691135994766250,304,0.0
864691136108732088,864691136108732088,312,0.0
864691136004760522,864691136004760522,160,0.0
864691135382921707,864691135382921707,532,0.0
864691134939988067,864691136390733439,6000,
864691136237451836,864691135122679335,1416,4.0
864691135501772354,864691135501772354,244,0.0
864691135122603047,864691135367487481,5288,-8.0
864691135683929783,864691136388570640,4604,
864691135122679335,864691135122679335,324,0.0
864691135771647995,864691135771647995,2148,
864691136911646705,864691136911646705,256,0.0
864691135415498682,864691135593522475,2852,
864691136108732088,864691136108732088,2616,0.0
864691135207974521,864691135207974521,3776,0.0
864691135212658304,864691135212658304,632,0.0
864691135501835842,864691135501835842,288,
864691136194515020,864691135593522475,568,14.0
864691135382495962,864691135382495962,636,
864691136008724652,864691136008724652,1152,0.0
864691135785246148,864691135785246148,292,0.0
864691136008724652,864691136008724652,696,0.0
864691136810393572,864691136810393572,324,
864691135436233970,864691135436233970,2192,
864691135785246148,864691135785246148,180,0.0
864691135099839008,864691135099839008,4768,0.0
864691135782690611,864691135782690611,472,0.0
864691136023814201,864691135945450020,1080,7.0
864691135099839008,864691135099839008,184,0.0
864691136388605047,864691136388605047,216,0.0
864691135278194593,864691135278194593,196,0.0
864691136451091967,864691136451091967,344,
864691136911646705,864691136911646705,704,0.0
864691135382495962,864691135382495962,336,
864691136116137636,864691136116137636,324,0.0
864691135746802824,864691135994766250,3916,
864691134917404682,864691135407563209,5132,
864691135654077378,864691135654077378,444,0.0
864691135644661231,864691135782690611,2320,2.0
864691137196878913,864691135122679335,7352,
864691135866970390,864691135866970390,736,0.0
864691135939814822,864691135939814822,304,0.0
864691135382495962,864691135382495962,368,
864691135974661231,864691136388570640,208,
864691136008724652,864691136008724652,416,0.0
864691135278194593,864691135278194593,648,0.0
864691135382495962,864691135382495962,328,
864691136911646705,864691136911646705,18160,0.0
864691136451091967,864691136451091967,836,
864691135501835842,864691135501835842,188,
864691135564553751,864691135564553751,2800,0.0
864691135780790096,864691135780790096,752,0.0
864691136388605047,864691136388605047,2508,0.0
864691136810393572,864691136810393572,624,
864691136723309309,864691135118023901,11828,
864691135440461640,864691135440461640,872,
864691135697397013,864691135697397013,304,0.0
864691135782690611,864691135782690611,7248,0.0
864691135654077378,864691135654077378,1596,0.0
864691135323181212,864691136388570640,2680,
864691136810393572,864691136810393572,192,
864691136618390413,864691135379316210,8680,
864691135474771520,864691135474771520,976,
864691135385185365,864691136388605047,7144,
864691136723371261,864691136601595857,3880,
864691135416639474,864691135416639474,240,0.0
864691136056331480,864691135099839008,2364,12.0
864691136601595857,864691136601595857,164,0.0
864691135382495962,864691135382495962,160,
864691135683929783,864691135440461640,2748,
864691136031761595,864691136031761595,212,
864691135436233970,864691135436233970,328,
864691136601874897,864691135367487481,2500,-1.0
864691135697397013,864691135697397013,360,0.0
864691136388605047,864691136388605047,656,0.0
864691135385261653,864691136618471309,18440,
864691136723309309,864691135436233970,1428,
864691136951622879,864691136951622879,684,0.0
864691135099839008,864691135099839008,3668,0.0
864691135099839008,864691135099839008,852,0.0
864691135807277597,864691135939814822,6268,
864691135396580129,864691135367487481,3152,
864691136925715786,864691135683929783,4368,
864691135683929783,864691135683929783,196,
864691135782690611,864691135782690611,252,0.0
864691136194092502,864691136194092502,636,0.0
864691135212658304,864691135212658304,368,0.0
864691135490940135,864691135579824068,10524,
864691135122679335,864691135122679335,1744,0.0
864691135382921707,864691135382921707,396,0.0
864691136116137636,864691136116137636,272,0.0
864691135122679335,864691135122679335,1812,0.0
864691136854151534,864691135382495962,268,
864691135099839008,864691135099839008,1156,0.0
864691135379316210,864691135379316210,416,
864691135385280085,864691135385280085,852,
864691136965753038,864691135697397013,2852,-6.0
864691135323181212,864691136008690860,7948,
864691135099839008,864691135099839008,164,0.0
864691135994524842,864691135207974521,4544,13.0
864691136108732088,864691136108732088,2192,0.0
864691135737076100,864691136237510460,1384,
864691135396580129,864691135579824068,5328,
864691135782690611,864691135782690611,796,0.0
864691135490940135,864691135724497579,3272,
864691135385185365,864691135385185365,348,
864691135382728410,864691135382728410,2640,0.0
864691136143404852,864691135564950103,26852,-13.0
864691136010955683,864691136010955683,280,0.0
864691136723529213,864691136723529213,620,0.0
864691136136885117,864691135915174502,172,-6.0
864691135724597419,864691135593523243,2540,
864691135564950103,864691135564950103,248,0.0
864691136116154788,864691135385185365,4504,
864691135345176735,864691135345176735,6324,
864691136662432990,864691135724497579,2400,
864691135385185365,864691135385185365,424,
864691135502100829,864691135502100829,1016,0.0
864691135564558103,864691135564558103,33440,0.0
864691136031763387,864691136031763387,6368,
864691135952235811,864691135182123010,1396,-13.0
864691135396580129,864691135593523243,4052,
864691135888632713,864691135888632713,244,
864691135991524801,864691135991524801,204,0.0
864691135952235811,864691135952235811,14088,0.0
864691136672640647,864691136672640647,320,0.0
864691136032026043,864691136032026043,260,0.0
864691135307361094,864691135307361094,236,0.0
864691135952235811,864691135952235811,424,0.0
864691135746802824,864691135724597419,536,
864691135683929783,864691135593523243,2136,
864691135777122493,864691135777122493,340,
864691136723529213,864691136723529213,356,0.0
864691135873624974,864691135873624974,9936,0.0
864691136175395078,864691135564950103,15492,2.0
864691135952235811,864691135952235811,3528,0.0
864691136662432990,864691135939423489,7192,
864691135746802824,864691136662416094,9028,
864691136297086491,864691136297086491,248,
864691135724597419,864691135526318171,356,
864691135952235811,864691135952235811,2280,0.0
864691135644589295,864691135777122493,8068,
864691135823391340,864691135823391340,1052,
864691136811215726,864691136811215726,344,0.0
864691135952235811,864691135952235811,7816,0.0
864691136389008656,864691136100052085,520,4.0
864691135385185365,864691135754611922,5744,
864691135345176735,864691135345176735,3468,
864691135915174502,864691135915174502,964,0.0
864691136723562237,864691136723562237,180,0.0
864691136662432990,864691135873624974,2300,
864691136577482772,864691136577482772,488,0.0
864691136175058182,864691136175058182,196,0.0
864691135526318171,864691135526318171,164,0.0
864691136577481236,864691136577481236,6216,0.0
864691135939423489,864691135939423489,312,0.0
864691135528704964,864691136237449276,4708,4.0
864691135952235811,864691135952235811,4052,0.0
864691135307361094,864691135307361094,184,0.0
864691135307361094,864691135307361094,208,0.0
864691135526318171,864691135526318171,424,0.0
864691136236727567,864691136236727567,2192,0.0
864691135526318171,864691135526318171,588,0.0
864691135322991260,864691135322991260,160,
864691135118023901,864691135540113092,9404,
864691135360118087,864691135360118087,2336,0.0
864691135952235811,864691135952235811,33384,0.0
864691136175353606,864691136175353606,1008,0.0
864691135385185365,864691135526318171,1276,
864691135952235811,864691135952235811,212,0.0
864691135754054861,864691135754054861,468,0.0
864691137196878913,864691135564950103,5176,
864691135345176735,864691135345176735,836,
864691136311934269,864691135584185720,24796,-3.0
864691135952235811,864691135952235811,2020,0.0
864691135952235811,864691135952235811,13320,0.0
864691135952235811,864691135952235811,3324,0.0
864691136031763387,864691136031763387,264,
864691135194410282,864691135194410282,1036,0.0
864691136175353606,864691136175353606,700,0.0
864691136672640647,864691136672640647,1068,0.0
864691136136631677,864691135991524801,5928,-6.0
864691135490588903,864691135385185365,8176,
864691136032026043,864691136032026043,228,0.0
864691135385184341,864691135385184341,1684,
864691135345437343,864691135345437343,3964,
864691135658111106,864691135658111106,396,0.0
864691135497940243,864691135497940243,260,0.0
864691135952235811,864691136723529213,17976,-15.0
864691135952235811,864691135952235811,4380,0.0
864691135754611922,864691135754611922,240,0.0
864691135593523243,864691135593523243,420,0.0
864691136662432990,864691135724497579,872,
864691136662416094,864691136662416094,5196,0.0
864691135012884886,864691135777122493,8740,
864691135952235811,864691135952235811,332,0.0
864691135994550698,864691135462747198,4128,5.0
864691135952235811,864691135952235811,2648,0.0
864691135724597419,864691135724597419,552,
864691136662432990,864691135939423489,4364,
864691136175395078,864691135564950103,4816,2.0
864691135462747198,864691135462747198,1040,0.0
864691135952235811,864691135952235811,488,0.0
864691136601960657,864691136601960657,304,0.0
864691136911879153,864691136911879153,448,0.0
864691136577481236,864691136577481236,232,0.0
864691135952235811,864691135952235811,3476,0.0
864691135182123010,864691135182123010,1824,0.0
864691135939423489,864691135939423489,320,0.0
864691135724597419,864691135724597419,404,
864691135873624974,864691135873624974,4308,0.0
864691136175058182,864691136175058182,244,0.0
864691136334226611,864691136105459161,14968,2.0
864691135841348835,864691135841348835,7944,0.0
864691135564558103,864691135564558103,4324,0.0
864691135385284693,864691135385284693,196,
864691135991524801,864691135991524801,240,0.0
864691135991524801,864691135991524801,348,0.0
864691136389008656,864691136100052085,592,4.0
864691136389008656,864691136100052085,2144,4.0
864691135497940243,864691135497940243,1180,0.0
864691135210073024,864691135210073024,404,0.0
864691135345176735,864691135345176735,6500,
864691136175353606,864691136175353606,216,0.0
864691135754054861,864691135754054861,1188,0.0
864691136236727567,864691136236727567,228,0.0
864691136662432990,864691135724497579,6608,
864691136237449276,864691136237449276,1220,0.0
864691136105459161,864691136105459161,1052,0.0
864691135394616306,864691135873624974,4568,
864691135307361094,864691135307361094,160,0.0
864691135952235811,864691135952235811,8640,0.0
864691135462747198,864691135462747198,356,0.0
864691135991526337,864691135502100829,836,-6.0
864691135753932237,864691135307361094,4536,2.0
864691136105459161,864691136105459161,1984,0.0
864691135952235811,864691135952235811,7080,0.0
864691135194410282,864691135194410282,216,0.0
864691135564688983,864691135564688983,676,
864691135540113092,864691135540113092,164,
864691135585436284,864691135385184341,3988,
864691135952235811,864691135952235811,4212,0.0
864691135345176735,864691135345176735,492,
864691136175353606,864691136175353606,220,0.0
864691135462747198,864691135926315988,23684,5.0
864691135746802824,864691135345176735,3596,
864691135952235811,864691135952235811,8360,0.0
864691135748123528,864691135748123528,304,
864691135736916868,864691135736916868,340,0.0
864691136236727567,864691136236727567,192,0.0
864691135194410282,864691135194410282,200,0.0
864691135771832395,864691135724497579,3096,
864691135596801603,864691135596801603,3772,0.0
864691135952235811,864691135952235811,16828,0.0
864691135841348835,864691135841348835,2096,0.0
864691136811215726,864691136811215726,640,0.0
864691135540113092,864691135540113092,1172,
864691136672640647,864691136672640647,864,0.0
864691135560495329,864691135560495329,336,0.0
864691135502100829,864691135502100829,160,0.0
864691135864756700,864691135952235811,2884,12.0
864691135782702387,864691135809759436,5944,
864691136662416094,864691136662416094,180,0.0
864691135952235811,864691135952235811,5416,0.0
864691134947744508,864691135888632713,1312,
864691136031763387,864691136031763387,160,
864691135952235811,864691135952235811,2696,0.0
864691135334607849,864691135345176735,6152,
864691135888632713,864691135888632713,176,
864691135771832395,864691135888632713,3064,
864691135864090238,864691135864090238,2984,0.0
864691135748123528,864691135748123528,944,
864691136911879153,864691136911879153,400,0.0
864691135771676491,864691136577481236,9996,5.0
864691135334607849,864691136662416094,4476,
864691135952235811,864691135952235811,7716,0.0
864691135771832395,864691136175353606,6280,
864691135777122493,864691135777122493,4848,
864691135952235811,864691135952235811,11316,0.0
864691135777122493,864691135777122493,516,
864691135748123528,864691135510719440,11044,
864691135683929783,864691135593523243,2344,
864691135639006523,864691135639006523,480,0.0
864691135644589295,864691135777122493,2492,
864691135771832395,864691135700545147,7408,
864691136194417228,864691135596801603,4188,7.0
864691136577481236,864691136577481236,256,0.0
864691135952235811,864691135952235811,3368,0.0
864691135385184341,864691135385184341,1392,
864691136662432990,864691135724497579,2092,
864691135683929783,864691135593523243,8636,
864691135841348835,864691135754054861,1144,-7.0
864691135385284693,864691135385284693,1928,
864691135307361094,864691135307361094,208,0.0
864691135385185365,864691135385185365,476,
864691135952235811,864691135952235811,4180,0.0
864691135754054861,864691135754054861,372,0.0
864691135345176735,864691135345176735,4500,
864691135855570222,864691135855570222,596,0.0
864691135724597419,864691135345176735,7584,
864691135644589295,864691135777122493,3892,
864691135915174502,864691135915174502,380,0.0
864691135393949941,864691135939423489,340,5.0
864691136065739416,864691136010954659,3068,
864691135915174502,864691135915174502,204,0.0
864691135724497579,864691135724497579,1720,0.0
864691135490591463,864691135596801603,4988,
864691135771832395,864691135888632713,11920,
864691135117831645,864691135117831645,396,
864691135584185720,864691135584185720,272,0.0
864691135526318171,864691135345176735,8300,
864691135345437343,864691135345437343,504,
864691135939423489,864691135939423489,160,0.0
864691135952235811,864691135952235811,2672,0.0
864691136907500142,864691135754611922,3840,6.0
864691136143404852,864691136143404852,616,0.0
864691135322991260,864691135322991260,1136,
864691136286569667,864691135462747198,6124,-8.0
864691135700545147,864691135700545147,800,0.0
864691135724597419,864691135724597419,516,
864691135724597419,864691135593523243,2520,
864691135490588903,864691135385185365,3476,
864691136175353606,864691136175353606,200,0.0
864691135210073024,864691135210073024,308,0.0
864691136023889209,864691135564558103,8672,0.0
864691135855570222,864691135855570222,564,0.0
864691135385185365,864691135385185365,396,
864691135385185365,864691135385185365,816,
864691135952235811,864691135952235811,8272,0.0
864691135699496482,864691135699496482,2632,0.0
864691135746802824,864691135724597419,1784,
864691136951812063,864691135385184341,3896,
864691135385184341,864691135385184341,800,
864691135490940135,864691135540113092,2512,
864691135865500805,864691136577481236,1396,4.0
864691136237449276,864691136237449276,308,0.0
864691136662432990,864691136662416094,532,
864691135823391340,864691135823391340,224,
864691135097770704,864691135385284693,160,
864691136577481236,864691136577481236,172,0.0
864691135497940243,864691135497940243,2444,0.0
864691135540113092,864691135540113092,200,
864691136907500142,864691135526318171,15832,1.0
864691136577481236,864691136577481236,432,0.0
864691135117831645,864691135117831645,632,
864691136010954659,864691136010954659,496,
864691135994550698,864691135462747198,6336,5.0
864691135809426636,864691136175353606,5776,
864691135564688983,864691135564688983,664,
864691135952235811,864691135952235811,46472,0.0
864691135915174502,864691135915174502,176,0.0
864691135952235811,864691135952235811,2220,0.0
864691135775803565,864691136811215726,19468,
864691135345437343,864691135345437343,452,
864691135809759436,864691135809759436,3656,
864691135952235811,864691135952235811,580,0.0
864691135117831645,864691135117831645,476,
864691136032026043,864691136032026043,184,0.0
864691136911879153,864691136911879153,264,0.0
864691135385185365,864691136601960657,1024,
864691135771832395,864691136175353606,8656,
864691136783382638,864691135540113092,4084,
864691135334607849,864691135915174502,1396,
864691135952235811,864691135952235811,1260,0.0
864691135952235811,864691135952235811,7128,0.0
864691135991524801,864691135991524801,224,0.0
864691135771832395,864691135724497579,3600,
864691135683929783,864691135593523243,4400,
864691136388609655,864691135777122493,3952,
864691136662416094,864691136662416094,3448,0.0
864691136521842321,864691136521842321,716,0.0
864691135385284693,864691135385284693,188,
864691135385185365,864691135385185365,760,
864691136577481236,864691136577481236,380,0.0
864691135952235811,864691135952235811,6576,0.0
864691135596801603,864691135596801603,532,0.0
864691135724597419,864691135724597419,436,
864691136811215726,864691136811215726,1524,0.0
864691135952235811,864691135952235811,3324,0.0
864691136662432990,864691136662416094,2360,
864691135952235811,864691135952235811,164,0.0
864691135323244700,864691135724597419,5296,
864691135322991260,864691135322991260,560,
864691135593523243,864691135593523243,332,0.0
864691135699496482,864691135699496482,204,0.0
864691135952235811,864691135952235811,13716,0.0
864691135952235811,864691135952235811,10924,0.0
864691135526318171,864691135526318171,2568,0.0
864691135564558103,864691135564558103,1260,0.0
864691136601960657,864691136601960657,4592,0.0
864691135526318171,864691135526318171,400,0.0
864691135952235811,864691135952235811,7184,0.0
864691135952235811,864691135952235811,632,0.0
864691135210017216,864691135502100829,13520,6.0
864691135748123528,864691135748123528,1092,
864691135510719440,864691135510719440,856,0.0
864691135345176735,864691135345176735,6980,
864691135952235811,864691135952235811,3288,0.0
864691135888632713,864691135888632713,160,
864691135117831645,864691135117831645,188,
864691135939423489,864691135939423489,536,0.0
864691136662432990,864691135724497579,1000,
864691136116154788,864691135345437343,9816,
864691135497940243,864691135497940243,380,0.0
864691135952235811,864691135952235811,28244,0.0
864691136309669978,864691136309669978,408,0.0
864691135510719440,864691135510719440,212,0.0
864691135596801603,864691135596801603,876,0.0
864691136227267921,864691136911879153,880,4.0
864691135345176735,864691135345176735,1012,
864691135579824068,864691135699496482,1084,-4.0
864691136010955683,864691136010955683,2308,0.0
864691135340956101,864691135564558103,2508,
864691135952235811,864691135952235811,13148,0.0
864691135952235811,864691135952235811,24524,0.0
864691136105459161,864691136105459161,768,0.0
864691135488426298,864691135540113092,4396,
864691135360118087,864691135360118087,524,0.0
864691135564558103,864691135564558103,10500,0.0
864691135385185365,864691135385185365,632,
864691135385185365,864691136601960657,1632,
864691135952235811,864691135952235811,10672,0.0
864691135952235811,864691135952235811,868,0.0
864691135564558103,864691135564558103,1504,0.0
864691135771832395,864691135724497579,3100,
864691135841348835,864691135841348835,1296,0.0
864691135394616306,864691135560495329,364,
864691135307361094,864691135307361094,228,0.0
864691136662432990,864691135560495329,2672,
864691135915174502,864691135915174502,220,0.0
864691135182123010,864691135182123010,356,0.0
864691135540113092,864691135540113092,404,
864691135345437343,864691135345437343,196,
864691135939423489,864691135939423489,528,0.0
864691135952235811,864691135952235811,4764,0.0
864691135952235811,864691135952235811,1164,0.0
864691135909939625,864691136031763387,18020,
864691136682621814,864691135194410282,248,-7.0
864691136032026043,864691136032026043,272,0.0
864691134917404682,864691135385185365,884,
864691135307361094,864691135307361094,488,0.0
864691135952235811,864691135952235811,348,0.0
864691135945952036,864691136811215726,20176,3.0
864691136010955683,864691136010955683,252,0.0
864691136143404852,864691136143404852,212,0.0
864691135952235811,864691135952235811,1424,0.0
864691136811215726,864691136811215726,224,0.0
864691135952235811,864691135952235811,25424,0.0
864691135777122493,864691135777122493,1156,
864691135777122493,864691135777122493,2064,
864691135809759436,864691135809759436,1132,
864691136032026043,864691136032026043,672,0.0
864691135777122493,864691135777122493,268,
864691135873624974,864691135873624974,868,0.0
864691136601960657,864691136601960657,296,0.0
864691135952235811,864691135952235811,14216,0.0
864691135888632713,864691135385184341,1036,
864691135952235811,864691135952235811,1004,0.0
864691135614385867,864691135540113092,6296,
864691135564558103,864691135564558103,1256,0.0
864691135864090238,864691135864090238,208,0.0
864691135777122493,864691135777122493,2752,
864691135736916868,864691135736916868,920,0.0
864691135754054861,864691135754054861,396,0.0
864691135490591463,864691135939423489,3096,
864691135952235811,864691135952235811,22740,0.0
864691135939647142,864691135345437343,4584,
864691136521842321,864691136521842321,464,0.0
864691136662432990,864691135700545147,6952,
864691135952235811,864691135952235811,220,0.0
864691135540113092,864691135540113092,488,
864691135564558103,864691135564558103,260,0.0
864691135952235811,864691135952235811,10780,0.0
864691135952235811,864691135952235811,5796,0.0
864691135952235811,864691135952235811,20032,0.0
864691136911879153,864691136911879153,360,0.0
864691135117831645,864691135117831645,508,
864691136105459161,864691136105459161,352,0.0
864691135952235811,864691135952235811,5528,0.0
864691135952235811,864691135952235811,30304,0.0
864691135952235811,864691135952235811,5632,0.0
864691136577481236,864691136577481236,208,0.0
864691135593523243,864691135593523243,4048,0.0
864691135724597419,864691135345437343,5560,
864691135809494988,864691135510719440,4108,-8.0
864691135345176735,864691135345176735,11520,
864691135782702387,864691135526318171,16500,-10.0
864691135345437343,864691135345437343,600,
864691135596801603,864691135596801603,672,0.0
864691135683929783,864691136662416094,5164,
864691135345437343,864691135345437343,924,
864691135952235811,864691135952235811,1516,0.0
864691135873624974,864691135873624974,4204,0.0
864691136389008656,864691135724497579,11004,6.0
864691135345176735,864691135345176735,5572,
864691135991524801,864691135991524801,188,0.0
864691136911879153,864691136911879153,168,0.0
864691136681897582,864691136010955683,1224,11.0
864691135210073024,864691135926315988,17748,7.0
864691135952235811,864691135952235811,5664,0.0
864691135952235811,864691135952235811,244,0.0
864691135754054861,864691135754054861,500,0.0
864691135952235811,864691135952235811,8120,0.0
864691135345176735,864691135345176735,21808,
864691135771832395,864691135700545147,2628,
864691135385185365,864691135385185365,228,
864691135584185720,864691135754054861,3072,2.0
864691135385185365,864691135385185365,260,
864691135385185365,864691135385185365,820,
864691136175058182,864691136175058182,468,0.0
864691135952235811,864691135952235811,1708,0.0
864691136618390413,864691135809759436,3292,
864691135748123528,864691135502100829,2872,
864691135873624974,864691135873624974,1132,0.0
864691135952235811,864691135952235811,18016,0.0
864691136143404852,864691136143404852,764,0.0
864691135490940135,864691136105459161,3336,
864691135888632713,864691135888632713,328,
864691135700545147,864691135700545147,1096,0.0
864691136237510460,864691135754611922,2472,
864691135564950103,864691135564950103,192,0.0
864691135974661231,864691135560495329,4848,
864691135952235811,864691135952235811,2912,0.0
864691135334607849,864691136662416094,2108,
864691135952235811,864691135952235811,4728,0.0
864691136811215726,864691136811215726,280,0.0
864691136175353606,864691136175353606,196,0.0
864691136662416094,864691135345437343,3328,
864691135683929783,864691136105459161,2716,
864691136031763387,864691136031763387,568,
864691135182123010,864691135182123010,616,0.0
864691135841348835,864691135841348835,248,0.0
864691135117831645,864691135117831645,160,
864691135754054861,864691135754054861,240,0.0
864691135724597419,864691135724597419,256,
864691135952235811,864691135952235811,8840,0.0
864691136237451836,864691135939423489,3936,8.0
864691135307361094,864691135307361094,1564,0.0
864691135809759436,864691135809759436,6424,
864691135771832395,864691135724497579,328,
864691135952235811,864691135952235811,7820,0.0
864691135683929783,864691135724597419,1036,
864691135564558103,864691135564558103,216,0.0
864691135658111106,864691135658111106,372,0.0
864691135385185365,864691136601960657,5316,
864691136662416094,864691135345437343,4012,
864691135724497579,864691135724497579,2100,0.0
864691135490940135,864691135560495329,7472,
864691135865557893,864691135658111106,752,-4.0
864691135385185365,864691135385185365,420,
864691135748123528,864691135748123528,2056,
864691136662416094,864691135724597419,3352,
864691135952235811,864691135952235811,5292,0.0
864691136662416094,864691136662416094,212,0.0
864691135952235811,864691135952235811,1380,0.0
864691135502100829,864691135502100829,524,0.0
864691135526318171,864691135526318171,456,0.0
864691135952235811,864691135952235811,488,0.0
864691135358827352,864691135385185365,4724,
864691135182123010,864691135182123010,176,0.0
864691135952235811,864691135952235811,3476,0.0
864691135564688983,864691135564688983,172,
864691135490940135,864691135724497579,1812,
864691135540113092,864691135540113092,2068,
864691135345437343,864691135345437343,332,
864691135952235811,864691135952235811,17988,0.0
864691135952235811,864691135952235811,2188,0.0
864691135736916868,864691135736916868,616,0.0
864691135658111106,864691135658111106,1308,0.0
864691135952235811,864691135952235811,288,0.0
864691136175353606,864691136175353606,348,0.0
864691135396580129,864691135307361094,2020,
864691136811215726,864691136811215726,856,0.0
864691136723371261,864691135658111106,460,
864691135952235811,864691135952235811,5116,0.0
864691135952235811,864691135952235811,628,0.0
864691135360118087,864691135360118087,892,0.0
864691135396580129,864691135510719440,1304,
864691135213001784,864691135888632713,452,
864691135345176735,864691135345176735,62228,
864691135952235811,864691135952235811,208,0.0
864691135952235811,864691135952235811,8308,0.0
864691136601960657,864691136601960657,236,0.0
864691135683929783,864691135593523243,6592,
864691135385185365,864691135385185365,176,
864691136601960657,864691136601960657,7256,0.0
864691135952235811,864691135952235811,6000,0.0
864691135809426636,864691136175353606,2932,
864691135385185365,864691135385185365,184,
864691135385185365,864691135385185365,668,
864691136907500142,864691135754611922,2204,6.0
864691135334607849,864691135754611922,744,
864691135385184341,864691135385184341,3760,
864691135334607849,864691135915174502,1760,
864691136601960657,864691136601960657,252,0.0
864691136601960657,864691136601960657,344,0.0
864691135994524842,864691135888632713,17204,
864691136723371261,864691136010955683,12796,
864691135385184341,864691135385184341,428,
864691136389008656,864691135724497579,368,6.0
864691135596801603,864691135596801603,200,0.0
864691135724597419,864691135593523243,4884,
864691136023889209,864691136010954659,1116,
864691135809426636,864691136175353606,4100,
864691135724497579,864691135724497579,4968,0.0
864691135724597419,864691135724597419,252,
864691136601960657,864691136601960657,672,0.0
864691135684358583,864691135724597419,1352,
864691135596801603,864691135596801603,304,0.0
864691135564558103,864691135564558103,236,0.0
864691136672640647,864691136672640647,236,0.0
864691136032026043,864691136032026043,292,0.0
864691135385185365,864691135385185365,192,
864691136662432990,864691135724497579,1272,
864691136521842321,864691136521842321,184,0.0
864691135382728410,864691135382728410,5568,0.0
864691135560495329,864691135560495329,236,0.0
864691135510719440,864691135510719440,264,0.0
864691135939423489,864691135939423489,748,0.0
864691135564558103,864691135564558103,284,0.0
864691135748123528,864691135748123528,200,
864691136389008656,864691136100052085,2300,4.0
864691136907500142,864691135754611922,3884,6.0
864691135771832395,864691135724497579,972,
864691135385185365,864691135385185365,552,
864691135952235811,864691135952235811,296,0.0
864691135345176735,864691135345176735,3832,
864691136123686438,864691136143404852,672,15.0
864691135323181212,864691135593523243,2484,
864691136911879153,864691136911879153,472,0.0
864691136237449276,864691136237449276,1408,0.0
864691135117831645,864691135117831645,288,
864691135560495329,864691135560495329,1440,0.0
864691135724597419,864691135724597419,3016,
864691135593523243,864691135593523243,1856,0.0
864691135345176735,864691135345176735,13192,
864691135746802824,864691135345437343,7940,
864691136389008656,864691136100052085,852,4.0
864691135593523243,864691135593523243,172,0.0
864691135478294982,864691135345437343,7288,
864691135502100829,864691135502100829,400,0.0
864691135462747198,864691135462747198,492,0.0
864691136601960657,864691136601960657,488,0.0
864691136811215726,864691136811215726,172,0.0
864691135345176735,864691135345176735,14920,
864691135724597419,864691135724597419,676,
864691135952235811,864691135952235811,4292,0.0
864691135382728410,864691135382728410,828,0.0
864691135873624974,864691135873624974,2248,0.0
864691135991524801,864691135991524801,772,0.0
864691135510719440,864691135510719440,448,0.0
864691135658111106,864691135658111106,2772,0.0
864691135117831645,864691135117831645,200,
864691135658111106,864691135658111106,384,0.0
864691135754611922,864691135754611922,644,0.0
864691135952235811,864691135952235811,28328,0.0
864691135345176735,864691135345176735,25980,
864691135952235811,864691135952235811,3124,0.0
864691136105459161,864691136105459161,420,0.0
864691135952235811,864691135952235811,3536,0.0
864691135952235811,864691135952235811,32852,0.0
864691134917404682,864691135724597419,956,
864691134917404682,864691135526318171,1652,
864691135771832395,864691136297086491,4004,
864691135724597419,864691135345176735,3720,
864691135754054861,864691135754054861,260,0.0
864691135396383265,864691136811215726,5460,
864691136577482772,864691136577482772,172,0.0
864691136175058182,864691136175058182,168,0.0
864691135724597419,864691135724597419,248,
864691135841307619,864691135584185720,2968,
864691135754054861,864691135754054861,1056,0.0
864691135182123010,864691135182123010,884,0.0
864691135345176735,864691135345176735,5652,
864691135182123010,864691135182123010,432,0.0
864691135754054861,864691135754054861,880,0.0
864691135385185365,864691135385185365,1736,
864691135724497579,864691135724497579,828,0.0
864691136010955683,864691136010955683,10468,0.0
864691135724597419,864691135724597419,204,
864691136601960657,864691136601960657,516,0.0
864691136390418815,864691135385185365,4712,
864691135952235811,864691135952235811,5984,0.0
864691135952235811,864691135952235811,8920,0.0
864691136577481236,864691136577481236,1532,0.0
864691135639006523,864691135639006523,396,0.0
864691135497940243,864691135497940243,620,0.0
864691135497940243,864691135497940243,1860,0.0
864691136521842321,864691136521842321,232,0.0
864691135345176735,864691135345176735,11528,
864691135345176735,864691135345176735,5924,
864691136143415348,864691135952235811,2736,2.0
864691136031763387,864691136031763387,676,
864691136297086491,864691136297086491,684,
864691135952235811,864691135952235811,220,0.0
864691135952235811,864691135952235811,18392,0.0
864691136601960657,864691136601960657,592,0.0
864691136143404852,864691136143404852,1892,0.0
864691135540113092,864691135540113092,1080,
864691135746802824,864691135345176735,4840,
864691135724597419,864691135724597419,164,
864691136662432990,864691135564558103,252,
864691135952235811,864691135952235811,672,0.0
864691135593523243,864691135593523243,1392,0.0
864691135952235811,864691135952235811,296,0.0
864691135334607849,864691136662416094,5272,
864691135855570222,864691135855570222,3364,0.0
864691135952235811,864691135952235811,35320,0.0
864691135596801603,864691135596801603,652,0.0
864691136123695953,864691135952235811,1360,11.0
864691135385185365,864691135385185365,188,
864691135939423489,864691135939423489,164,0.0
864691135385185365,864691135385185365,1068,
864691135952235811,864691135952235811,10040,0.0
864691136209328060,864691135724497579,3168,-1.0
864691136662416094,864691136662416094,272,0.0
864691135952235811,864691135952235811,9316,0.0
864691135724597419,864691135724597419,908,
864691135564558103,864691135564558103,224,0.0
864691136286627011,864691135700545147,204,1.0
864691136672640647,864691136672640647,228,0.0
864691136039701246,864691136010955683,21420,13.0
864691136031763387,864691136031763387,772,
864691135771832395,864691136175353606,11460,
864691134939986275,864691135385185365,8324,
864691135754611922,864691135754611922,356,0.0
864691135373626441,864691135700545147,16212,
864691136143404852,864691136143404852,184,0.0
864691135497940243,864691135497940243,760,0.0
864691135385324629,864691136236727567,1420,1.0
864691136389008656,864691135724497579,4080,6.0
864691134917404682,864691135526318171,3728,
864691136911879153,864691136911879153,796,0.0
864691135952235811,864691135952235811,4644,0.0
864691135396383265,864691136811215726,3540,
864691135724597419,864691135724597419,516,
864691135194410282,864691135194410282,492,0.0
864691136032026043,864691136032026043,884,0.0
864691136237451836,864691136175058182,1404,-1.0
864691135777122493,864691135777122493,312,
864691135526318171,864691135526318171,12856,0.0
864691135952235811,864691135952235811,180,0.0
864691135841348835,864691135841348835,728,0.0
864691136662416094,864691136662416094,180,0.0
864691136911879153,864691136911879153,384,0.0
864691135952235811,864691135952235811,10864,0.0
864691135952235811,864691135952235811,7564,0.0
864691135385184341,864691135385184341,244,
864691135754054861,864691135754054861,4756,0.0
864691136577481236,864691136577481236,256,0.0
864691135952235811,864691135952235811,3000,0.0
864691136031763387,864691136031763387,972,
864691135952235811,864691135952235811,14828,0.0
864691135593523243,864691135593523243,2136,0.0
864691135502100829,864691135502100829,2608,0.0
864691136911879153,864691136911879153,1080,0.0
864691135724597419,864691135724597419,504,
864691135683929783,864691135560495329,5160,
864691136031763387,864691136031763387,464,
864691135939423489,864691135939423489,432,0.0
864691134917404682,864691135385185365,2300,
864691135396383265,864691135385184341,3728,
864691135952235811,864691135952235811,3872,0.0
864691135939423489,864691135939423489,784,0.0
864691135952235811,864691135952235811,1812,0.0
864691136723529213,864691136723529213,1060,0.0
864691135345176735,864691135345176735,2452,
864691135952235811,864691135952235811,29796,0.0
864691136601960657,864691136601960657,3436,0.0
864691135952235811,864691135952235811,4392,0.0
864691135952235811,864691135952235811,4216,0.0
864691135497940243,864691135497940243,1068,0.0
864691135584185720,864691135584185720,696,0.0
864691135360118087,864691135360118087,320,0.0
864691135736916868,864691135736916868,648,0.0
864691135385284693,864691135385284693,732,
864691135462747198,864691135462747198,500,0.0
864691135117831645,864691135117831645,2864,
864691135639006523,864691135639006523,2540,0.0
864691135748123528,864691135748123528,316,
864691135699496482,864691135699496482,188,0.0
864691135596801603,864691135596801603,200,0.0
864691135809426636,864691136175353606,9156,
864691136521842321,864691136521842321,428,0.0
864691135952235811,864691135952235811,12092,0.0
864691136389008656,864691136100052085,1848,4.0
864691135952235811,864691135952235811,21508,0.0
864691135855570222,864691135855570222,1776,0.0
864691135777122493,864691135777122493,500,
864691135394616306,864691135724497579,1828,
864691135584185720,864691135584185720,344,0.0
864691135952235811,864691135952235811,660,0.0
864691136194081494,864691135658111106,2372,-5.0
864691135754054861,864691135754054861,1740,0.0
864691135748123528,864691135748123528,352,
864691135385185365,864691135385185365,524,
864691135334607849,864691135593523243,1312,
864691135724597419,864691135724597419,676,
864691135724497579,864691135724497579,536,0.0
864691135396580129,864691135593523243,6448,
864691134917404682,864691135385185365,5996,
864691135952235811,864691135952235811,444,0.0
864691135952235811,864691135952235811,3420,0.0
864691136521842321,864691136521842321,668,0.0
864691135724597419,864691135724597419,880,
864691135564667223,864691135564950103,17564,-8.0
864691135754054861,864691135754054861,196,0.0
864691135809759436,864691135809759436,164,
864691135396580129,864691136723529213,5816,
864691135724497579,864691135724497579,928,0.0
864691136973722140,864691136577481236,8172,5.0
864691135754054861,864691135754054861,668,0.0
864691135952235811,864691135952235811,300,0.0
864691135385184341,864691135385184341,8368,
864691135724597419,864691135724597419,288,
864691135584185720,864691135584185720,676,0.0
864691135739595412,864691136911879153,6176,
864691135952235811,864691135952235811,1056,0.0
864691135415498682,864691136175058182,29368,
864691136601960657,864691136601960657,260,0.0
864691135724597419,864691135724597419,200,
864691135952235811,864691135952235811,7524,0.0
864691135926315988,864691135926315988,168,0.0
864691135952235811,864691135952235811,428,0.0
864691135724597419,864691135345176735,2156,
864691135345176735,864691135345176735,25592,
864691135194410282,864691135194410282,6088,0.0
864691135345176735,864691135345176735,352,
864691136065739416,864691135700545147,208,
864691135540113092,864691135540113092,200,
864691135699496482,864691135699496482,1028,0.0
864691135385185365,864691135385185365,248,
864691135699496482,864691135699496482,348,0.0
864691136723529213,864691136723529213,344,0.0
864691136577482772,864691136577482772,5532,0.0
864691135771832395,864691135345437343,7008,
864691135490940135,864691135699496482,4500,
864691136601960657,864691136601960657,332,0.0
864691134917404682,864691135526318171,1040,
864691135491207007,864691136175058182,1068,-3.0
864691135385184341,864691135385184341,4064,
864691135596801603,864691135596801603,844,0.0
864691135564950103,864691135564950103,320,0.0
864691135564558103,864691135564558103,656,0.0
864691135873624974,864691135873624974,2592,0.0
864691136577481236,864691136577481236,236,0.0
864691135952235811,864691135952235811,12628,0.0
864691135736916868,864691135736916868,596,0.0
864691136601960657,864691136601960657,11332,0.0
864691135864090238,864691135864090238,160,0.0
864691135385284693,864691136031763387,644,
864691135560495329,864691135560495329,916,0.0
864691135385284693,864691135385284693,1504,
864691135117831645,864691135117831645,288,
864691135345176735,864691135345176735,2884,
864691136105459161,864691136105459161,2548,0.0
864691135952235811,864691135952235811,268,0.0
864691135639006523,864691135639006523,684,0.0
864691135502100829,864691135502100829,880,0.0
864691135841348835,864691135841348835,1952,0.0
864691135952235811,864691135952235811,4692,0.0
864691135683929783,864691135593523243,2384,
864691136236727567,864691136236727567,284,0.0
864691136811215726,864691136811215726,272,0.0
864691136031763387,864691136031763387,4580,
864691135345176735,864691135345176735,15176,
864691135462747198,864691135462747198,1080,0.0
864691135334607849,864691136662416094,4692,
864691135593523243,864691135593523243,1516,0.0
864691136311742013,864691135777122493,4512,
864691136601960657,864691135748123528,5684,
864691135345176735,864691135345176735,6012,
864691135952235811,864691135952235811,6004,0.0
864691136297086491,864691136297086491,164,
864691136601960657,864691136601960657,4780,0.0
864691135724597419,864691135345176735,6920,
864691136601960657,864691136601960657,8940,0.0
864691136740800092,864691136237449276,3656,-1.0
864691136031763387,864691136031763387,1044,
864691135683929783,864691135540113092,5016,
864691135952235811,864691135952235811,22516,0.0
864691135540113092,864691135540113092,228,
864691136010955683,864691136010955683,3240,0.0
864691135155894884,864691135540113092,5520,
864691135939423489,864691135939423489,468,0.0
864691135210073024,864691135210073024,188,0.0
864691135777122493,864691135777122493,5504,
864691134917404682,864691135385185365,4688,
864691135952235811,864691135952235811,3932,0.0
864691135385185365,864691135385185365,240,
864691135394616306,864691135345437343,4984,
864691135873624974,864691135873624974,4656,0.0
864691136601960657,864691136601960657,240,0.0
864691135526318171,864691135526318171,3872,0.0
864691135396385057,864691135596801603,872,4.0
864691136618390413,864691135700545147,4308,12.0
864691135771832395,864691135593523243,1584,
864691136521842321,864691136521842321,268,0.0
864691136237449276,864691136237449276,176,0.0
864691135497940243,864691135497940243,2212,0.0
864691135952235811,864691135952235811,4784,0.0
864691136032026043,864691136032026043,632,0.0
864691135926315988,864691135926315988,712,0.0
864691135952235811,864691135952235811,1632,0.0
864691135593523243,864691135593523243,7164,0.0
864691135952235811,864691135952235811,196,0.0
864691135809759436,864691135809759436,708,
864691135396580129,864691135307361094,4336,
864691135736916868,864691135736916868,848,0.0
864691135564950103,864691135564950103,468,0.0
864691135385185365,864691135385185365,832,
864691136286569667,864691136601960657,2516,-10.0
864691135322991260,864691135322991260,3428,
864691136032026043,864691136032026043,1072,0.0
864691136951640287,864691135382728410,332,-3.0
864691135560495329,864691135560495329,272,0.0
864691135771832395,864691135724497579,2080,
864691136031763387,864691136031763387,776,
864691135952235811,864691135952235811,536,0.0
864691135540113092,864691135540113092,164,
864691136091198388,864691135182123010,6396,-11.0
864691135658111106,864691135658111106,228,0.0
864691135334607849,864691135526318171,3152,
864691135952235811,864691135952235811,15248,0.0
864691135952235811,864691135952235811,10640,0.0
864691135564558103,864691135564558103,15492,0.0
864691135952235811,864691135952235811,13336,0.0
864691135926315988,864691135926315988,376,0.0
864691135360118087,864691135360118087,228,0.0
864691135952235811,864691135952235811,532,0.0
864691135385185365,864691135385185365,324,
864691136812192115,864691135699496482,3928,-4.0
864691135841348835,864691135841348835,1892,0.0
864691136811215726,864691136811215726,300,0.0
864691135210020288,864691135748123528,1916,
864691135394616306,864691135345437343,2600,
864691136662432990,864691135888632713,5572,
864691135888632713,864691135888632713,732,
864691136010954659,864691136010954659,236,
864691135994550698,864691135502100829,2356,7.0
864691135658111106,864691135658111106,2844,0.0
864691136601960657,864691136601960657,844,0.0
864691135952235811,864691135952235811,2792,0.0
864691136389008656,864691136100052085,252,4.0
864691136143404852,864691136143404852,436,0.0
864691136100052085,864691136100052085,316,0.0
864691135952235811,864691135952235811,34756,0.0
864691135396383265,864691136811215726,4860,
864691136662416094,864691136662416094,4624,0.0
864691135584185720,864691135584185720,988,0.0
864691135952235811,864691135952235811,4368,0.0
864691136723562237,864691136723562237,1736,0.0
864691135564558103,864691135564558103,2156,0.0
864691135737076100,864691136911879153,832,
864691135952235811,864691135952235811,7376,0.0
864691135683929783,864691136662416094,3712,
864691136031763387,864691136031763387,204,
864691135777122493,864691135777122493,212,
864691135564950103,864691135564950103,516,0.0
864691135724497579,864691135724497579,1048,0.0
864691135490940135,864691135724497579,2812,
864691135700545147,864691135700545147,1596,0.0
864691135754054861,864691135754054861,316,0.0
864691135385185365,864691135385185365,624,
864691136286569667,864691135748123528,14832,
864691135385184341,864691135385184341,164,
864691135748123528,864691135748123528,292,
864691135385185365,864691135385185365,1624,
864691136390418815,864691135385185365,8816,
864691136911879153,864691136911879153,568,0.0
864691136662432990,864691135564558103,636,
864691135385184341,864691135385184341,1864,
864691136811215726,864691136811215726,676,0.0
864691135740182891,864691136175353606,2456,
864691135748123528,864691135748123528,496,
864691135926315988,864691135926315988,1536,0.0
864691135385185365,864691135385185365,496,
864691135952235811,864691135952235811,36224,0.0
864691136237449276,864691136237449276,320,0.0
864691135748123528,864691135502100829,3836,
864691135570690541,864691135639006523,28696,-1.0
864691137196878913,864691135564950103,2468,
864691136236727567,864691136236727567,500,0.0
864691136175353606,864691136175353606,1260,0.0
864691135323181212,864691135560495329,2772,
864691135746802824,864691135724597419,448,
864691135952235811,864691135952235811,476,0.0
864691135194410282,864691135194410282,584,0.0
864691135345176735,864691135345176735,15132,
864691135754054861,864691135754054861,820,0.0
864691136577482772,864691136577482772,184,0.0
864691136577481236,864691136577481236,300,0.0
864691135510719440,864691135510719440,440,0.0
864691135360118087,864691135360118087,304,0.0
864691135952235811,864691135952235811,7868,0.0
864691135658111106,864691135658111106,4248,0.0
864691135385184341,864691135385184341,272,
864691135396580129,864691136100052085,2264,
864691135994577066,864691135991524801,8940,
864691136662416094,864691136662416094,1548,0.0
864691135210073024,864691135210073024,812,0.0
864691135724597419,864691135724597419,1168,
864691135322991260,864691135322991260,864,
864691136730652022,864691135724597419,6432,
864691135952235811,864691135497940243,17444,-14.0
864691135564950103,864691135564950103,220,0.0
864691136123695953,864691135182123010,6884,-2.0
864691135771832395,864691135560495329,1280,
864691135345176735,864691135345176735,15388,
864691135771832395,864691135809759436,4240,
864691135658111106,864691135658111106,368,0.0
864691135724597419,864691135724597419,4596,
864691135724597419,864691135593523243,5216,
864691135809426636,864691136175353606,7148,
864691135396580129,864691135560495329,536,
864691135540113092,864691135540113092,400,
864691136911879153,864691136911879153,240,0.0
864691135771832395,864691136175353606,16288,
864691135584185720,864691135584185720,192,0.0
864691135394616306,864691135754611922,14488,
864691135560495329,864691135560495329,176,0.0
864691136812192115,864691135699496482,4932,-4.0
864691135593523243,864691135593523243,4760,0.0
864691135777122493,864691135777122493,504,
864691136010955683,864691136010955683,756,0.0
864691135746802824,864691135345176735,4828,
864691135939423489,864691135939423489,380,0.0
864691136286569667,864691135502100829,1092,-6.0
864691136811215726,864691136811215726,1212,0.0
864691136065739416,864691135564558103,4024,
864691136811215726,864691136811215726,176,0.0
864691135952235811,864691135952235811,9796,0.0
864691136740782428,864691135748123528,4508,
864691135497940243,864691135497940243,160,0.0
864691135497940243,864691135497940243,548,0.0
864691136662432990,864691135724497579,252,
864691136662432990,864691135560495329,5000,
864691136175353606,864691136175353606,208,0.0
864691136577482772,864691136577482772,3992,0.0
864691136105459161,864691136105459161,376,0.0
864691135593523243,864691135593523243,684,0.0
864691136662432990,864691135700545147,424,
864691135748123528,864691135748123528,436,
864691136723562237,864691136723562237,30000,0.0
864691136105459161,864691136105459161,720,0.0
864691135385185365,864691135385185365,272,
864691136577482772,864691136577482772,260,0.0
864691135864090238,864691135864090238,652,0.0
864691135939423489,864691135939423489,1272,0.0
864691135915174502,864691135915174502,548,0.0
864691135873624974,864691135873624974,2668,0.0
864691136297086491,864691135593523243,788,
864691135748123528,864691135748123528,168,
864691135952235811,864691135952235811,6896,0.0
864691135345176735,864691135345176735,1152,
864691136237449276,864691136237449276,2436,0.0
864691135584185720,864691135584185720,1092,0.0
864691135540113092,864691135540113092,456,
864691135809759436,864691136100052085,780,
864691135952235811,864691135952235811,796,0.0
864691136031763387,864691136031763387,2320,
864691137196878913,864691136723562237,2140,
864691135683929783,864691136105459161,2720,
864691135736916868,864691135736916868,168,0.0
864691135939423489,864691135939423489,588,0.0
864691136911879153,864691136911879153,444,0.0
864691135564688983,864691135564688983,200,
864691135497940243,864691135497940243,288,0.0
864691135939423489,864691135939423489,628,0.0
864691136601960657,864691136601960657,2212,0.0
864691136297086491,864691135593523243,1572,
864691135991524801,864691135991524801,312,0.0
864691135754054861,864691135754054861,1472,0.0
864691135564688983,864691135564688983,364,
864691135746802824,864691135345176735,6512,
864691135540113092,864691135540113092,260,
864691135497940243,864691135497940243,3248,0.0
864691135952235811,864691135952235811,11180,0.0
864691135777122493,864691135777122493,624,
864691135385184341,864691135385184341,268,
864691135823391340,864691135823391340,2772,
864691135462747198,864691135462747198,1940,0.0
864691135502100829,864691135502100829,196,0.0
864691135754054861,864691135754054861,608,0.0
864691135683929783,864691135724597419,312,
864691135754054861,864691135754054861,488,0.0
864691135345176735,864691135345176735,312,
864691135809759436,864691135809759436,392,
864691135396385057,864691135596801603,7684,4.0
864691135952235811,864691135952235811,13984,0.0
864691135841348835,864691135841348835,1584,0.0
864691135385185365,864691135385185365,208,
864691135322991260,864691135322991260,904,
864691135724597419,864691135724597419,1388,
864691135385184341,864691135385184341,432,
864691135888632713,864691135888632713,424,
864691136911879153,864691136911879153,180,0.0
864691135385185365,864691135385185365,172,
864691135385185365,864691135385185365,468,
864691136297086491,864691136297086491,236,
864691135952235811,864691135952235811,26392,0.0
864691135841348835,864691135841348835,4660,0.0
864691135385185365,864691135385185365,364,
864691135952235811,864691135952235811,448,0.0
864691135771832395,864691135593523243,3144,
864691135724597419,864691135724597419,960,
864691135952235811,864691135952235811,2220,0.0
864691135748123528,864691135777122493,1252,
864691135748123528,864691135748123528,448,
864691135873624974,864691135873624974,964,0.0
864691135385185365,864691135385185365,244,
864691135754611922,864691135754611922,508,0.0
864691135748123528,864691135748123528,168,
864691135724597419,864691135724597419,508,
864691136109164984,864691136236727567,4492,-5.0
864691135385184341,864691135385184341,408,
864691135385185365,864691135385185365,372,
864691135771832395,864691135754611922,1680,
864691135526318171,864691135526318171,4592,0.0
864691135385284693,864691135385284693,1436,
864691134917404682,864691135526318171,272,
864691135952235811,864691135952235811,4132,0.0
864691135974661231,864691135560495329,17480,
864691136911879153,864691136911879153,208,0.0
864691136390418815,864691135385185365,3528,
864691135385284693,864691135385284693,652,
864691135809426636,864691136175353606,1308,
864691135345437343,864691135345437343,164,
864691135724497579,864691135724497579,308,0.0
864691136723562237,864691136723562237,2448,0.0
864691135210073024,864691135210073024,628,0.0
864691136811215726,864691136811215726,224,0.0
864691136601960657,864691136601960657,748,0.0
864691136601960657,864691136601960657,160,0.0
864691135952235811,864691135952235811,368,0.0
864691135490588903,864691135385185365,4064,
864691135873624974,864691135873624974,164,0.0
864691135274403301,864691135724497579,3228,7.0
864691135724597419,864691135724597419,180,
864691135873624974,864691135873624974,240,0.0
864691135873624974,864691135873624974,428,0.0
864691135771832395,864691135564558103,14460,
864691136811215726,864691136811215726,192,0.0
864691135952235811,864691135952235811,26848,0.0
864691135526318171,864691135526318171,356,0.0
864691136237449276,864691136237449276,256,0.0
864691136601960657,864691136601960657,332,0.0
864691134917404682,864691135526318171,2052,
864691135952235811,864691135952235811,1380,0.0
864691135754536914,864691136297086491,2268,
864691135968897381,864691135926315988,3024,-1.0
864691135345176735,864691135345176735,832,
864691135952235811,864691135952235811,6652,0.0
864691135952235811,864691135952235811,12588,0.0
864691136662416094,864691136662416094,660,0.0
864691135544411432,864691135194410282,8496,
864691135865500805,864691135865500805,208,0.0
864691135538095218,864691135207748217,3392,
864691135415498426,864691135415498426,360,0.0
864691135602899267,864691135602899267,712,
864691135737181572,864691135737181572,808,
864691136672642951,864691136672642951,1464,0.0
864691135502269109,864691135502269109,300,0.0
864691136388609655,864691136388609655,27972,0.0
864691136812234867,864691136812234867,364,0.0
864691135614367179,864691135614367179,232,0.0
864691135748123528,864691136286569667,3228,
864691135991526337,864691135991526337,224,0.0
864691136286569667,864691136286569667,200,0.0
864691136594490274,864691136594490274,632,0.0
864691135750649224,864691135750649224,352,0.0
864691136672642951,864691136672642951,216,0.0
864691136812660334,864691136812660334,380,0.0
864691135415498682,864691135415498682,184,
864691135991526337,864691135991526337,240,0.0
864691135991526337,864691135991526337,184,0.0
864691137019557742,864691137019557742,172,0.0
864691135639271483,864691135639271483,400,0.0
864691135684358583,864691135684358583,296,0.0
864691135337696486,864691136388609655,576,
864691136194032342,864691136194032342,232,0.0
864691136134428811,864691136134428811,260,0.0
864691136812234867,864691136812234867,300,0.0
864691136309999450,864691136309999450,596,0.0
864691135210435520,864691135210435520,1384,0.0
864691135939426305,864691135939426305,460,
864691135615759977,864691135946832225,18912,
864691135345177759,864691135345177759,264,0.0
864691136041267592,864691136041267592,192,0.0
864691135415498426,864691135415498426,2008,0.0
864691135614367179,864691135614367179,2964,0.0
864691135478258374,864691135322929564,632,
864691135560860385,864691136783627886,3096,
864691135692714687,864691135692714687,288,0.0
864691135748123528,864691135692714687,280,
864691135748123528,864691135415990458,2560,
864691135683929783,864691135614367179,1376,
864691135577011461,864691135577011461,2492,
864691135939293953,864691135939293953,168,0.0
864691135692714687,864691135692714687,200,0.0
864691136134428811,864691136134428811,1132,0.0
864691135602899267,864691135602899267,380,
864691136388609655,864691136388609655,348,0.0
864691136740800092,864691136740800092,30044,0.0
864691136286569667,864691136286569667,2004,0.0
864691136617105883,864691136481342436,1656,
864691135602899267,864691135602899267,4116,
864691136740800092,864691136740800092,228,0.0
864691136783627886,864691136783627886,464,
864691136577516564,864691136577516564,1236,0.0
864691136389008656,864691136309999450,3536,0.0
864691137019557742,864691137019557742,500,0.0
864691135939293953,864691135939293953,332,0.0
864691135345177759,864691135345177759,224,0.0
864691135415990458,864691135415990458,556,0.0
864691137053668214,864691137053668214,260,0.0
864691135684358583,864691135684358583,220,0.0
864691135684358583,864691135684358583,220,0.0
864691136309999450,864691136309999450,788,0.0
864691135415498426,864691135415498426,1072,0.0
864691136004947658,864691135207748217,5456,
864691136481342436,864691136481342436,180,0.0
864691135865500805,864691135865500805,3700,0.0
864691135684358583,864691135684358583,468,0.0
864691136422819887,864691136422819887,784,0.0
864691135750649224,864691135750649224,2736,0.0
864691135212696192,864691135212696192,208,0.0
864691135544407592,864691135544407592,372,
864691137053668214,864691137053668214,352,0.0
864691136309999450,864691136309999450,1492,0.0
864691136286569667,864691136286569667,368,0.0
864691136237451836,864691136237451836,324,0.0
864691135683929783,864691135639271483,2836,
864691136594490274,864691136594490274,3612,0.0
864691137053668214,864691137053668214,576,0.0
864691135866851350,864691135692714687,13928,8.0
864691136925715786,864691136136885117,11588,6.0
864691135866386198,864691135866386198,232,0.0
864691135730105529,864691136237451836,356,-11.0
864691135502070197,864691135502070197,692,0.0
864691136388570640,864691136236728591,15108,8.0
864691135207748217,864691135207748217,496,
864691135490591463,864691135502269109,3468,
864691135502269109,864691135502269109,816,0.0
864691136422819887,864691136422819887,988,0.0
864691136194032342,864691136194032342,688,0.0
864691135396580129,864691135684358583,2756,
864691136194032342,864691136194032342,192,0.0
864691135502070197,864691135502070197,5068,0.0
864691135345177759,864691135345177759,476,0.0
864691136194032342,864691136194032342,752,0.0
864691135724597419,864691135639271483,2504,
864691136041267592,864691136041267592,420,0.0
864691136008724652,864691136422819887,2304,-2.0
864691135334607849,864691136006174344,6560,
864691136813741934,864691136813741934,1052,0.0
864691136194032342,864691136194032342,160,0.0
864691135502025909,864691135403733998,6160,
864691135961838161,864691135961838161,652,
864691136672642951,864691136672642951,1520,0.0
864691136388609655,864691136388609655,3632,0.0
864691135437748210,864691135437748210,204,0.0
864691135639271483,864691135639271483,460,0.0
864691136422819887,864691136422819887,220,0.0
864691135212696192,864691135212696192,1800,0.0
864691135639271483,864691135639271483,160,0.0
864691135334607849,864691135991526337,200,
864691136662432990,864691135865500805,2664,
864691135639271483,864691135639271483,1208,0.0
864691135437748210,864691135437748210,1272,0.0
864691137019557742,864691137019557742,228,0.0
864691136594490274,864691136594490274,868,0.0
864691135565237700,864691136388609655,1688,3.0
864691135334607849,864691135866386198,3200,
864691136740800092,864691136740800092,1732,0.0
864691135099839008,864691135415498682,3040,
864691135866386198,864691135866386198,264,0.0
864691135939293953,864691135939293953,508,0.0
864691136109164984,864691136109164984,396,0.0
864691135909939625,864691135737181572,236,
864691136309631322,864691135939426305,5424,
864691135577011461,864691135577011461,172,
864691136041267592,864691136041267592,680,0.0
864691137196878913,864691136577516564,1072,
864691135544407592,864691135544407592,680,
864691135334607849,864691136006174344,1772,
864691136422819887,864691136422819887,3080,0.0
864691136812660334,864691136812660334,680,0.0
864691136194032342,864691136194032342,188,0.0
864691134917404682,864691135866386198,252,
864691135684358583,864691135684358583,22092,0.0
864691136723431933,864691136723431933,852,0.0
864691136286569667,864691136286569667,928,0.0
864691135415498426,864691135415498426,1248,0.0
864691135502269109,864691135502269109,296,0.0
864691135307330630,864691135307330630,2968,0.0
864691135394616306,864691135939293953,516,
864691135345244063,864691135345244063,272,0.0
864691136388609655,864691136388609655,332,0.0
864691136286569667,864691136286569667,300,0.0
864691135212696192,864691135212696192,260,0.0
864691136662432990,864691136236728591,2944,
864691136236728591,864691136236728591,184,0.0
864691136641618806,864691136136885117,4508,-5.0
864691135462747198,864691135991526337,3296,8.0
864691135341263557,864691136422819887,1928,-2.0
864691135946832225,864691135946832225,996,0.0
864691136237451836,864691136237451836,584,0.0
864691136783627886,864691136783627886,2868,
864691136388609655,864691136388609655,240,0.0
864691136662195166,864691135692714687,4200,-6.0
864691137053668214,864691137053668214,208,0.0
864691136194032342,864691136194032342,188,0.0
864691136109164984,864691136109164984,200,0.0
864691136783627886,864691136783627886,2696,
864691136422819887,864691136422819887,6732,0.0
864691135415990458,864691135415990458,504,0.0
864691135639271483,864691136783627886,5280,
864691135544411432,864691136388609655,4476,
864691135807264285,864691136783627886,1168,
864691135488426298,864691136422819887,1624,1.0
864691135961838161,864691135961838161,2808,
864691135639271483,864691135639271483,808,0.0
864691136006174344,864691136006174344,612,0.0
864691135544407592,864691135544407592,1784,
864691136236728591,864691136236728591,300,0.0
864691135577011461,864691135577011461,492,
864691136952055519,864691136952055519,164,0.0
864691135577011461,864691135577011461,220,
864691136577516564,864691136577516564,548,0.0
864691136783627886,864691136783627886,14600,
864691135415990458,864691135415990458,252,0.0
864691136672642951,864691136672642951,356,0.0
864691136236728591,864691136236728591,296,0.0
864691135544407592,864691135544407592,172,
864691136134428811,864691136134428811,160,0.0
864691135577011461,864691135577011461,1000,
864691136422819887,864691136422819887,6868,0.0
864691135307330630,864691135307330630,5424,0.0
864691135415498426,864691135415498426,360,0.0
864691135210435520,864691135210435520,512,0.0
864691135684358583,864691135684358583,576,0.0
864691136309999450,864691136309999450,212,0.0
864691136594490274,864691136594490274,1192,0.0
864691135012910998,864691135012910998,332,0.0
864691135012910998,864691135012910998,584,0.0
864691136577516564,864691136577516564,572,0.0
864691135593526059,864691135593526059,1800,0.0
864691136309999450,864691136309999450,264,0.0
864691136134428811,864691136134428811,576,0.0
864691136662432990,864691135684358583,3872,
864691135462747198,864691135415990458,3436,-4.0
864691135771832395,864691136236728591,5180,
864691136723431933,864691136723431933,536,0.0
864691136481342436,864691136481342436,2620,0.0
864691135437748210,864691135437748210,212,0.0
864691135684358583,864691135684358583,420,0.0
864691135345244063,864691135345244063,4076,0.0
864691136237451836,864691136237451836,288,0.0
864691135570699501,864691135544407592,428,
864691135544407592,864691135544407592,476,
864691135544407592,864691135544407592,528,
864691135366955257,864691135593526059,5948,-10.0
864691136422819887,864691136422819887,2300,0.0
864691135415990458,864691135415990458,244,0.0
864691136237451836,864691136237451836,1240,0.0
864691136237451836,864691136237451836,420,0.0
864691135415990458,864691135415990458,16716,0.0
864691135491529311,864691136236728591,1168,6.0
864691135491529311,864691136236728591,1168,
864691136740800092,864691136740800092,224,0.0
864691136422819887,864691136422819887,244,0.0
864691135502269109,864691135502269109,200,0.0
864691135737181572,864691135737181572,1912,
864691136297086491,864691136136885117,5360,
864691136237451836,864691136237451836,184,0.0
864691136672642951,864691136672642951,320,0.0
864691135307330630,864691135307330630,364,0.0
864691136594490274,864691136594490274,928,0.0
864691136388609655,864691136388609655,240,0.0
864691135394616306,864691135614367179,1192,
864691135345244063,864691135345244063,468,0.0
864691136812234867,864691136812234867,2152,0.0
864691135951958819,864691136965753038,18896,4.0
864691136965753038,864691136965753038,3256,0.0
864691136237451836,864691136237451836,216,0.0
864691135012910998,864691135012910998,224,0.0
864691136309999450,864691136309999450,856,0.0
864691135939426305,864691135939426305,268,
864691136388609655,864691136388609655,724,0.0
864691135528704964,864691135946832225,7920,4.0
864691136812660334,864691136812660334,1416,0.0
864691136388609655,864691136388609655,8748,0.0
864691136577516564,864691136577516564,360,0.0
864691135403733998,864691135403733998,244,
864691136662432990,864691135865500805,2356,
864691136813741934,864691136813741934,468,0.0
864691136812237171,864691135415498682,4592,
864691136422819887,864691136422819887,6748,0.0
864691135737076100,864691135614367179,26364,
864691135415498682,864691135415498682,164,
864691135577011461,864691135577011461,3328,
864691136296737819,864691136812660334,6236,-3.0
864691136952055519,864691136952055519,1916,0.0
864691135593526059,864691135593526059,436,0.0
864691135602899267,864691135602899267,1112,
864691136952055519,864691136952055519,180,0.0
864691135322929564,864691135322929564,452,
864691136309999450,864691136309999450,484,0.0
864691135974785903,864691135939293953,5864,-7.0
864691136039701246,864691136237451836,6412,2.0
864691135994577066,864691136952055519,16600,
864691136023795769,864691136286569667,15420,10.0
864691136662432990,864691136812660334,3140,
864691136065739416,864691136812234867,3532,
864691136134428811,864691136134428811,248,0.0
864691135577011461,864691135577011461,5548,
864691136136885117,864691136136885117,852,0.0
864691135939293953,864691135939293953,952,0.0
864691135614367179,864691135614367179,884,0.0
864691135307330630,864691135307330630,928,0.0
864691137019557742,864691137019557742,708,0.0
864691135415990458,864691135415990458,608,0.0
864691135577011461,864691135577011461,304,
864691135396580129,864691135684358583,3988,
864691135212696192,864691135212696192,1760,0.0
864691135502070197,864691135502070197,200,0.0
864691136286569667,864691136286569667,424,0.0
864691135737076100,864691135345177759,5136,
864691135809426636,864691135502269109,524,
864691136952055519,864691136952055519,1108,0.0
864691135577011461,864691135577011461,336,
864691136723317757,864691135593526059,4136,4.0
864691135748123528,864691136286569667,2896,
864691136194032342,864691136194032342,992,0.0
864691135866387734,864691135639271483,2712,-1.0
864691135415498426,864691135415498426,652,0.0
864691135415498682,864691135415498682,600,
864691135939293953,864691135939293953,660,0.0
864691135866386198,864691135866386198,2336,0.0
864691136577516564,864691136577516564,852,0.0
864691135415990458,864691135415990458,608,0.0
864691135207748217,864691135207748217,616,
864691135560860385,864691136236728591,2428,1.0
864691135403733998,864691135403733998,1272,
864691135865500805,864691135865500805,1904,0.0
864691135577011461,864691135577011461,468,
864691135577011461,864691135577011461,264,
864691136965753038,864691136965753038,260,0.0
864691135639271483,864691135639271483,2440,0.0
864691136481342436,864691136481342436,6556,0.0
864691136811907300,864691136811907300,1384,
864691135437748210,864691135437748210,1344,0.0
864691135748123528,864691135207748217,2156,
864691135322929564,864691135322929564,944,
864691135502070197,864691135502070197,1212,0.0
864691135809426636,864691135502269109,3800,
864691136388609655,864691136388609655,816,0.0
864691135577011461,864691135577011461,224,
864691135544411432,864691136134428811,6512,
864691135544411432,864691136134428811,6712,
864691135415990458,864691135415990458,164,0.0
864691136031763387,864691135577011461,2728,
864691135847938398,864691135847938398,308,0.0
864691137019557742,864691137019557742,884,0.0
864691136309999450,864691136309999450,588,0.0
864691135866410006,864691135939426305,2900,
864691135577011461,864691135577011461,692,
864691136952055519,864691136952055519,748,0.0
864691135528704964,864691135946832225,256,4.0
864691136813741934,864691136813741934,200,0.0
864691136577516564,864691136577516564,540,0.0
864691136422819887,864691136422819887,1172,0.0
864691135754536914,864691135946832225,15260,3.0
864691137053668214,864691137053668214,304,0.0
864691136422819887,864691136422819887,212,0.0
864691136672642951,864691136672642951,540,0.0
864691135544407592,864691135544407592,780,
864691135577011461,864691135577011461,456,
864691135809426636,864691136672642951,3752,
864691136672642951,864691136672642951,180,0.0
864691135866851350,864691135692714687,4264,8.0
864691136309999450,864691136309999450,324,0.0
864691136273626381,864691136273626381,17696,0.0
864691135737076100,864691135345177759,3660,
864691135476110504,864691135345244063,2116,5.0
864691135593526059,864691135593526059,540,0.0
864691136812237171,864691135684358583,18296,-8.0
864691135544407592,864691135544407592,280,
864691135307330630,864691135307330630,1444,0.0
864691136286569667,864691136286569667,164,0.0
864691136388609655,864691136388609655,268,0.0
864691135403733998,864691135403733998,208,
864691136422819887,864691136422819887,180,0.0
864691136237451836,864691136237451836,348,0.0
864691135577011461,864691135577011461,716,
864691136481342436,864691136481342436,408,0.0
864691135081703927,864691135939426305,4972,
864691136273626381,864691136273626381,2704,0.0
864691135462747198,864691135544407592,3788,
864691135684358583,864691135684358583,528,0.0
864691135939293953,864691135939293953,248,0.0
864691136965753038,864691136965753038,308,0.0
864691135307330630,864691135307330630,2296,0.0
864691135415498682,864691136309999450,1808,
864691135644654319,864691135991526337,21428,2.0
864691135415990458,864691135415990458,468,0.0
864691136134428811,864691135750649224,2756,-3.0
864691135593526059,864691135593526059,188,0.0
864691135865500805,864691135865500805,360,0.0
864691135577011461,864691135577011461,380,
864691135207748217,864691135207748217,712,
864691135865500805,864691135865500805,3856,0.0
864691136577516564,864691136577516564,1380,0.0
864691135437748210,864691135437748210,576,0.0
864691136296737819,864691136309999450,5480,-1.0
864691135750649224,864691135750649224,324,0.0
864691136641618806,864691136136885117,14924,-5.0
864691136577516564,864691136577516564,5812,0.0
864691135692714687,864691135692714687,188,0.0
864691135210423744,864691136812660334,9364,1.0
864691135544407592,864691135544407592,284,
864691136237451836,864691136237451836,496,0.0
864691135748123528,864691136134428811,4476,
864691135684358583,864691136812660334,7300,0.0
864691136194032342,864691136194032342,508,0.0
864691136237451836,864691136237451836,992,0.0
864691136812234867,864691136812234867,304,0.0
864691135502269109,864691135502269109,380,0.0
864691135991526337,864691135991526337,344,0.0
864691135415990458,864691135415990458,220,0.0
864691135737181572,864691135737181572,384,
864691135544407592,864691135544407592,5808,
864691135866419990,864691135345244063,27940,5.0
864691135502269109,864691135502269109,488,0.0
864691136783627886,864691136783627886,504,
864691136813741934,864691136813741934,984,0.0
864691135212696192,864691135212696192,164,0.0
864691136422819887,864691136422819887,1636,0.0
864691135585130108,864691135593526059,20296,-9.0
864691136422819887,864691136422819887,3676,0.0
864691135683223026,864691136812660334,1844,-8.0
864691136236728591,864691136236728591,632,0.0
864691135345177759,864691135345177759,192,0.0
864691136952055519,864691136952055519,1344,0.0
864691136672642951,864691136672642951,468,0.0
864691136812234867,864691136812234867,252,0.0
864691135403733998,864691135403733998,6412,
864691136740800092,864691136740800092,9584,0.0
864691135683929783,864691135614367179,5620,
864691135961838161,864691135961838161,3224,
864691135946832225,864691135946832225,388,0.0
864691135544411432,864691136388609655,8364,
864691136672642951,864691136672642951,380,0.0
864691135012884886,864691135502070197,12068,
864691135939293953,864691135939293953,536,0.0
864691135415498682,864691135415498682,2296,
864691136662432990,864691136273626381,2084,
864691135684358583,864691135684358583,1240,0.0
864691136422819887,864691136422819887,1796,0.0
864691136309999450,864691136309999450,380,0.0
864691135012910998,864691135012910998,908,0.0
864691136237451836,864691136237451836,392,0.0
864691136672642951,864691136672642951,212,0.0
864691135639271483,864691135639271483,192,0.0
864691135865500805,864691135865500805,296,0.0
864691136965753038,864691136965753038,196,0.0
864691135602899267,864691135602899267,660,
864691135644589295,864691135750649224,1340,
864691136194081494,864691136952055519,3604,7.0
864691135614367179,864691135614367179,260,0.0
864691136286569667,864691136286569667,268,0.0
864691135577011461,864691135577011461,3164,
864691136273626381,864691136273626381,336,0.0
864691136311742013,864691136388609655,7652,4.0
864691136065739416,864691136577516564,1908,
864691136227267921,864691135692714687,9780,5.0
864691135748123528,864691135544407592,4372,
864691135865500805,864691135865500805,16080,0.0
864691135337696486,864691137019557742,1160,
864691136965753038,864691136965753038,1316,0.0
864691135614367179,864691135614367179,412,0.0
864691136813741934,864691136813741934,340,0.0
864691135476110504,864691135865500805,1500,4.0
864691135394616306,864691135614367179,1876,
864691135577011461,864691135577011461,832,
864691136237451836,864691136237451836,336,0.0
864691135502340277,864691136481342436,3660,-2.0
864691135394616306,864691136273626381,3276,
864691135692714687,864691135692714687,220,0.0
864691135502269109,864691135502269109,268,0.0
864691135577011461,864691135577011461,164,
864691136812234867,864691136812234867,5236,0.0
864691135782690611,864691136388609655,10120,8.0
864691135437748210,864691135437748210,236,0.0
864691135491207007,864691137053668214,2212,-6.0
864691135502269109,864691135502269109,204,0.0
864691135415498426,864691136134428811,12632,6.0
864691135577011461,864691135577011461,4580,
864691135577011461,864691135577011461,736,
864691135939293953,864691135939293953,200,0.0
864691136594490274,864691136594490274,540,0.0
864691136422819887,864691136422819887,296,0.0
864691135334607849,864691135639271483,2004,
864691135684358583,864691135684358583,3884,0.0
864691135345177759,864691135345177759,604,0.0
864691135394616306,864691135866386198,2204,
864691135394616306,864691136273626381,6556,
864691136812660334,864691136812660334,228,0.0
864691136309999450,864691136309999450,176,0.0
864691136952055519,864691136952055519,168,0.0
864691136813741934,864691136813741934,980,0.0
864691135118023901,864691135415498682,2748,
864691135502070197,864691135502070197,260,0.0
864691135639271483,864691135639271483,1932,0.0
864691135360113223,864691136109164984,5120,1.0
864691135939426305,864691135939426305,196,
864691135684358583,864691135684358583,160,0.0
864691136286569667,864691136286569667,192,0.0
864691136672642951,864691136672642951,496,0.0
864691135122603047,864691136965753038,16956,-8.0
864691135403733998,864691135403733998,228,
864691136194032342,864691136194032342,244,0.0
864691135684358583,864691135684358583,188,0.0
864691135502070197,864691135502070197,276,0.0
864691135939426305,864691135939426305,336,
864691136812234867,864691136812234867,164,0.0
864691136594490274,864691136594490274,188,0.0
864691136952055519,864691136952055519,412,0.0
864691135593526059,864691135593526059,3192,0.0
864691136812234867,864691136812234867,5204,0.0
864691135577011461,864691135577011461,204,
864691136577516564,864691136577516564,252,0.0
864691135991526337,864691135991526337,376,0.0
864691135866410006,864691135939426305,5608,
864691136194032342,864691136194032342,1940,0.0
864691136422819887,864691136422819887,692,0.0
864691136813741934,864691136813741934,192,0.0
864691136388609655,864691136388609655,4412,0.0
864691135502269109,864691135502269109,200,0.0
864691135974661231,864691136812660334,4524,
864691136388609655,864691136388609655,308,0.0
864691135212696192,864691135212696192,248,0.0
864691136084074348,864691135012910998,2820,4.0
864691135577011461,864691135577011461,4744,
864691135593526059,864691135593526059,248,0.0
864691136662432990,864691135684358583,1116,
864691135644589295,864691135750649224,2164,
864691135662881220,864691135345177759,4848,3.0
864691136005145034,864691136134428811,3892,6.0
864691135212696192,864691135212696192,472,0.0
864691135207748217,864691135207748217,316,
864691136237451836,864691136237451836,468,0.0
864691136136885117,864691136136885117,560,0.0
864691136309999450,864691136309999450,680,0.0
864691135771832395,864691135865500805,2840,
864691136740800092,864691136740800092,19132,0.0
864691136237451836,864691136237451836,308,0.0
864691135909748393,864691136723431933,8136,-2.0
864691135502269109,864691135502269109,22256,0.0
864691135684358583,864691135684358583,3192,0.0
864691135692714687,864691135692714687,1936,0.0
864691136134428811,864691136134428811,444,0.0
864691136662432990,864691135865500805,2864,
864691136740800092,864691136740800092,424,0.0
864691135334607849,864691135866386198,1160,
864691135771832395,864691136236728591,3772,
864691135577011461,864691135577011461,504,
864691135436504562,864691135961838161,752,
864691135737181572,864691135737181572,212,
864691135683929783,864691135866386198,4320,
864691136740800092,864691136740800092,712,0.0
864691135502269109,864691135502269109,572,0.0
864691135462747198,864691135415990458,972,-4.0
864691136286569667,864691136286569667,3540,0.0
864691135012910998,864691135012910998,1564,0.0
864691135394616306,864691135866386198,1296,
864691136422819887,864691136422819887,736,0.0
864691136951622111,864691136481342436,6568,-8.0
864691135502269109,864691135502269109,1260,0.0
864691135737076100,864691135345177759,2900,
864691135012910998,864691135012910998,888,0.0
864691135212696192,864691135212696192,1036,0.0
864691135415990458,864691135415990458,736,0.0
864691136136885117,864691136136885117,940,0.0
864691136812234867,864691136812234867,312,0.0
864691136422819887,864691136422819887,224,0.0
864691136723555837,864691136952055519,1212,2.0
864691135322929564,864691135322929564,232,
864691135358827352,864691136134428811,3864,5.0
864691136136885117,864691136136885117,232,0.0
864691135012910998,864691135012910998,304,0.0
864691135614367179,864691135614367179,364,0.0
864691135583670904,864691135544407592,388,
864691135692714687,864691135692714687,220,0.0
864691136422819887,864691136422819887,188,0.0
864691137019557742,864691137019557742,456,0.0
864691135334607849,864691135614367179,2256,
864691135307330630,864691135307330630,3888,0.0
864691135639271483,864691135639271483,1028,0.0
864691135488426298,864691136422819887,12892,1.0
864691136136885117,864691136136885117,472,0.0
864691135212696192,864691135212696192,172,0.0
864691136422819887,864691136422819887,2696,0.0
864691135684358583,864691135684358583,420,0.0
864691135692714687,864691135212696192,12204,-4.0
864691136481342436,864691136481342436,212,0.0
864691136388609655,864691136388609655,3568,0.0
864691135415990458,864691135415990458,248,0.0
864691136008724652,864691135415498682,6596,
864691135415498682,864691135684358583,8540,
864691136577516564,864691136577516564,448,0.0
864691135012910998,864691135012910998,248,0.0
864691135946832225,864691135946832225,1436,0.0
864691135502269109,864691135502269109,284,0.0
864691135730105529,864691136952055519,2524,0.0
864691135307330630,864691135307330630,308,0.0
864691136008556718,864691136783627886,5340,
864691135212696192,864691135212696192,336,0.0
864691136041267592,864691136041267592,336,0.0
864691135614367179,864691135614367179,400,0.0
864691136309999450,864691136309999450,200,0.0
864691135961838161,864691135961838161,1108,
864691135961838161,864691135961838161,324,
864691135210435520,864691135210435520,244,0.0
864691135866386198,864691135866386198,228,0.0
864691135544411432,864691136388609655,808,
864691136481342436,864691136481342436,236,0.0
864691136006174344,864691136006174344,348,0.0
864691136236728591,864691136236728591,368,0.0
864691136134428811,864691136134428811,1360,0.0
864691136006174344,864691136006174344,808,0.0
864691136952055519,864691136952055519,188,0.0
864691136134428811,864691136134428811,2692,0.0
864691135961838161,864691135961838161,236,
864691135866386198,864691135866386198,2476,0.0
864691135602899267,864691135602899267,3512,
864691136388609655,864691136388609655,832,0.0
864691136008724652,864691135939426305,1028,
864691135490940135,864691136783627886,1624,
864691136481342436,864691136481342436,752,0.0
864691135490940135,864691135415498682,716,
864691135946832225,864691135946832225,164,0.0
864691136422819887,864691136422819887,3528,0.0
864691136309999450,864691136309999450,612,0.0
864691135502025909,864691135403733998,8984,
864691135490940135,864691136309999450,792,
864691136672642951,864691136672642951,284,0.0
864691135866386198,864691135866386198,4944,0.0
864691135771832395,864691135614367179,2760,
864691135210435520,864691135210435520,2020,0.0
864691135593526059,864691135593526059,180,0.0
864691136422819887,864691136422819887,476,0.0
864691136116156580,864691135502070197,3892,-4.0
864691135662881220,864691135345177759,8748,3.0
864691135577011461,864691135577011461,196,
864691136811907300,864691136811907300,792,
864691135345177759,864691135345177759,272,0.0
864691135081703927,864691135415498682,2540,
864691136952055519,864691136952055519,244,0.0
864691135394616306,864691136236728591,1248,
864691135345244063,864691135345244063,248,0.0
864691135207748217,864691135207748217,256,
864691135012910998,864691135012910998,428,0.0
864691135753626061,864691136723431933,17272,3.0
864691135207748217,864691135207748217,364,
864691136237451836,864691136237451836,220,0.0
864691135081703927,864691135415498682,4728,
864691136134428811,864691136134428811,180,0.0
864691135394616306,864691135614367179,2012,
864691136031763387,864691135577011461,3892,
864691136309631322,864691135415498682,3024,
864691137019557742,864691137019557742,208,0.0
864691135544407592,864691135544407592,160,
864691135490940135,864691136309999450,7412,
864691136672642951,864691136672642951,1244,0.0
864691136783627886,864691136783627886,160,
864691136237451836,864691136237451836,1944,0.0
864691136134428811,864691136134428811,2256,0.0
864691135683223026,864691136812660334,1544,-8.0
864691135577011461,864691135577011461,320,
864691136422819887,864691136422819887,188,0.0
864691135544411432,864691136388609655,8092,
864691136672640647,864691136309999450,4492,-3.0
864691136811907300,864691136811907300,420,
864691135939293953,864691135939293953,256,0.0
864691135307330630,864691135307330630,452,0.0
864691135961838161,864691135961838161,2156,
864691136273626381,864691136273626381,968,0.0
864691135771832395,864691135865500805,8748,
864691135415498682,864691135415498682,188,
864691135544411432,864691136388609655,4056,
864691135602899267,864691135602899267,272,
864691136594490274,864691136594490274,296,0.0
864691135415990458,864691135415990458,360,0.0
864691136594490274,864691136594490274,2224,0.0
864691136237451836,864691136237451836,248,0.0
864691135415498426,864691136134428811,18692,6.0
864691135207748217,864691135207748217,172,
864691136004947658,864691136136885117,6328,1.0
864691135737076100,864691135345177759,3352,
864691135692714687,864691135692714687,656,0.0
864691135544411432,864691136388609655,8092,
864691135683929783,864691135866386198,7376,
864691135644589295,864691136388609655,6152,
864691135437748210,864691135437748210,768,0.0
864691135684358583,864691135684358583,788,0.0
864691135724597419,864691135639271483,25588,
864691136136885117,864691136136885117,204,0.0
864691135577011461,864691135577011461,976,
864691135081648887,864691136136885117,4628,0.0
864691136965753038,864691136965753038,184,0.0
864691136812234867,864691136812234867,848,0.0
864691135207748217,864691135207748217,1152,
864691135946832225,864691135946832225,684,0.0
864691136812660334,864691136812660334,208,0.0
864691136273626381,864691136273626381,196,0.0
864691135415990458,864691135415990458,512,0.0
864691136296737819,864691136783627886,11412,
864691135502070197,864691135502070197,1684,0.0
864691136618390413,864691136594490274,10944,10.0
864691136134428811,864691136134428811,188,0.0
864691135748123528,864691135415990458,3488,
864691135334607849,864691135012910998,2172,
864691136723309309,864691136136885117,700,9.0
864691136812660334,864691136812660334,324,0.0
864691136813741934,864691136813741934,6980,0.0
864691136965753038,864691136965753038,3524,0.0
864691135750649224,864691135750649224,212,0.0
864691135684358583,864691135684358583,324,0.0
864691136952055519,864691136952055519,18444,0.0
864691135345177759,864691135345177759,348,0.0
864691136422819887,864691136422819887,1260,0.0
864691135740182891,864691136672642951,1940,
864691135939293953,864691135939293953,4780,0.0
864691135684358583,864691135684358583,380,0.0
864691136813741934,864691136813741934,216,0.0
864691137019557742,864691137019557742,2988,0.0
864691135639271483,864691135639271483,1104,0.0
864691135307330630,864691135307330630,184,0.0
864691135212696192,864691135212696192,324,0.0
864691135737076100,864691135207748217,608,
864691135771832395,864691135865500805,3116,
864691135994577066,864691136952055519,2644,
864691136065739416,864691136577516564,1744,
864691136662432990,864691136672642951,744,
864691136813741934,864691136813741934,4092,0.0
864691135883866992,864691135415990458,2496,-12.0
864691136422819887,864691136422819887,6132,0.0
864691135737076100,864691135345177759,5328,
864691136965753038,864691136965753038,492,0.0
864691136237451836,864691135865500805,6764,7.0
864691135991526337,864691135991526337,284,0.0
864691136577516564,864691136577516564,320,0.0
864691136422819887,864691136422819887,520,0.0
864691135415498682,864691135415498682,184,
864691135771832395,864691135614367179,3156,
864691135939426305,864691135939426305,168,
864691135502070197,864691135502070197,852,0.0
864691135692714687,864691135692714687,316,0.0
864691136783627886,864691136783627886,416,
864691135684358583,864691135684358583,184,0.0
864691136388609655,864691136388609655,388,0.0
864691135809426636,864691135502070197,12296,
864691135307330630,864691135307330630,500,0.0
864691135865500805,864691135865500805,952,0.0
864691136134428811,864691136134428811,336,0.0
864691135961838161,864691135961838161,3268,
864691135322929564,864691135322929564,548,
864691135323181212,864691136236728591,560,
864691136723309309,864691136136885117,11768,9.0
864691135639271483,864691135639271483,420,0.0
864691135961838161,864691135961838161,1144,
864691136422819887,864691136422819887,220,0.0
864691136907500142,864691135614367179,6832,-4.0
864691136813741934,864691136813741934,200,0.0
864691135212696192,864691135212696192,552,0.0
864691135210435520,864691135210435520,4424,0.0
864691136577516564,864691136577516564,260,0.0
864691135502269109,864691135502269109,6100,0.0
864691136388609655,864691136388609655,820,0.0
864691135334607849,864691136041267592,12600,
864691136812234867,864691136812234867,5332,0.0
864691135939426305,864691135939426305,688,
864691135974661231,864691135684358583,2200,
864691135593526059,864691135593526059,328,0.0
864691135490591463,864691136273626381,2428,
864691135516139731,864691135991526337,2244,8.0
864691135502269109,864691135502269109,172,0.0
864691136136885117,864691136136885117,5672,0.0
864691135639271483,864691135639271483,300,0.0
864691136194032342,864691136194032342,6180,0.0
864691135602899267,864691135602899267,288,
864691136740800092,864691136740800092,192,0.0
864691136965753038,864691136965753038,3764,0.0
864691136388609655,864691136388609655,672,0.0
864691135345177759,864691135345177759,704,0.0
864691135866386198,864691135866386198,692,0.0
864691135544411432,864691136388609655,3652,
864691135946996577,864691135946996577,4148,0.0
864691136378815445,864691136378815445,236,0.0
864691136812237171,864691136812237171,3304,0.0
864691135939423489,864691135489031876,4432,
864691135777095613,864691135777095613,256,0.0
864691135946996577,864691135946996577,792,0.0
864691136819510894,864691136819510894,364,
864691135213001528,864691136482918444,1908,
864691135440481352,864691136819510894,1068,
864691135575114526,864691135575114526,328,
864691135560860385,864691135560860385,1124,0.0
864691135385185365,864691136004767690,4272,
864691136237715516,864691136237715516,624,0.0
864691135489031876,864691135489031876,584,
864691136618390413,864691135407309001,3784,
864691136819510894,864691136819510894,224,
864691135081988855,864691135081988855,644,0.0
864691135489031876,864691135489031876,196,
864691136099794037,864691136099794037,5092,0.0
864691137196878913,864691136903003314,1312,
864691135385185365,864691136023740729,2964,
864691135474646592,864691135474646592,1488,
864691136237715516,864691136237715516,640,0.0
864691136090926004,864691135462752318,648,10.0
864691135118023901,864691134964449311,11264,
864691135946996577,864691135946996577,812,0.0
864691135866386198,864691136004767690,8112,0.0
864691135394616306,864691135737708401,652,
864691135724609707,864691136923024868,4116,12.0
864691136923024868,864691136923024868,1536,0.0
864691135662881220,864691135570690541,2892,3.0
864691135385185365,864691136023740729,5332,
864691134939986275,864691136618414733,15024,1.0
864691136090926004,864691135585304131,9636,-2.0
864691136422825519,864691136311934269,13120,-5.0
864691135994577066,864691135994577066,204,
864691135692784063,864691135692784063,192,0.0
864691135683929783,864691135585304131,20448,
864691135658111106,864691135909773481,2964,8.0
864691135850495687,864691135850495687,1812,
864691135974785903,864691135974785903,15808,0.0
864691136388570640,864691135585304131,2288,3.0
864691135501549890,864691135501549890,2800,0.0
864691136311934269,864691136311934269,204,0.0
864691135909773481,864691135909773481,1232,0.0
864691135662881220,864691136681950070,11972,1.0
864691135730105529,864691135730105529,972,0.0
864691136008470700,864691135575114526,2928,
864691135989890952,864691135989890952,292,
864691136662432990,864691136311934269,3800,
864691135584386034,864691135584386034,372,0.0
864691135585436284,864691135585436284,212,0.0
864691135888632713,864691136051134963,960,
864691135462747198,864691136618414733,2092,-1.0
864691135585436284,864691135585436284,328,0.0
864691135494045328,864691135494045328,284,0.0
864691136175395078,864691135081988855,13344,11.0
864691135510003396,864691135510003396,496,
864691136311934269,864691136311934269,492,0.0
864691136116449444,864691135989890952,6648,
864691135974785903,864691135974785903,736,0.0
864691136237510460,864691135544410920,864,
864691136118637336,864691136118637336,1932,0.0
864691136237715516,864691136237715516,2132,0.0
864691136023740729,864691136023740729,248,0.0
864691135730105529,864691135730105529,12276,0.0
864691136311934269,864691136311934269,2960,0.0
864691136907500142,864691136099794037,4188,3.0
864691135866387734,864691135866387734,260,0.0
864691135585436284,864691135585436284,3060,0.0
864691135585304131,864691135585304131,13660,0.0
864691135560860385,864691135560860385,824,0.0
864691134917404682,864691136023740729,10720,
864691135510003396,864691135510003396,204,
864691135213001528,864691136482918444,2788,
864691136812237171,864691136812237171,440,0.0
864691136023740729,864691136023740729,204,0.0
864691135482096080,864691135994577066,6036,
864691135394616306,864691135585304131,992,
864691135081988855,864691135081988855,268,0.0
864691135396580129,864691136911622897,2428,
864691135850495687,864691135850495687,1540,
864691136662432990,864691135407309001,2528,
864691135544417832,864691135489031876,4136,
864691136194081494,864691135575114526,900,
864691135585436284,864691135585436284,176,0.0
864691135994550698,864691136681950070,17500,-1.0
864691136237715516,864691136237715516,272,0.0
864691136812237171,864691136812237171,296,0.0
864691135334607849,864691136010895523,2840,
864691136819510894,864691136819510894,204,
864691135683929783,864691136099794037,3896,
864691135683929783,864691136099794037,4200,
864691135864699868,864691136004767690,184,0.0
864691134964449311,864691134964449311,468,0.0
864691135385185365,864691135946996577,2960,
864691135454100330,864691135454100330,368,0.0
864691135213001528,864691136482918444,2092,
864691136118637336,864691136118637336,456,0.0
864691136010895523,864691136010895523,244,0.0
864691136903003314,864691136903003314,324,0.0
864691135210017216,864691136594526114,9428,12.0
864691136819510894,864691136819510894,328,
864691135584386034,864691135584386034,228,0.0
864691135585436284,864691135585436284,272,0.0
864691136662432990,864691136118637336,2952,
864691136951597791,864691136951597791,5884,0.0
864691136812237171,864691136812237171,188,0.0
864691135334607849,864691135585304131,428,
864691135730105529,864691135730105529,956,0.0
864691136681950070,864691136681950070,276,0.0
864691135850495687,864691135850495687,904,
864691136618414733,864691136618414733,260,0.0
864691135776638048,864691135776638048,3196,
864691135683957943,864691136681950070,7804,-9.0
864691135841307619,864691136819510894,2216,
864691135497617171,864691135497617171,760,0.0
864691136521842321,864691136819510894,14648,
864691135866419990,864691136311737661,2852,-4.0
864691135462752318,864691135462752318,508,0.0
864691135660523760,864691136051134963,4644,
864691135118023901,864691135560860385,1148,
864691136812237171,864691136812237171,796,0.0
864691136118637336,864691136118637336,3656,0.0
864691136118637336,864691136118637336,196,0.0
864691136004767690,864691136004767690,796,0.0
864691135946996577,864691135946996577,592,0.0
864691135489031876,864691135489031876,412,
864691136051134963,864691136051134963,332,
864691136618414733,864691136618414733,292,0.0
864691136004767690,864691136004767690,520,0.0
864691136723371261,864691135730105529,17888,
864691136923024868,864691136923024868,2916,0.0
864691136099794037,864691136099794037,236,0.0
864691135771832395,864691136118637336,5544,
864691135081988855,864691135081988855,312,0.0
864691135489031876,864691135489031876,376,
864691135385185365,864691135544410920,5008,
864691135585304131,864691135585304131,196,0.0
864691135952235811,864691136311934269,6080,-6.0
864691135396383265,864691135407309001,1004,
864691136010895523,864691136010895523,360,0.0
864691135776638048,864691135776638048,300,
864691135501549890,864691135501549890,388,0.0
864691135213001784,864691136051134963,5692,
864691135866387734,864691135866387734,2264,0.0
864691136903003314,864691136903003314,340,0.0
864691135274074341,864691135274074341,1144,0.0
864691135585304131,864691135585304131,3680,0.0
864691136662432990,864691135407309001,1236,
864691135994577066,864691135994577066,1396,
864691136010895523,864691136010895523,180,0.0
864691136237715516,864691136237715516,220,0.0
864691136194081494,864691135454100330,5020,2.0
864691135570690541,864691135570690541,204,0.0
864691135730105529,864691135730105529,228,0.0
864691135394616306,864691135544410920,2904,
864691135181766146,864691135181766146,252,0.0
864691135730105529,864691135730105529,1108,0.0
864691135850495687,864691135850495687,7736,
864691136812237171,864691136812237171,1032,0.0
864691136618414733,864691136618414733,196,0.0
864691135394616306,864691135585304131,2024,
864691135724597419,864691135737708401,5952,
864691135946996577,864691135946996577,392,0.0
864691136041056086,864691136051134963,1268,
864691136010895523,864691136010895523,2468,0.0
864691135394616306,864691136099794037,3088,
864691136378815445,864691136378815445,276,0.0
864691135771832395,864691136118637336,6448,
864691135497617171,864691135497617171,224,0.0
864691136099794037,864691136099794037,5168,0.0
864691135692784063,864691135692784063,3608,0.0
864691134964449311,864691134964449311,180,0.0
864691135510003396,864691135510003396,1080,
864691135474646592,864691135474646592,688,
864691135489031876,864691135489031876,4796,
864691135989890952,864691135989890952,564,
864691136023740729,864691136023740729,184,0.0
864691135683957943,864691136004767690,18568,-5.0
864691135407309001,864691135407309001,356,
864691135510003396,864691135585436284,4428,
864691136311934269,864691136311934269,30724,0.0
864691135181766146,864691135181766146,648,0.0
864691135683929783,864691136010895523,4920,
864691135544410920,864691135544410920,1932,0.0
864691135994577066,864691135994577066,2148,
864691136911622897,864691136911622897,484,0.0
864691135396383265,864691135489031876,3492,
864691136237715516,864691136237715516,3048,0.0
864691135489031876,864691135489031876,308,
864691135510003396,864691135510003396,204,
864691136099794037,864691136099794037,976,0.0
864691135662881220,864691135584386034,25804,15.0
864691135951958819,864691135454100330,12748,8.0
864691135584386034,864691135584386034,212,0.0
864691135724597419,864691136099794037,3216,
864691135118023901,864691136812237171,32928,
864691135436504562,864691135436504562,1568,
864691136023740729,864691136023740729,720,0.0
864691135946996577,864691135946996577,508,0.0
864691136010895523,864691136010895523,1180,0.0
864691135560860385,864691135560860385,348,0.0
864691136618414733,864691136618414733,224,0.0
864691136008470700,864691136008470700,456,
864691135585304131,864691135585304131,168,0.0
864691135407309001,864691135407309001,784,
864691135584386034,864691135584386034,364,0.0
864691135771832395,864691135777095613,4816,
864691136923024868,864691136923024868,1072,0.0
864691136618471309,864691135494045328,11408,11.0
864691135334607849,864691135585304131,1616,
864691135855791662,864691135850495687,1328,
864691135683929783,864691136099794037,1676,
864691135489031876,864691135489031876,524,
864691136662416094,864691136099794037,23476,-8.0
864691135730105529,864691135730105529,2480,0.0
864691135394616306,864691135585304131,3528,
864691135772016635,864691135772016635,944,0.0
864691135570690541,864691135570690541,752,0.0
864691135989890952,864691135989890952,1568,
864691135494045328,864691135494045328,316,0.0
864691136812237171,864691136812237171,888,0.0
864691135683929783,864691136099794037,6052,
864691135462752318,864691135462752318,248,0.0
864691135989890952,864691135989890952,332,
864691135692784063,864691135692784063,4512,0.0
864691135724597419,864691135585304131,27440,
864691135510482896,864691135489031876,3628,
864691135510003396,864691135510003396,276,
864691135494045328,864691135494045328,216,0.0
864691135584386034,864691135584386034,4448,0.0
864691135730105529,864691135730105529,860,0.0
864691135585304131,864691135585304131,3588,0.0
864691136119557457,864691136008470700,312,
864691135746802824,864691136099794037,2264,
864691136618414733,864691136618414733,612,0.0
864691136010895523,864691136010895523,532,0.0
864691135081988855,864691135081988855,196,0.0
864691135730105529,864691135730105529,3452,0.0
864691135740182891,864691135989890952,9992,
864691135730105529,864691135730105529,980,0.0
864691135436504562,864691135436504562,320,
864691136923024868,864691136923024868,196,0.0
864691134917404682,864691135462752318,31548,
864691136672972679,864691136672972679,320,0.0
864691136681950070,864691136681950070,208,0.0
864691135841070051,864691135274074341,5316,-6.0
864691135432520178,864691135510003396,8212,
864691135730105529,864691135730105529,3464,0.0
864691135737076100,864691136618414733,1284,
864691136812237171,864691136812237171,356,0.0
864691136779574382,864691135489031876,180,
864691135501549890,864691135501549890,728,0.0
864691135497617171,864691135497617171,396,0.0
864691136952055519,864691135994577066,5636,
864691135494045328,864691135494045328,272,0.0
864691135952235811,864691136237715516,19316,-12.0
864691135497617171,864691135497617171,192,0.0
864691135385185365,864691135544410920,6828,
864691135274074341,864691135274074341,1228,0.0
864691135490940135,864691136099794037,1376,
864691135307361094,864691136010895523,5844,13.0
864691136923024868,864691136923024868,1224,0.0
864691135945952036,864691135989890952,2908,
864691136681897582,864691136903003314,3164,-4.0
864691135510003396,864691135510003396,332,
864691135584386034,864691135584386034,216,0.0
864691135570690541,864691135570690541,664,0.0
864691136008470700,864691135575114526,4036,
864691136311934269,864691136311934269,272,0.0
864691136819510894,864691136819510894,2180,
864691135385185365,864691135544410920,3236,
864691135807311389,864691135575114526,6056,
864691136618414733,864691136618414733,384,0.0
864691135489031876,864691135489031876,1128,
864691135415467706,864691135415467706,1520,0.0
864691136951640287,864691136311934269,3488,6.0
864691135544410920,864691135544410920,180,0.0
864691136237715516,864691136237715516,212,0.0
864691135570690541,864691135570690541,1044,0.0
864691136819510894,864691136819510894,444,
864691135490591463,864691135585436284,1380,
864691135746802824,864691136099794037,3676,
864691134884761850,864691135181766146,9840,4.0
864691135994550698,864691135584386034,676,13.0
864691135560492001,864691136051134963,800,
864691135490940135,864691135560860385,1828,
864691136618414733,864691136618414733,824,0.0
864691135181766146,864691135181766146,576,0.0
864691135474646592,864691135474646592,1164,
864691136423071791,864691135866387734,15316,-7.0
864691135560860385,864691135560860385,380,0.0
864691136227267921,864691136951597791,2948,0.0
864691136051134963,864691136051134963,164,
864691135560492001,864691136051134963,7192,
864691135497617171,864691135497617171,892,0.0
864691135585304131,864691135585304131,1704,0.0
864691136311737661,864691136311737661,672,0.0
864691135081988855,864691135081988855,2428,0.0
864691136617105883,864691135585436284,22556,
864691135516229075,864691135516229075,308,0.0
864691135501549890,864691135501549890,252,0.0
864691135974785903,864691135974785903,5260,0.0
864691135724597419,864691135585304131,4312,
864691135866419990,864691135866419990,216,0.0
864691135490591463,864691135692784063,10388,
864691135730105529,864691135730105529,624,0.0
864691136051134963,864691136051134963,1308,
864691134917404682,864691136023740729,1148,
864691135946996577,864691135946996577,680,0.0
864691136482918444,864691136482918444,972,
864691135994577066,864691135994577066,836,
864691136099794037,864691136099794037,2828,0.0
864691135394616306,864691135585304131,2584,
864691135334607849,864691135946996577,1952,
864691136951597791,864691136951597791,228,0.0
864691135385185365,864691136023740729,8836,
864691135866387734,864691135866387734,2464,0.0
864691135994550698,864691135584386034,1792,13.0
864691135952235811,864691135585304131,27660,-12.0
864691135730105529,864691135730105529,4392,0.0
864691135994577066,864691135994577066,1972,
864691136812237171,864691136812237171,172,0.0
864691135544410920,864691135544410920,172,0.0
864691136010895523,864691136010895523,352,0.0
864691135394616306,864691136099794037,2084,
864691135772016635,864691135772016635,164,0.0
864691135207727993,864691135585436284,3568,-3.0
864691135584386034,864691135584386034,400,0.0
864691135345129887,864691136008470700,4380,
864691136099794037,864691136099794037,1408,0.0
864691135462752318,864691135462752318,204,0.0
864691135575114526,864691135575114526,268,
864691135994577066,864691135994577066,4764,
864691135946996577,864691135946996577,164,0.0
864691136819510894,864691136819510894,216,
864691136923024868,864691136923024868,484,0.0
864691135692784063,864691135692784063,668,0.0
864691135491529311,864691136118637336,184,4.0
864691135491529311,864691136118637336,184,
864691135585436284,864691135585436284,472,0.0
864691136023740729,864691136023740729,256,0.0
864691136819510894,864691136819510894,308,
864691136378815445,864691136378815445,712,0.0
864691135560860385,864691135560860385,260,0.0
864691136911622897,864691136911622897,616,0.0
864691136004767690,864691136004767690,620,0.0
864691136237715516,864691136237715516,300,0.0
864691136482918444,864691136482918444,360,
864691136237715516,864691136237715516,240,0.0
864691136311934269,864691136311934269,4320,0.0
864691135436504562,864691135436504562,744,
864691135866419990,864691135866419990,524,0.0
864691135585436284,864691135585436284,380,0.0
864691135454100330,864691135454100330,200,0.0
864691135385185365,864691135544410920,5412,
864691135081988855,864691135081988855,232,0.0
864691136004767690,864691136004767690,1384,0.0
864691135274074341,864691135274074341,292,0.0
864691135737076100,864691135497617171,2028,
864691135407309001,864691135407309001,408,
864691136010895523,864691136010895523,628,0.0
864691135585436284,864691135585436284,3888,0.0
864691135394616306,864691135585304131,2048,
864691135730105529,864691135730105529,600,0.0
864691135584185720,864691135575114526,6012,
864691136004767690,864691136004767690,748,0.0
864691135777095613,864691135777095613,196,0.0
864691135772016635,864691135772016635,184,0.0
864691136482918444,864691136482918444,1268,
864691136010895523,864691136010895523,1136,0.0
864691135974785903,864691135974785903,4976,0.0
864691135888527753,864691135274074341,168,-5.0
864691135585436284,864691135866419990,25408,4.0
864691136008470700,864691136008470700,1152,
864691136681950070,864691136681950070,272,0.0
864691135385185365,864691135544410920,10324,
864691135683929783,864691135585304131,10960,
864691135560860385,864691135560860385,14224,0.0
864691135662881220,864691136004767690,19672,5.0
864691135994577066,864691135909773481,1736,
864691135274074341,864691135274074341,504,0.0
864691135494045328,864691135494045328,952,0.0
864691135501549890,864691135501549890,212,0.0
864691135081988855,864691135081988855,188,0.0
864691135181766146,864691135181766146,352,0.0
864691136008470700,864691135575114526,6040,
864691135528704964,864691136237715516,10560,1.0
864691136672972679,864691136672972679,984,0.0
864691135585304131,864691135585304131,464,0.0
864691135516229075,864691135516229075,180,0.0
864691136311934269,864691136311934269,1388,0.0
864691135782702387,864691136911622897,1392,-4.0
864691135497617171,864691135497617171,2708,0.0
864691135946996577,864691135946996577,1796,0.0
864691135501549890,864691135501549890,268,0.0
864691136819510894,864691136819510894,1644,
864691135585436284,864691135585436284,656,0.0
864691135692784063,864691135692784063,216,0.0
864691136923024868,864691136923024868,3992,0.0
864691136296737819,864691135516229075,17536,-7.0
864691135207765369,864691136010895523,18440,10.0
864691136004767690,864691136004767690,4956,0.0
864691135544410920,864691135544410920,1576,0.0
864691135772016635,864691135772016635,264,0.0
864691135570690541,864691135570690541,564,0.0
864691135771832395,864691135850495687,7908,
864691135570690541,864691135570690541,372,0.0
864691135730105529,864691135730105529,244,0.0
864691135730105529,864691135730105529,200,0.0
864691136819510894,864691136819510894,460,
864691135575114526,864691135575114526,600,
864691135994577066,864691135994577066,368,
864691135560492001,864691136051134963,3604,
864691135575114526,864691135575114526,572,
864691135994577066,864691135994577066,212,
864691136051134963,864691136051134963,904,
864691135570690541,864691135570690541,192,0.0
864691135497617171,864691135497617171,560,0.0
864691135683929783,864691135737708401,1076,
864691135489031876,864691135489031876,160,
864691135081988855,864691135081988855,1156,0.0
864691135746802824,864691135866387734,3444,
864691135490940135,864691136812237171,5164,
864691135776638048,864691135776638048,3708,
864691135407309001,864691135407309001,2340,
864691136618414733,864691136618414733,244,0.0
864691134917404682,864691135866387734,4560,
864691135544410920,864691135544410920,488,0.0
864691136099794037,864691136099794037,3408,0.0
864691135662881220,864691136951597791,19964,3.0
864691135571541285,864691135571541285,212,0.0
864691136099794037,864691136099794037,1724,0.0
864691136618414733,864691136618414733,824,0.0
864691135730105529,864691135730105529,6408,0.0
864691135081988855,864691135081988855,168,0.0
864691135730105529,864691135730105529,196,0.0
864691135866387734,864691135866387734,220,0.0
864691135994577066,864691135994577066,460,
864691135577983428,864691135407309001,7952,
864691135570723309,864691135570723309,1216,0.0
864691135772016635,864691135772016635,2172,0.0
864691135584386034,864691135584386034,172,0.0
864691135436504562,864691135436504562,2800,
864691135777095613,864691135777095613,2364,0.0
864691135489031876,864691135489031876,664,
864691134917404682,864691135462752318,1824,
864691135994577066,864691135994577066,556,
864691136378815445,864691136378815445,564,0.0
864691135683929783,864691136099794037,3020,
864691135730105529,864691135730105529,1328,0.0
864691135952020259,864691136681950070,656,-12.0
864691136618390413,864691135489031876,5128,
864691135560860385,864691135560860385,656,0.0
864691136194081494,864691136311934269,1508,1.0
864691135436504562,864691135436504562,196,
864691136681950070,864691136681950070,948,0.0
864691136099794037,864691136099794037,268,0.0
864691135866419990,864691135866419990,440,0.0
864691136903003314,864691136903003314,752,0.0
864691135490591463,864691135692784063,6776,
864691136965753038,864691135454100330,8916,4.0
864691135570690541,864691135570690541,468,0.0
864691135730105529,864691135730105529,6960,0.0
864691135489031876,864691135489031876,188,
864691136618471309,864691135575114526,5264,
864691135454100330,864691135454100330,1552,0.0
864691136482918444,864691136482918444,236,
864691136482918444,864691136482918444,312,
864691135501549890,864691135501549890,320,0.0
864691135570723309,864691135570723309,384,0.0
864691136143404852,864691135575114526,1608,
864691136194515020,864691135560860385,18900,7.0
864691135585436284,864691135585436284,428,0.0
864691135436504562,864691135436504562,232,
864691136118637336,864691136118637336,332,0.0
864691136311934269,864691136311934269,296,0.0
864691136618390413,864691136482918444,3088,
864691135584386034,864691135584386034,376,0.0
864691136237715516,864691136237715516,384,0.0
864691135575114526,864691135575114526,840,
864691136672972679,864691136672972679,188,0.0
864691135490940135,864691135585304131,7256,
864691135730105529,864691135730105529,660,0.0
864691135994577066,864691135994577066,6048,
864691135730105529,864691135730105529,2664,0.0
864691136923024868,864691136923024868,264,0.0
864691135724597419,864691135866387734,2596,
864691135584386034,864691135584386034,472,0.0
864691135489031876,864691135489031876,596,
864691135274074341,864691135274074341,476,0.0
864691135952235811,864691135454100330,18720,-5.0
864691136311737661,864691136311737661,192,0.0
864691136051134963,864691136051134963,288,
864691135968897381,864691135570690541,2388,-10.0
864691134917404682,864691136023740729,3800,
864691135213001528,864691136482918444,3708,
864691135565237700,864691136482918444,2920,
864691136010895523,864691136010895523,960,0.0
864691136903003314,864691135489031876,1000,
864691135544417832,864691135585436284,9120,1.0
864691135334607849,864691136010895523,756,
864691135407309001,864691135407309001,196,
864691135394616306,864691135585304131,5160,
864691136311737661,864691136311737661,180,0.0
864691135528704964,864691136237715516,7648,1.0
864691135909773481,864691135909773481,600,0.0
864691135436504562,864691135436504562,760,
864691135585436284,864691135585436284,7820,0.0
864691135585436284,864691135585436284,3364,0.0
864691136618390413,864691136482918444,2392,
864691135560860385,864691135560860385,1124,0.0
864691135396383265,864691135585436284,13196,
864691135394616306,864691135585304131,3496,
864691136819510894,864691135575114526,2004,
864691135081988855,864691135081988855,320,0.0
864691136311934269,864691136311934269,312,0.0
864691135730105529,864691135730105529,240,0.0
864691136023740729,864691136023740729,1052,0.0
864691135585436284,864691135585436284,320,0.0
864691136311737661,864691136311737661,324,0.0
864691135516229075,864691135516229075,1128,0.0
864691135989890952,864691135989890952,428,
864691135866419990,864691135866419990,11472,0.0
864691136099794037,864691136099794037,164,0.0
864691136903003314,864691136903003314,1084,0.0
864691135850495687,864691135850495687,180,
864691135771832395,864691136118637336,14272,
864691135777095613,864691135777095613,2084,0.0
864691136903003314,864691136903003314,328,0.0
864691135946996577,864691135946996577,352,0.0
864691135585436284,864691135585436284,304,0.0
864691135510003396,864691135510003396,208,
864691135213001528,864691136482918444,2040,
864691134964449311,864691134964449311,532,0.0
864691135081988855,864691135081988855,1856,0.0
864691135683929783,864691136099794037,12780,
864691136118637336,864691136118637336,216,0.0
864691135274074341,864691135274074341,316,0.0
864691135946996577,864691135946996577,620,0.0
864691135730105529,864691135730105529,336,0.0
864691136237715516,864691136237715516,796,0.0
864691135490940135,864691136911622897,5524,
864691136812237171,864691136812237171,240,0.0
864691135385185365,864691136023740729,2376,
864691135491611231,864691135510003396,6680,
864691136812237171,864691136812237171,1828,0.0
864691135560860385,864691135560860385,968,0.0
864691135730105529,864691135730105529,212,0.0
864691135570690541,864691135570690541,196,0.0
864691136004767690,864691136004767690,3416,0.0
864691136594526114,864691136594526114,356,0.0
864691135585304131,864691135585304131,176,0.0
864691135585436284,864691135585436284,216,0.0
864691135730105529,864691135730105529,236,0.0
864691135748123528,864691136594526114,18556,
864691135776638048,864691135776638048,288,
864691136010895523,864691136010895523,168,0.0
864691136023740729,864691136023740729,264,0.0
864691136602132945,864691136051134963,2596,
864691136903003314,864691135510003396,1840,
864691136662432990,864691136118637336,1884,
864691135396383265,864691135489031876,4204,
864691136672972679,864691136672972679,340,0.0
864691135771832395,864691136311934269,1416,
864691136008470700,864691135575114526,5764,
864691135501549890,864691135501549890,624,0.0
864691135737708401,864691135737708401,296,0.0
864691135570690541,864691135570690541,164,0.0
864691135730105529,864691135730105529,1432,0.0
864691135570723309,864691135570723309,352,0.0
864691135850495687,864691135850495687,768,
864691135974785903,864691135974785903,2624,0.0
864691135684358583,864691135274074341,1492,1.0
864691135560860385,864691135560860385,236,0.0
864691136311737661,864691136311737661,492,0.0
864691135994577066,864691135994577066,184,
864691135081988855,864691135081988855,5040,0.0
864691135730105529,864691135730105529,168,0.0
864691136004767690,864691136004767690,3532,0.0
864691136004767690,864691136004767690,320,0.0
864691135385185365,864691135544410920,5944,
864691135560860385,864691135560860385,608,0.0
864691135575114526,864691135575114526,1624,
864691135730105529,864691135730105529,5136,0.0
864691135730105529,864691135730105529,624,0.0
864691136004767690,864691136004767690,260,0.0
864691135544410920,864691135544410920,212,0.0
864691134947410428,864691134947410428,1060,0.0
864691135334607849,864691135866387734,17360,
864691135585436284,864691135585436284,392,0.0
864691136311934269,864691136311934269,512,0.0
864691136819510894,864691136819510894,244,
864691135724597419,864691135946996577,18256,
864691135510003396,864691135510003396,616,
864691135385185365,864691136594526114,268,
864691135560860385,864691135560860385,376,0.0
864691136237715516,864691136237715516,224,0.0
864691136237715516,864691136237715516,212,0.0
864691135394616306,864691135737708401,2484,
864691135394616306,864691135585304131,160,
864691136237715516,864691136237715516,2212,0.0
864691136812237171,864691136812237171,420,0.0
864691136819510894,864691136819510894,476,
864691135490591463,864691135489031876,6560,
864691135866419990,864691135866419990,992,0.0
864691135510003396,864691135510003396,1000,
864691135585436284,864691135585436284,1124,0.0
864691135394616306,864691136099794037,588,
864691135952235811,864691136672972679,12908,-6.0
864691135564667223,864691135994577066,2512,
864691135334607849,864691136681950070,208,
864691135771832395,864691135777095613,9312,
864691135570690541,864691135570690541,1464,0.0
864691135724597419,864691135585304131,4048,
864691136023740729,864691136023740729,364,0.0
864691136482918444,864691136482918444,3404,
864691135609724679,864691136118637336,2036,
864691135575114526,864691135575114526,220,
864691135730105529,864691135730105529,248,0.0
864691136618390413,864691135489031876,3932,
864691135489031876,864691135489031876,396,
864691135730105529,864691135730105529,424,0.0
864691136008470700,864691136008470700,1608,
864691136311737661,864691136311737661,228,0.0
864691135560492001,864691136311934269,1860,0.0
864691135584386034,864691135584386034,172,0.0
864691135490940135,864691135560860385,3036,
864691136923024868,864691136923024868,4300,0.0
864691136911622897,864691136911622897,172,0.0
864691135516229075,864691135516229075,160,0.0
864691135683929783,864691135737708401,2792,
864691135560860385,864691135560860385,352,0.0
864691136618414733,864691136618414733,420,0.0
864691135866419990,864691135866419990,556,0.0
864691135510003396,864691135510003396,780,
864691135394616306,864691135585304131,1020,
864691136237715516,864691136237715516,264,0.0
864691135334607849,864691136681950070,1184,
864691135544410920,864691135544410920,824,0.0
864691135683929783,864691135585304131,3208,
864691135501549890,864691135501549890,240,0.0
864691136008724652,864691134964449311,3104,12.0
864691136237715516,864691136237715516,1568,0.0
864691135436504562,864691135436504562,256,
864691135952235811,864691136378815445,6180,-10.0
864691136051134963,864691136051134963,628,
864691135994577066,864691135994577066,188,
864691135946996577,864691135946996577,760,0.0
864691136482918444,864691136482918444,4088,
864691135510003396,864691135510003396,1972,
864691135737708401,864691135737708401,1032,0.0
864691135385185365,864691135544410920,26376,
864691135497617171,864691135497617171,2740,0.0
864691135946996577,864691135946996577,308,0.0
864691135994577066,864691135994577066,1072,
864691136237449276,864691136812237171,13968,8.0
864691135575132958,864691135454100330,3476,-2.0
864691135737708401,864691135737708401,648,0.0
864691135585304131,864691135585304131,368,0.0
864691135730105529,864691135730105529,22036,0.0
864691135952235811,864691135454100330,17340,-5.0
864691135683929783,864691135585304131,5340,
864691135585304131,864691135585304131,244,0.0
864691134964449311,864691134964449311,272,0.0
864691135436504562,864691135436504562,212,
864691136237715516,864691136237715516,420,0.0
864691136662432990,864691135585304131,920,
864691136311934269,864691136311934269,1196,0.0
864691135570690541,864691135570690541,5384,0.0
864691135585304131,864691135585304131,3628,0.0
864691135994550698,864691135584386034,2916,13.0
864691136118637336,864691136118637336,576,0.0
864691135730105529,864691135730105529,5828,0.0
864691136482918444,864691136482918444,360,
864691136662432990,864691135730105529,2576,
864691136819510894,864691136819510894,4456,
864691135334607849,864691134947410428,312,
864691135776638048,864691135776638048,856,
864691135081988855,864691135081988855,5192,0.0
864691136965753038,864691135454100330,17532,4.0
864691136819510894,864691136819510894,212,
864691135494045328,864691135494045328,568,0.0
864691135497617171,864691135497617171,316,0.0
864691136723548413,864691135909773481,532,4.0
864691135989890952,864691135989890952,200,
864691135476110504,864691135489031876,4184,
864691135683929783,864691135737708401,8288,
864691135490940135,864691136099794037,3104,
864691136004767690,864691136004767690,1656,0.0
864691135994577066,864691135994577066,468,
864691136819510894,864691136819510894,3548,
864691134964449311,864691134964449311,648,0.0
864691135864756700,864691135081988855,1004,8.0
864691135730105529,864691135730105529,1272,0.0
864691135560860385,864691135560860385,1968,0.0
864691136378815445,864691136378815445,308,0.0
864691135974785903,864691135974785903,840,0.0
864691135614385867,864691136010895523,8272,15.0
864691135571541285,864691135571541285,388,0.0
864691136911622897,864691136911622897,404,0.0
864691136951597791,864691136951597791,296,0.0
864691135776638048,864691135776638048,1040,
864691136482870828,864691135181766146,2072,0.0
864691135866387734,864691135866387734,300,0.0
864691136032109704,864691135415467706,8856,7.0
864691135081988855,864691135081988855,2824,0.0
864691135584386034,864691135584386034,1196,0.0
864691135497617171,864691135497617171,1532,0.0
864691136099794037,864691136099794037,748,0.0
864691136422819887,864691134964449311,8992,14.0
864691135658111106,864691135575114526,2472,
864691135850495687,864691135850495687,1280,
864691136311934269,864691136311934269,2712,0.0
864691135274074341,864691135274074341,220,0.0
864691135474646592,864691135474646592,372,
864691135994577066,864691135994577066,312,
864691135560860385,864691135560860385,292,0.0
864691135436504562,864691135436504562,668,
864691135575132958,864691135454100330,2268,-2.0
864691135730105529,864691135730105529,4548,0.0
864691136378815445,864691136378815445,312,0.0
864691135516229075,864691135516229075,764,0.0
864691135570690541,864691135570690541,224,0.0
864691136065739416,864691136482918444,992,
864691136311934269,864691136311934269,2844,0.0
864691135730105529,864691135730105529,336,0.0
864691136594526114,864691136594526114,192,0.0
864691136390420607,864691135584386034,1768,10.0
864691135501549890,864691135501549890,240,0.0
864691135974785903,864691135974785903,220,0.0
864691134917404682,864691135866387734,1680,
864691135510003396,864691135510003396,812,
864691136378815445,864691136378815445,280,0.0
864691136482870828,864691136023740729,2908,-8.0
864691135081988855,864691135081988855,420,0.0
864691135584185720,864691136819510894,5860,
864691135807311389,864691135575114526,1576,
864691135081988855,864691135081988855,176,0.0
864691136819510894,864691136819510894,1072,
864691135081988855,864691135081988855,2404,0.0
864691135866851350,864691136010895523,22980,15.0
864691135394616306,864691135737708401,324,
864691135385185365,864691135544410920,5156,
864691135746802824,864691136099794037,5376,
864691136237715516,864691136237715516,5328,0.0
864691136116449444,864691135462752318,2144,7.0
864691135385185365,864691135544410920,8836,
864691135510003396,864691135510003396,440,
864691135782702387,864691135544410920,13552,-12.0
864691136099794037,864691136099794037,552,0.0
864691136812237171,864691136812237171,500,0.0
864691135081988855,864691135081988855,244,0.0
864691135989890952,864691135989890952,2168,
864691135974785903,864691135974785903,6624,0.0
864691135560860385,864691135560860385,1084,0.0
864691136311934269,864691136311934269,9204,0.0
864691135396383265,864691135489031876,5764,
864691135989890952,864691135989890952,892,
864691135946996577,864691135946996577,332,0.0
864691135994577066,864691135994577066,208,
864691135570690541,864691135570690541,1840,0.0
864691136311934269,864691136311934269,324,0.0
864691135489031876,864691135489031876,756,
864691135952235811,864691136311934269,9000,-6.0
864691136105459161,864691135560860385,3384,-3.0
864691136618390413,864691135489031876,8368,
864691135909773481,864691135909773481,372,0.0
864691135334607849,864691136010895523,892,
864691136911622897,864691136911622897,192,0.0
864691135994550698,864691135584386034,3716,13.0
864691136051134963,864691136051134963,268,
864691135850495687,864691135850495687,324,
864691135585436284,864691135585436284,3504,0.0
864691135730105529,864691135730105529,568,0.0
864691135081703927,864691136812237171,11256,
864691135585436284,864691135585436284,576,0.0
864691135081988855,864691135081988855,276,0.0
864691135081703927,864691135771658827,26036,
864691135269816997,864691135269816997,536,0.0
864691135941167988,864691135941167988,1748,
864691135392073458,864691135392073458,164,0.0
864691135269816997,864691135269816997,1036,0.0
864691135269691045,864691135601396547,4416,
864691136662195166,864691136662195166,252,0.0
864691135526061659,864691135526061659,196,0.0
864691135946996577,864691135946999649,10068,
864691136388570640,864691135373626441,6736,
864691135323181212,864691135269816997,1708,
864691135807245597,864691135807245597,252,0.0
864691136286627011,864691136039701246,29912,-12.0
864691135590320395,864691135590320395,1972,0.0
864691135918622128,864691135918622128,380,0.0
864691135807277597,864691135807277597,680,
864691135526061659,864691135526061659,4692,0.0
864691135340956101,864691135340956101,888,
864691136108748216,864691135212700800,3848,-1.0
864691136617105883,864691136617105883,400,
864691135544411432,864691135544411432,364,
864691136925715786,864691136925715786,8012,0.0
864691135909939625,864691135909939625,408,
864691135807245597,864691135807245597,380,0.0
864691135373626441,864691135373626441,848,
864691136119557457,864691136119557457,1688,
864691135526061659,864691135526061659,376,0.0
864691136039701246,864691136039701246,240,0.0
864691135662881220,864691135926520788,3912,7.0
864691135476110504,864691135811242833,576,8.0
864691136263505636,864691136263505636,4856,
864691135373626441,864691135373626441,268,
864691136226956369,864691135393973749,3068,5.0
864691136039701502,864691136039701502,360,0.0
864691135918622128,864691135918622128,1344,0.0
864691136973722140,864691135373626441,9628,
864691135994550698,864691135526061659,26224,9.0
864691137019562606,864691137019562606,3008,0.0
864691136723371261,864691136723371261,604,
864691135952235811,864691135782702387,3596,0.0
864691136039701246,864691136039701246,6096,0.0
864691135544411432,864691135544411432,2404,
864691135946999649,864691135946999649,432,
864691136134683787,864691135811242833,7652,8.0
864691136925715786,864691136925715786,3612,0.0
864691135118023901,864691135771658827,22848,
864691135560500449,864691135560500449,1092,
864691135866386198,864691137019562606,2596,0.0
864691135544411432,864691135544411432,1332,
864691135782702387,864691135782702387,612,0.0
864691135662881220,864691135918622128,224,15.0
864691135865539461,864691135865539461,1208,0.0
864691135918622128,864691135918622128,168,0.0
864691136617105883,864691136617105883,356,
864691135807277597,864691135807277597,512,
864691136389008656,864691136389008656,348,0.0
864691135761532982,864691135761532982,1316,0.0
864691135571479589,864691135571479589,260,0.0
864691135951958819,864691136266685335,2428,10.0
864691135811242833,864691135811242833,528,0.0
864691136925715786,864691136925715786,1336,0.0
864691136662432990,864691135945952036,184,
864691137019562606,864691137019562606,172,0.0
864691135393975285,864691135393975285,260,0.0
864691135601396547,864691135601396547,160,
864691135771658827,864691135771658827,208,0.0
864691135373626441,864691135373626441,176,
864691136039701502,864691136039701502,520,0.0
864691135181768194,864691135181768194,9100,0.0
864691135274403301,864691135274403301,912,0.0
864691135761549622,864691135526061659,2696,2.0
864691136925715786,864691136925715786,1224,0.0
864691136723371261,864691136723371261,228,
864691136423020079,864691136423020079,528,0.0
864691136723371261,864691136723371261,2328,
864691135544411432,864691135544411432,332,
864691136709773422,864691136709773422,284,0.0
864691136266685335,864691136266685335,396,0.0
864691135807277597,864691135807277597,4208,
864691136709773422,864691136709773422,868,0.0
864691135396580129,864691135782702387,2916,
864691135865539461,864691135865539461,1008,0.0
864691135334607849,864691135181768194,8508,
864691136004769226,864691136004769226,2952,
864691135386355585,864691136723371261,3792,
864691135340956101,864691135340956101,508,
864691135334607849,864691135571479589,4024,
864691136236709647,864691135926520788,12848,4.0
864691136227267921,864691135392073458,3420,3.0
864691136925715786,864691136925715786,300,0.0
864691135925503502,864691135925503502,436,
864691135393975285,864691135393975285,548,0.0
864691136311937597,864691136311937597,960,0.0
864691136119557457,864691136119557457,196,
864691135560500449,864691135560500449,380,
864691135945952036,864691135945952036,2184,0.0
864691135724597419,864691137019562606,4780,
864691136010954659,864691135811242833,38508,
864691136266685335,864691136266685335,1224,0.0
864691135392073458,864691135392073458,200,0.0
864691135274403557,864691135274403557,2044,0.0
864691135918622128,864691135918622128,180,0.0
864691135181768194,864691135181768194,1756,0.0
864691135571479589,864691135571479589,188,0.0
864691135601396547,864691135601396547,348,
864691135807245597,864691135807245597,276,0.0
864691136050874867,864691136050874867,184,0.0
864691135807245597,864691135807245597,276,0.0
864691136281922711,864691136281922711,188,0.0
864691136922732004,864691136922732004,332,0.0
864691135274403301,864691135274403301,296,0.0
864691135373626441,864691135373626441,932,
864691135373626441,864691135373626441,276,
864691135590320395,864691135590320395,200,0.0
864691136237510460,864691135393973749,6160,
864691135396383265,864691135373626441,3884,
864691136925715786,864691136925715786,2764,0.0
864691135918622128,864691135918622128,1672,0.0
864691135526061659,864691135926520788,192,-4.0
864691135585130108,864691135946999649,1432,
864691135393975285,864691135393975285,1000,0.0
864691135925503502,864691135925503502,292,
864691136143404852,864691135373626441,5160,
864691136662432990,864691135340956101,3196,
864691136925715786,864691136925715786,22640,0.0
864691135847943262,864691135847943262,232,0.0
864691135431527154,864691135431527154,1980,
864691135012884886,864691135544411432,964,
864691135373626441,864691135373626441,800,
864691135888632713,864691135373626441,6732,
864691135782702387,864691135782702387,196,0.0
864691136311937597,864691136311937597,1492,0.0
864691136119557457,864691136119557457,612,
864691135274403557,864691135274403557,204,0.0
864691136925715786,864691136925715786,940,0.0
864691135501846365,864691135501846365,372,
864691135888632713,864691135925503502,6952,
864691135544411432,864691135544411432,1876,
864691135274403557,864691135274403557,632,0.0
864691136389008656,864691136389008656,1356,0.0
864691136389008656,864691136389008656,244,0.0
864691135269816997,864691135269816997,628,0.0
864691136039701246,864691136039701246,820,0.0
864691135925503502,864691135925503502,228,
864691135373626441,864691135373626441,444,
864691135945952036,864691135945952036,4788,0.0
864691136709773422,864691136709773422,580,0.0
864691135571479589,864691135571479589,908,0.0
864691135945952036,864691135945952036,11236,0.0
864691135431527154,864691135431527154,540,
864691135609756935,864691135269816997,240,
864691135925503502,864691135925503502,504,
864691136266685335,864691136266685335,1700,0.0
864691135992677768,864691135992677768,168,
864691135945952036,864691135945952036,31668,0.0
864691136641618806,864691136050874867,5392,-6.0
864691136119557457,864691136119557457,700,
864691135865539461,864691135865539461,1604,0.0
864691136039701502,864691136039701502,264,0.0
864691135340956101,864691135373626441,5712,
864691135571479589,864691135571479589,300,0.0
864691135501846365,864691135501846365,276,
864691135807277597,864691135807277597,524,
864691135212700800,864691135212700800,296,0.0
864691135811242833,864691135811242833,268,0.0
864691136662432990,864691136039701246,2676,
864691137019596142,864691137019596142,972,0.0
864691135994577066,864691135807277597,3016,
864691136389008656,864691136389008656,220,0.0
864691136925715786,864691136925715786,4136,0.0
864691136709773422,864691136709773422,2020,0.0
864691135340956101,864691135340956101,380,
864691136039701246,864691136039701246,1432,0.0
864691135807245597,864691135807245597,688,0.0
864691135601396547,864691135601396547,252,
864691135952235811,864691135782702387,3308,0.0
864691135807245597,864691135807245597,220,0.0
864691135012882582,864691135012882582,632,0.0
864691135807245597,864691135807245597,3992,0.0
864691135431527154,864691135431527154,176,
864691135373626441,864691135373626441,208,
864691135782702387,864691135782702387,624,0.0
864691136039701502,864691136039701502,4124,0.0
864691135761532982,864691135761532982,636,0.0
864691135888632713,864691135373626441,2476,
864691135373626441,864691135373626441,1600,
864691136709773422,864691136709773422,1748,0.0
864691136423020079,864691136423020079,224,0.0
864691135560500449,864691135560500449,168,
864691135771658827,864691135771658827,188,0.0
864691136237715516,864691136311937597,4068,6.0
864691135373626441,864691135373626441,380,
864691135865539461,864691135865539461,532,0.0
864691135771658827,864691135771658827,5248,0.0
864691135945952036,864691135945952036,10628,0.0
864691136039701502,864691136039701502,692,0.0
864691136311937597,864691136311937597,460,0.0
864691135373626441,864691135373626441,2392,
864691135782702387,864691135782702387,324,0.0
864691136119557457,864691136119557457,252,
864691135181768194,864691135181768194,744,0.0
864691135909939625,864691135909939625,1272,
864691135662881220,864691135847943262,660,8.0
864691136119557457,864691136119557457,300,
864691135373626441,864691135373626441,604,
864691137019562606,864691137019562606,728,0.0
864691135847943262,864691135847943262,268,0.0
864691135925503502,864691135925503502,304,
864691135807277597,864691135807277597,456,
864691136389008656,864691135782702387,1048,7.0
864691135334607849,864691136925715786,3676,
864691135807245597,864691135807245597,328,0.0
864691135807277597,864691135807277597,260,
864691136263505636,864691136263505636,6932,
864691135909939625,864691135909939625,228,
864691136039701246,864691136039701246,196,0.0
864691136389008656,864691135782702387,1420,7.0
864691135394616306,864691136925715786,2344,
864691135807245597,864691135807245597,360,0.0
864691136617105883,864691136617105883,440,
864691135373626441,864691135373626441,932,
864691135748123528,864691136050874867,1532,
864691136039701502,864691136039701502,1124,0.0
864691136311937597,864691136311937597,220,0.0
864691135811242833,864691135811242833,356,0.0
864691136641618806,864691135807245597,5628,-7.0
864691136618390413,864691135373626441,6440,
864691135807277597,864691135807277597,1996,
864691135373626441,864691135373626441,460,
864691135945952036,864691135945952036,164,0.0
864691135888632713,864691135373626441,1904,
864691136119557457,864691136119557457,236,
864691137019596142,864691137019596142,288,0.0
864691136023889209,864691135373626441,1720,
864691135526061659,864691135526061659,800,0.0
864691135909939625,864691135909939625,8128,
864691135918622128,864691135918622128,324,0.0
864691136723371261,864691136723371261,208,
864691136925715786,864691136925715786,1672,0.0
864691135393975285,864691135393975285,616,0.0
864691135571479589,864691135571479589,4128,0.0
864691135807277597,864691135807277597,568,
864691135334607849,864691135601396547,3560,
864691135941167988,864691135941167988,164,
864691136039701502,864691136039701502,188,0.0
864691135544411432,864691135544411432,328,
864691135373626441,864691135373626441,356,
864691135865539461,864691135865539461,180,0.0
864691135590320395,864691135590320395,232,0.0
864691136311937597,864691136311937597,408,0.0
864691136389008656,864691136389008656,11320,0.0
864691135155894884,864691135373626441,488,
864691135373626441,864691135373626441,340,
864691136618390413,864691135373626441,4752,
864691136617105883,864691136617105883,952,
864691135945491748,864691135945491748,408,
864691136039701502,864691136039701502,312,0.0
864691135951980323,864691135951980323,292,0.0
864691135501846365,864691135501846365,472,
864691135340956101,864691135340956101,540,
864691136951597791,864691135847943262,2740,5.0
864691135340956101,864691135340956101,176,
864691135501846365,864691135501846365,636,
864691135918622128,864691135918622128,272,0.0
864691135373626441,864691135373626441,160,
864691135807277597,864691135807277597,192,
864691135909939625,864691135909939625,608,
864691135811242833,864691135811242833,404,0.0
864691136922732004,864691136922732004,196,0.0
864691135918622128,864691135918622128,196,0.0
864691135771658827,864691135771658827,392,0.0
864691135122603047,864691136039701246,1876,-12.0
864691135585436284,864691135925503502,3276,
864691135544411432,864691135544411432,204,
864691136008556718,864691136311937597,12868,8.0
864691135609718535,864691135609718535,468,0.0
864691135373626441,864691135373626441,3600,
864691136039701246,864691136039701246,408,0.0
864691136004769226,864691136004769226,276,
864691135516139731,864691135807245597,10776,0.0
864691135945952036,864691135945952036,244,0.0
864691135753932237,864691135807277597,5296,
864691135761532982,864691135761532982,1444,0.0
864691135811242833,864691135811242833,372,0.0
864691135431527154,864691135431527154,184,
864691135865539461,864691135865539461,2940,0.0
864691136925715786,864691136925715786,12120,0.0
864691136423020079,864691136423020079,312,0.0
864691135807277597,864691135807277597,2108,
864691135700545147,864691135340956101,7204,
864691135918622128,864691135918622128,328,0.0
864691135609718535,864691135609718535,248,0.0
864691135393973749,864691135393973749,3044,0.0
864691135544411432,864691135544411432,368,
864691135502070197,864691135992677768,1580,
864691135490591463,864691136039701502,360,
864691135909939625,864691135909939625,516,
864691135941167988,864691135941167988,324,
864691135737076100,864691135865539461,2700,
864691135490940135,864691136389008656,876,
864691135951980323,864691135951980323,300,0.0
864691135945952036,864691135945952036,23480,0.0
864691135951980323,864691135951980323,212,0.0
864691135337696486,864691135544411432,160,
864691135974661231,864691135782702387,3592,
864691135918622128,864691135918622128,260,0.0
864691136039701502,864691136039701502,5060,0.0
864691135568895622,864691135373626441,7516,
864691135945491748,864691135945491748,508,
864691136662195166,864691136662195166,364,0.0
864691135945952036,864691135945952036,2880,0.0
864691135807277597,864691135807277597,1780,
864691136389008656,864691136662195166,2496,6.0
864691135544411432,864691136618448013,2636,
864691135393973749,864691135393973749,4832,0.0
864691135782702387,864691135782702387,1088,0.0
864691136925715786,864691136925715786,1336,0.0
864691135340956101,864691135340956101,832,
864691135946999649,864691135946999649,444,
864691135565237700,864691136617105883,4220,
864691135501846365,864691135501846365,2064,
864691136389008656,864691136389008656,196,0.0
864691136662195166,864691136662195166,804,0.0
864691137019596142,864691137019596142,292,0.0
864691135012882582,864691135012882582,320,0.0
864691136662432990,864691136423020079,4488,
864691135807277597,864691135807277597,364,
864691135560500449,864691135560500449,336,
864691135560500449,864691135560500449,536,
864691135807245597,864691135807245597,1184,0.0
864691135811242833,864691135811242833,176,0.0
864691136925715786,864691136925715786,164,0.0
864691135945952036,864691135945952036,10092,0.0
864691135373626441,864691135373626441,288,
864691135807277597,864691135807277597,876,
864691135939423489,864691136039701502,2080,-5.0
864691135771658827,864691135771658827,1176,0.0
864691136389008656,864691136389008656,360,0.0
864691135544411432,864691135544411432,692,
864691135385246037,864691136266685335,904,2.0
864691136263505636,864691136263505636,184,
864691135945952036,864691135945952036,54336,0.0
864691135345129887,864691136119557457,524,
864691135340956101,864691135340956101,1348,
864691135994766250,864691137019562606,17000,5.0
864691136266440948,864691135847943262,2744,0.0
864691135396580129,864691135782702387,21096,
864691136925715786,864691136925715786,4880,0.0
864691135373626441,864691135373626441,1536,
864691135925503502,864691135925503502,2344,
864691135373626441,864691135373626441,160,
864691136723371261,864691136723371261,164,
864691136004947658,864691135393973749,11344,-1.0
864691135807277597,864691135807277597,1400,
864691135952235811,864691135609718535,19860,-7.0
864691136723371261,864691136723371261,412,
864691135393975285,864691135393975285,348,0.0
864691135393973749,864691135393973749,23380,0.0
864691135945952036,864691135945952036,14556,0.0
864691135782702387,864691135782702387,192,0.0
864691135385324629,864691135385324629,536,0.0
864691135590320395,864691135590320395,268,0.0
864691135609718535,864691135609718535,380,0.0
864691136922732004,864691136922732004,708,0.0
864691136134683787,864691135373626441,17888,
864691135866373398,864691135590320395,6228,-1.0
864691135544411432,864691135544411432,2560,
864691135888632713,864691135373626441,9864,
864691135918622128,864691135918622128,472,0.0
864691135544411432,864691135544411432,696,
864691136388570640,864691136039701246,1748,2.0
864691135614385867,864691135771658827,5192,5.0
864691135609718535,864691135609718535,184,0.0
864691135393973749,864691135393973749,2328,0.0
864691135811242833,864691135811242833,220,0.0
864691135393975285,864691135393975285,328,0.0
864691135428807728,864691135428807728,284,0.0
864691135385185365,864691135560500449,5828,
864691135544411432,864691135544411432,300,
864691135269816997,864691135269816997,220,0.0
864691135811242833,864691135811242833,172,0.0
864691135212700800,864691135212700800,712,0.0
864691135909939625,864691135909939625,828,
864691136050874867,864691136050874867,11900,0.0
864691135683957943,864691135181768194,4348,-8.0
864691135373626441,864691135373626441,460,
864691135926520788,864691135926520788,916,0.0
864691136641618806,864691136050874867,2000,-6.0
864691135925503502,864691135925503502,1052,
864691135782702387,864691135782702387,904,0.0
864691135373626441,864691135373626441,184,
864691136951640287,864691135782702387,2284,12.0
864691135945952036,864691135945952036,9604,0.0
864691135945952036,864691135945952036,188,0.0
864691135269691045,864691135601396547,2632,
864691135761532982,864691135761532982,224,0.0
864691136119557457,864691136119557457,2324,
864691135560500449,864691135560500449,272,
864691135474771520,864691135560500449,2852,
864691135782702387,864691135782702387,180,0.0
864691135490591463,864691136039701502,7436,
864691137019562606,864691137019562606,452,0.0
864691136333739187,864691136311937597,21760,2.0
864691136723371261,864691136723371261,576,
864691135334607849,864691135393975285,5544,
864691135807277597,864691135807277597,1332,
864691135334607849,864691136925715786,4156,
864691135544411432,864691135544411432,728,
864691135754054861,864691135807277597,712,
864691136263505636,864691136263505636,3544,
864691136119557457,864691136119557457,596,
864691135782702387,864691135782702387,1652,0.0
864691135269816997,864691135269816997,1216,0.0
864691135394616306,864691135269816997,948,
864691136194515020,864691136311937597,8132,9.0
864691136925715786,864691136925715786,1340,0.0
864691136039701502,864691136039701502,540,0.0
864691135385324629,864691135385324629,2236,0.0
864691136119557457,864691136119557457,320,
864691136812234867,864691135373626441,8412,
864691136618448013,864691136618448013,228,0.0
864691135373626441,864691135373626441,352,
864691135334553321,864691135926520788,8580,3.0
864691135544411432,864691135544411432,1648,
864691135385324629,864691135385324629,664,0.0
864691135847943262,864691135847943262,564,0.0
864691135945952036,864691135945952036,5684,0.0
864691136709773422,864691136709773422,448,0.0
864691135807245597,864691135807245597,728,0.0
864691135807245597,864691135807245597,2036,0.0
864691136263505636,864691136263505636,388,
864691135526061659,864691135526061659,308,0.0
864691135396383265,864691135925503502,1768,
864691135340956101,864691135340956101,164,
864691135544411432,864691135544411432,180,
864691135946999649,864691135946999649,184,
864691135373626441,864691135373626441,1512,
864691136618448013,864691136618448013,196,0.0
864691135811242833,864691135811242833,6488,0.0
864691135771832395,864691135945952036,3540,
864691135807245597,864691135807245597,204,0.0
864691136618390413,864691135373626441,3112,
864691136423020079,864691136423020079,236,0.0
864691135544411432,864691135544411432,232,
864691135809426636,864691135544411432,2040,
864691136039701246,864691136039701246,172,0.0
864691136617105883,864691136617105883,708,
864691135393975285,864691135393975285,1192,0.0
864691135394616306,864691136925715786,2612,
864691135888632713,864691135373626441,784,
864691137196878913,864691136281922711,4164,
864691135269816997,864691135269816997,396,0.0
864691135811242833,864691135811242833,164,0.0
864691135807311389,864691135373626441,10960,
864691135393975285,864691135393975285,644,0.0
864691136925715786,864691136925715786,18332,0.0
864691135340956101,864691135340956101,744,
864691135847943262,864691135847943262,672,0.0
864691136662432990,864691136925715786,3424,
864691135807245597,864691135807245597,264,0.0
864691135918622128,864691135918622128,304,0.0
864691135392073458,864691135392073458,268,0.0
864691135807277597,864691135807277597,232,
864691135510719440,864691135392073458,3384,-1.0
864691135725605695,864691135571479589,5844,-7.0
864691135396580129,864691135782702387,1208,
864691135807277597,864691135807277597,884,
864691136039701246,864691136039701246,636,0.0
864691135491611231,864691136617105883,276,
864691135811242833,864691135811242833,672,0.0
864691136672660615,864691135571479589,4004,0.0
864691137019562606,864691137019562606,1012,0.0
864691135926520788,864691135926520788,228,0.0
864691136039701246,864691136039701246,256,0.0
864691135952235811,864691136423020079,2936,-8.0
864691135274403301,864691135274403301,1084,0.0
864691135544411432,864691135544411432,224,
864691135393975285,864691135393975285,244,0.0
864691135560500449,864691135560500449,284,
864691135571479589,864691135571479589,192,0.0
864691137019596142,864691137019596142,720,0.0
864691135811242833,864691135811242833,164,0.0
864691136039701246,864691136039701246,788,0.0
864691135945952036,864691136039701502,2216,1.0
864691136119557457,864691136119557457,476,
864691136662432990,864691135274403301,1724,
864691135334607849,864691136925715786,180,
864691136389008656,864691136389008656,4076,0.0
864691136389008656,864691136389008656,348,0.0
864691135571479589,864691135571479589,208,0.0
864691136965753038,864691135807277597,3456,
864691137196878913,864691135373626441,488,
864691136084074348,864691135212700800,664,0.0
864691136389008656,864691136389008656,296,0.0
864691136709773422,864691136709773422,2120,0.0
864691135918622128,864691135918622128,808,0.0
864691136709773422,864691136709773422,260,0.0
864691135012882582,864691135012882582,728,0.0
864691135992677768,864691135992677768,164,
864691135501846365,864691135501846365,1480,
864691135771658827,864691135771658827,948,0.0
864691136039701502,864691136039701502,640,0.0
864691136119557457,864691136119557457,1472,
864691135269816997,864691135269816997,308,0.0
864691135771832395,864691135340956101,6584,
864691135122603047,864691135373626441,1320,
864691135491611231,864691136617105883,3440,
864691136175395078,864691136281922711,2280,9.0
864691135526061659,864691135526061659,556,0.0
864691135945952036,864691135945952036,28048,0.0
864691136389008656,864691136389008656,600,0.0
864691136389008656,864691136389008656,884,0.0
864691135662881220,864691135392073458,1156,6.0
864691136039701502,864691136039701502,320,0.0
864691135544411432,864691135544411432,1408,
864691135946999649,864691135946999649,188,
864691135571479589,864691135571479589,172,0.0
864691135571479589,864691135571479589,380,0.0
864691135945952036,864691135945952036,2384,0.0
864691135925503502,864691135925503502,740,
864691135590320395,864691135590320395,1396,0.0
864691135571479589,864691135571479589,480,0.0
864691135771658827,864691135771658827,176,0.0
864691136119557457,864691136119557457,808,
864691135807277597,864691135807277597,2360,
864691135992677768,864691135992677768,420,
864691136039701246,864691136039701246,1320,0.0
864691135544411432,864691135544411432,9216,
864691135945952036,864691135945952036,3640,0.0
864691136662432990,864691135340956101,4028,
864691135396383265,864691135373626441,4408,
864691136263505636,864691136263505636,604,
864691136709773422,864691136709773422,176,0.0
864691135918622128,864691135918622128,1012,0.0
864691135807245597,864691135807245597,396,0.0
864691135692714687,864691135847943262,4256,0.0
864691135590320395,864691135590320395,328,0.0
864691136266685335,864691136266685335,160,0.0
864691135754054861,864691135807277597,3028,
864691135012882582,864691135012882582,336,0.0
864691135945952036,864691135945952036,3072,0.0
864691135683929783,864691136925715786,5568,
864691136723371261,864691136723371261,1416,
864691137019596142,864691137019596142,264,0.0
864691135560500449,864691135560500449,604,
864691136311937597,864691136311937597,1768,0.0
864691135945952036,864691135945952036,5112,0.0
864691135865539461,864691135865539461,852,0.0
864691135782702387,864691135782702387,232,0.0
864691135951958819,864691135811242833,3828,13.0
864691135945952036,864691135945952036,1696,0.0
864691135807277597,864691135807277597,188,
864691135373626441,864691135373626441,680,
864691135501846365,864691135501846365,1028,
864691135373626441,864691135373626441,332,
864691135951980323,864691135951980323,316,0.0
864691136723371261,864691136723371261,1092,
864691135945952036,864691135945952036,212,0.0
864691135394616306,864691136925715786,7212,
864691135274403301,864691135274403301,208,0.0
864691135771658827,864691135771658827,3060,0.0
864691135544411432,864691135544411432,520,
864691135807277597,864691135807277597,1212,
864691137019562606,864691137019562606,2316,0.0
864691135809426636,864691135269816997,4312,
864691136004769226,864691136004769226,888,
864691135392073458,864691135392073458,728,0.0
864691135393973749,864691135393973749,2092,0.0
864691135394616306,864691135269816997,1604,
864691135393975285,864691135393975285,232,0.0
864691136237510460,864691135393973749,2060,
864691135951980323,864691135951980323,460,0.0
864691135394616306,864691136925715786,2316,
864691135396383265,864691135373626441,8148,
864691136617105883,864691136617105883,696,
864691136423020079,864691136423020079,216,0.0
864691135274403301,864691135274403301,3872,0.0
864691135373626441,864691135373626441,400,
864691135945952036,864691135945952036,4424,0.0
864691136266685335,864691136266685335,2932,0.0
864691135807277597,864691135807277597,184,
864691135373626441,864691135373626441,204,
864691135431527154,864691135431527154,240,
864691136662195166,864691136662195166,488,0.0
864691135807277597,864691135807277597,684,
864691136050874867,864691136050874867,1788,0.0
864691135683929783,864691136925715786,5828,
864691135590320395,864691135590320395,644,0.0
864691135373626441,864691135373626441,340,
864691135373626441,864691135373626441,336,
864691136004769226,864691136004769226,1068,
864691135385324629,864691135385324629,440,0.0
864691135807245597,864691135807245597,812,0.0
864691135081988855,864691135373626441,4700,
864691135544411432,864691135544411432,3672,
864691136119557457,864691136119557457,324,
864691136237510460,864691135393973749,6348,
864691136263505636,864691136263505636,496,
864691136423020079,864691136423020079,320,0.0
864691135753932237,864691136281922711,2540,9.0
864691135385185365,864691135601396547,1820,
864691135526061659,864691135526061659,204,0.0
864691136723371261,864691136723371261,700,
864691135807311389,864691135373626441,1252,
864691135181768194,864691135181768194,600,0.0
864691136237510460,864691135393973749,4060,
864691136618448013,864691136618448013,168,0.0
864691135992677768,864691135992677768,5772,
864691135490940135,864691135373626441,4128,
864691136119557457,864691136119557457,184,
864691136922732004,864691136922732004,220,0.0
864691136281922711,864691136281922711,272,0.0
864691135012884886,864691136618448013,1424,
864691135393973749,864691135393973749,280,0.0
864691135181768194,864691135181768194,200,0.0
864691135334607849,864691135393975285,2568,
864691135771832395,864691135782702387,19372,
864691135428807728,864691135428807728,1620,0.0
864691135571479589,864691135571479589,1072,0.0
864691135909939625,864691135909939625,356,
864691135724609707,864691135373626441,6876,
864691135926520788,864691135926520788,1188,0.0
864691135340956101,864691135340956101,228,
864691135926520788,864691135926520788,252,0.0
864691135544411432,864691135544411432,5284,
864691135544411432,864691135544411432,808,
864691135213001528,864691135811242833,1792,
864691136922732004,864691136922732004,160,0.0
864691135771658827,864691135771658827,684,0.0
864691136388570640,864691136925715786,10104,3.0
864691136050874867,864691136050874867,392,0.0
864691137019562606,864691137019562606,392,0.0
864691136389008656,864691136389008656,836,0.0
864691135393975285,864691135393975285,432,0.0
864691135692714687,864691135807245597,2428,-1.0
864691135807277597,864691135807277597,332,
864691135393973749,864691135393973749,744,0.0
864691135373626441,864691135373626441,216,
864691136922732004,864691136922732004,188,0.0
864691135393975285,864691135393975285,208,0.0
864691135560500449,864691135560500449,1320,
864691136263505636,864691136263505636,3492,
864691137019562606,864691137019562606,1320,0.0
864691136286569667,864691136039701502,7252,-8.0
864691136039701502,864691136039701502,216,0.0
864691136311937597,864691136311937597,716,0.0
864691135789391980,864691136119557457,448,
864691136273626381,864691136039701502,4228,5.0
864691135811242833,864691135811242833,2196,0.0
864691136662432990,864691136925715786,7036,
864691135392073458,864691135392073458,316,0.0
864691135609756935,864691135373626441,7428,
864691135925503502,864691135925503502,252,
864691135373626441,864691135373626441,412,
864691136389008656,864691136389008656,168,0.0
864691135807277597,864691135807277597,176,
864691137019596142,864691137019596142,340,0.0
864691136662432990,864691135274403301,7496,
864691135994577066,864691135807277597,5728,
864691135544411432,864691135544411432,316,
864691135925503502,864691135925503502,1248,
864691135274403557,864691135274403557,1796,0.0
864691135274403301,864691135274403301,992,0.0
864691136423020079,864691136423020079,2300,0.0
864691135373626441,864691135373626441,348,
864691135992677768,864691135992677768,1704,
864691135807311389,864691135373626441,6116,
864691135373626441,864691135373626441,168,
864691135918622128,864691135918622128,172,0.0
864691136845322212,864691136119557457,1508,
864691135926520788,864691135926520788,472,0.0
864691135925503502,864691135925503502,168,
864691136925715786,864691136925715786,22240,0.0
864691135394616306,864691136662195166,1144,
864691136039701502,864691136039701502,18360,0.0
864691135926520788,864691135926520788,504,0.0
864691135571479589,864691135571479589,468,0.0
864691136119557457,864691136119557457,560,
864691135340956101,864691135340956101,876,
864691135865539461,864691135865539461,172,0.0
864691136709773422,864691136709773422,296,0.0
864691135340956101,864691135340956101,592,
864691136709773422,864691136709773422,980,0.0
864691136004769226,864691136004769226,204,
864691136050874867,864691136050874867,348,0.0
864691136922732004,864691136922732004,160,0.0
864691135544411432,864691135544411432,372,
864691136039701502,864691136039701502,232,0.0
864691135683957943,864691135946999649,2504,
864691136662432990,864691136389008656,7832,
864691136039701246,864691136039701246,240,0.0
864691135373626441,864691135373626441,316,
864691135807245597,864691135807245597,468,0.0
864691135807245597,864691135807245597,236,0.0
864691135560500449,864691135560500449,2200,
864691135560500449,864691135560500449,2268,
864691136065739416,864691135340956101,4592,
864691136281922711,864691136281922711,216,0.0
864691135945952036,864691135945952036,4440,0.0
864691135340956101,864691135340956101,792,
864691136311937597,864691136311937597,884,0.0
864691135526061659,864691135526061659,220,0.0
864691135544411432,864691135544411432,324,
864691136311937597,864691136311937597,160,0.0
864691136618448013,864691136618448013,712,0.0
864691135501846365,864691135501846365,316,
864691135980296328,864691135992677768,1444,
864691135571479589,864691135571479589,200,0.0
864691135334607849,864691136925715786,2288,
864691135926520788,864691135926520788,244,0.0
864691135748123528,864691135847943262,384,
864691135490940135,864691135782702387,2852,
864691135811242833,864691135811242833,768,0.0
864691135560500449,864691135560500449,324,
864691135432458226,864691135925503502,7712,
864691136389008656,864691136389008656,548,0.0
864691137019562606,864691137019562606,300,0.0
864691136925715786,864691136925715786,22080,0.0
864691135396580129,864691135782702387,6424,
864691135941167988,864691135941167988,188,
864691136039701502,864691136039701502,280,0.0
864691135392073458,864691135392073458,240,0.0
864691135462747198,864691136662195166,11124,7.0
864691136311937597,864691136311937597,432,0.0
864691135431527154,864691135431527154,416,
864691137019596142,864691137019596142,172,0.0
864691135012882582,864691135012882582,1556,0.0
864691135925503502,864691135925503502,4820,
864691136723431933,864691135601396547,2072,
864691135491611231,864691135269816997,14824,-6.0
864691136388605047,864691135526061659,4292,4.0
864691135181768194,864691135181768194,264,0.0
864691135181768194,864691135181768194,744,0.0
864691135771832395,864691135373626441,232,
864691136662432990,864691136925715786,740,
864691135918622128,864691135918622128,3612,0.0
864691135491529311,864691135782702387,1196,13.0
864691135491529311,864691135782702387,1196,
864691135207748217,864691135393973749,3072,
864691135748123528,864691135571479589,1316,
864691136004769226,864691136004769226,364,
864691135544411432,864691135544411432,176,
864691136119557457,864691136119557457,400,
864691135601396547,864691135601396547,3060,
864691135269816997,864691135269816997,268,0.0
864691135269816997,864691135269816997,4004,0.0
864691135761532982,864691135761532982,316,0.0
864691136039701502,864691136039701502,3724,0.0
864691136266685335,864691136266685335,420,0.0
864691136032026043,864691136281922711,576,-1.0
864691135392073458,864691135392073458,288,0.0
864691135909939625,864691135909939625,160,
864691136922732004,864691136922732004,208,0.0
864691135771832395,864691136039701246,1968,
864691135385261653,864691135385261653,324,
864691135303144615,864691135303144615,256,
864691135012883958,864691135012883958,192,0.0
864691137197332033,864691137197332033,6752,
864691135403708910,864691135403708910,1332,
864691136175395078,864691136175395078,592,0.0
864691135403708910,864691135403708910,448,
864691135625188675,864691135625188675,348,
864691136672682375,864691136672682375,876,0.0
864691135478583494,864691135478583494,184,0.0
864691137197332033,864691137197332033,2964,
864691135952015139,864691135952015139,1100,0.0
864691135403708910,864691135403708910,400,
864691135396580129,864691136925717578,1652,
864691134939986275,864691136311742013,3640,1.0
864691135502025909,864691135468164434,11416,
864691135502025909,864691135468164434,9252,
864691135212696192,864691136227267921,3288,-1.0
864691135841307619,864691136854151534,10760,
864691135012884886,864691135012884886,1016,
864691135012883958,864691135012883958,264,0.0
864691135625188675,864691135625188675,272,
864691134885056250,864691134885056250,592,0.0
864691136031707579,864691136031707579,384,
864691135939661313,864691135939661313,244,0.0
864691135474618944,864691135474618944,19464,0.0
864691135403708910,864691135403708910,1584,
864691136745100772,864691136745100772,3148,0.0
864691135526065755,864691135526065755,212,0.0
864691135474618944,864691135474618944,492,0.0
864691135382495962,864691136854151534,208,
864691136065739416,864691136422825519,200,
864691136311742013,864691136311742013,1312,0.0
864691136641618806,864691136641618806,4928,0.0
864691135658229122,864691135526065755,12732,9.0
864691137196878913,864691136951734495,1728,
864691136236737295,864691136236737295,624,0.0
864691135807311389,864691135807311389,2420,
864691136227267921,864691136227267921,180,0.0
864691136602132945,864691136602132945,372,0.0
864691134917404682,864691135012883958,4144,
864691135334607849,864691135403708910,2272,
864691135662881220,864691135526065755,44084,12.0
864691136010954659,864691135807311389,3068,
864691136032026043,864691135385261653,1152,
864691135625188675,864691135625188675,568,
864691136136631677,864691136136631677,2916,0.0
864691136602132945,864691136602132945,22760,0.0
864691136951734495,864691136951734495,340,0.0
864691135771832395,864691136422825519,4212,
864691137197332033,864691137197332033,164,
864691136577516564,864691135939661313,25632,-5.0
864691135132848544,864691135132848544,172,0.0
864691135132848544,864691135132848544,244,0.0
864691136311742013,864691136311742013,168,0.0
864691136390418815,864691136390418815,1672,0.0
864691136370790792,864691136370790792,208,0.0
864691135841307619,864691136854151534,9084,
864691135303144615,864691135303144615,288,
864691135502025909,864691135468164434,1168,
864691136729437302,864691136729437302,716,
864691136311742013,864691136311742013,612,0.0
864691136422825519,864691136422825519,612,0.0
864691136175395078,864691136175395078,624,0.0
864691136286627011,864691136973722140,444,-4.0
864691136236737295,864691136236737295,340,0.0
864691135403708910,864691135403708910,3624,
864691135975577155,864691135975577155,456,0.0
864691136236737295,864691136236737295,452,0.0
864691136136631677,864691136136631677,160,0.0
864691136175395078,864691136175395078,212,0.0
864691135975577155,864691135975577155,192,0.0
864691136005145034,864691135468164434,5976,
864691136925717578,864691136925717578,520,0.0
864691135748123528,864691135501553218,4084,
864691135526065755,864691135526065755,608,0.0
864691135583670904,864691135583670904,284,
864691135334607849,864691135866851350,4052,
864691136951734495,864691136951734495,2372,0.0
864691135753932237,864691135753932237,2888,0.0
864691135850495687,864691137197329985,1376,
864691136907510894,864691135468164434,1016,
864691136194382550,864691135468164434,6604,
864691136311742013,864691136311742013,828,0.0
864691135474618944,864691135474618944,1000,0.0
864691135841325283,864691135841325283,328,
864691136907300462,864691136907300462,516,0.0
864691135564553751,864691135012883958,5524,0.0
864691136286569667,864691135994549162,1724,-12.0
864691136854151534,864691136854151534,200,
864691135975577155,864691136136631677,2560,-5.0
864691136136631677,864691136136631677,244,0.0
864691136422825519,864691136422825519,9744,0.0
864691135490940135,864691136925717578,7036,
864691136854151534,864691136854151534,248,
864691135526065755,864691135526065755,428,0.0
864691135472035890,864691136031707579,3768,
864691136175395078,864691136175395078,504,0.0
864691136039407102,864691136039407102,364,0.0
864691136328913130,864691136328913130,572,0.0
864691135994549162,864691135994549162,256,0.0
864691135155894884,864691135775789229,4108,
864691135683929783,864691135515938515,200,
864691135502025909,864691135468164434,7364,
864691136729437302,864691136729437302,392,
864691136602132945,864691136602132945,20116,0.0
864691136370790792,864691136370790792,568,0.0
864691135403708910,864691135403708910,232,
864691136118659608,864691135468164434,3736,
864691135583670904,864691135583670904,248,
864691135753932237,864691135753932237,456,0.0
864691135385261653,864691135385261653,3556,
864691136136631677,864691136136631677,584,0.0
864691136100106101,864691135526065755,3360,9.0
864691135945527844,864691135945527844,1540,0.0
864691135468164434,864691135468164434,192,
864691136641618806,864691136641618806,720,0.0
864691136311742013,864691136311742013,168,0.0
864691136272946110,864691136272946110,308,0.0
864691136422825519,864691136422825519,2072,0.0
864691136286569667,864691135583670904,8616,
864691134885056250,864691134885056250,1232,0.0
864691136422825519,864691136422825519,160,0.0
864691136227267921,864691136227267921,1980,0.0
864691135841325283,864691135841325283,180,
864691135939661313,864691135939661313,324,0.0
864691135809443532,864691136328913130,20972,-7.0
864691135866369046,864691135975577155,3696,5.0
864691136422825519,864691136422825519,19504,0.0
864691135334553321,864691135210017216,3340,-1.0
864691134947447548,864691134947447548,884,0.0
864691136194081494,864691135385261653,4996,
864691136662432990,864691136422825519,2732,
864691135478583494,864691135478583494,324,0.0
864691135468164434,864691135468164434,344,
864691136423071791,864691135584095986,6412,
864691137197332033,864691137197332033,852,
864691136723309309,864691136723309309,368,0.0
864691135403708910,864691135403708910,784,
864691135945527844,864691135945527844,608,0.0
864691135303144615,864691135303144615,284,
864691136422825519,864691136422825519,248,0.0
864691136729437302,864691136729437302,500,
864691135334607849,864691135403708910,4332,
864691134947447548,864691134947447548,7788,0.0
864691136370790792,864691136370790792,588,0.0
864691136390418815,864691136390418815,364,0.0
864691135583703160,864691135583703160,808,0.0
864691135385185365,864691135515938515,2964,
864691136951734495,864691136951734495,432,0.0
864691135736916868,864691136266620660,17044,11.0
864691136236737295,864691136236737295,208,0.0
864691135748123528,864691135501553218,2092,
864691136333739187,864691136272946110,10684,2.0
864691136005145034,864691135468164434,3240,
864691134947447548,864691134947447548,792,0.0
864691136311934269,864691135385261653,5052,
864691135644589295,864691135012884886,3372,
864691136370790792,864691136370790792,1772,0.0
864691135274074341,864691136311742013,8904,-1.0
864691135638988859,864691136723309309,3528,-8.0
864691135403708910,864691135403708910,376,
864691135994577066,864691135753932237,15952,
864691134885056250,864691134885056250,3444,0.0
864691135952015139,864691135952015139,200,0.0
864691136854151534,864691136854151534,412,
864691135385261653,864691136175395078,3496,
864691136328913130,864691136328913130,180,0.0
864691135952015139,864691135952015139,1792,0.0
864691136422825519,864691136422825519,3148,0.0
864691135975577155,864691135975577155,172,0.0
864691136602132945,864691136602132945,236,0.0
864691136286569667,864691136266620660,2560,-1.0
864691135584095986,864691135584095986,848,
864691135584095986,864691135584095986,300,
864691135468164434,864691135468164434,188,
864691135583670904,864691135583670904,352,
864691135915174502,864691136641618806,5416,11.0
864691135012884886,864691135012884886,948,
864691137197329985,864691137197329985,1664,
864691135396580129,864691136925717578,3276,
864691136123687462,864691136123687462,3080,0.0
864691135583670904,864691135583670904,308,
864691136422825519,864691136422825519,1448,0.0
864691136236737295,864691136236737295,252,0.0
864691136123686438,864691136123686438,468,0.0
864691136907300462,864691136907300462,236,0.0
864691135753932237,864691135753932237,160,0.0
864691137196878913,864691136951734495,4772,
864691136031707579,864691136031707579,1588,
864691135081648887,864691134947447548,684,-5.0
864691135502025909,864691135468164434,7152,
864691135775789229,864691135775789229,360,
864691136031707579,864691136031707579,276,
864691136662432990,864691136422825519,2352,
864691135367487481,864691137197329985,1184,
864691134885056250,864691134885056250,3668,0.0
864691135994549162,864691135994549162,556,0.0
864691134885056250,864691134885056250,192,0.0
864691135807311389,864691135807311389,2036,
864691136422825519,864691136422825519,3680,0.0
864691135334607849,864691135625188675,14904,
864691135385185365,864691135515938515,1148,
864691136237451836,864691135841325283,176,
864691135994577066,864691135939661313,5560,
864691134947447548,864691134947447548,1176,0.0
864691136602132945,864691136602132945,1720,0.0
864691135012884886,864691135012884886,364,
864691136123687462,864691136123687462,244,0.0
864691135515938515,864691135515938515,232,0.0
864691136925717578,864691136925717578,2504,0.0
864691136105519577,864691136370790792,4388,12.0
864691137197332033,864691137197332033,160,
864691135012883958,864691135012883958,1800,0.0
864691136031707579,864691136031707579,2380,
864691136951734495,864691136951734495,248,0.0
864691136729437302,864691136729437302,3952,
864691135468164434,864691135468164434,760,
864691136422825519,864691136422825519,204,0.0
864691136729437302,864691136729437302,204,
864691136641618806,864691136641618806,300,0.0
864691135478583494,864691135478583494,376,0.0
864691136123687462,864691136123687462,216,0.0
864691135583670904,864691135583670904,524,
864691137197332033,864691137197332033,952,
864691136390418815,864691136390418815,448,0.0
864691136422825519,864691136422825519,9020,0.0
864691136175395078,864691136175395078,260,0.0
864691136745100772,864691136745100772,14004,0.0
864691135274403301,864691136925717578,9400,0.0
864691135841325283,864691135841325283,160,
864691135403708910,864691135403708910,316,
864691136312104509,864691136312104509,228,
864691136422825519,864691136422825519,2372,0.0
864691136951734495,864691136951734495,280,0.0
864691135468164434,864691135468164434,1244,
864691135012884886,864691135012884886,316,
864691137196878913,864691136951734495,5032,
864691136907500142,864691134947447548,1276,0.0
864691136745100772,864691136745100772,172,0.0
864691135952235811,864691137197329985,1760,
864691135132848544,864691135132848544,864,0.0
864691135334607849,864691134884761850,12004,
864691134947447548,864691134947447548,5640,0.0
864691136662432990,864691136422825519,1956,
864691136311742013,864691136311742013,476,0.0
864691136031707579,864691136031707579,720,
864691135644589295,864691135468164434,4784,
864691136422825519,864691136422825519,12476,0.0
864691136854151534,864691136854151534,196,
864691135516204243,864691136227267921,232,-12.0
864691135975577155,864691135975577155,620,0.0
864691136729437302,864691136729437302,388,
864691135994549162,864691135994549162,192,0.0
864691136328913130,864691136328913130,888,0.0
864691136951734495,864691136951734495,492,0.0
864691137197332033,864691137197332033,216,
864691135585436284,864691136951734495,4712,4.0
864691136136631677,864691136136631677,304,0.0
864691136039407102,864691136039407102,448,0.0
864691136266620660,864691136266620660,364,0.0
864691135841325283,864691135841325283,532,
864691137197332033,864691137197332033,3760,
864691136951734495,864691136951734495,272,0.0
864691136672682375,864691136672682375,1232,0.0
864691136266620660,864691136266620660,336,0.0
864691136422825519,864691136422825519,240,0.0
864691137197332033,864691137197332033,208,
864691136729437302,864691136729437302,280,
864691136175395078,864691136175395078,484,0.0
864691136390368127,864691135583703160,1148,3.0
864691135303144615,864691135303144615,288,
864691135012883958,864691135012883958,1864,0.0
864691136423071791,864691135012883958,4932,-7.0
864691135753932237,864691135753932237,424,0.0
864691135502340277,864691135502340277,30844,0.0
864691136237510460,864691135515938515,1040,
864691136618664589,864691134885056250,5096,-5.0
864691136123686438,864691136123686438,408,0.0
864691137197332033,864691137197332033,520,
864691136370790792,864691136370790792,168,0.0
864691136194081494,864691136602132945,19280,5.0
864691136422825519,864691136422825519,10544,0.0
864691136118637336,864691136973722140,2640,4.0
864691137197332033,864691137197332033,184,
864691135775789229,864691135775789229,536,
864691135737076100,864691136123687462,3652,
864691135468164434,864691135468164434,380,
864691136227267921,864691135210017216,2416,0.0
864691134885056250,864691134885056250,632,0.0
864691135385261653,864691135385261653,1884,
864691135585436284,864691135975577155,7252,12.0
864691135385185365,864691135478583494,4280,
864691137197332033,864691137197332033,4564,
864691136227267921,864691136227267921,196,0.0
864691135501553218,864691135501553218,324,0.0
864691135994550698,864691135583670904,10156,
864691135866851350,864691135866851350,840,0.0
864691136388609655,864691135012884886,1380,
864691134885056250,864691134885056250,448,0.0
864691137196878913,864691136951734495,4276,
864691136641618806,864691136641618806,304,0.0
864691136123686438,864691136123686438,288,0.0
864691136328913130,864691136328913130,968,0.0
864691136005145034,864691135468164434,4032,
864691134885056250,864691134885056250,276,0.0
864691135583703160,864691135583703160,804,0.0
864691135864754908,864691135864754908,268,0.0
864691135081648887,864691136390418815,5984,-5.0
864691136662432990,864691135474618944,2776,
864691136729437302,864691136729437302,212,
864691136065739416,864691136422825519,1292,
864691137197332033,864691137197332033,540,
864691135462747198,864691135583670904,6312,
864691136266620660,864691136266620660,552,0.0
864691136973722140,864691136973722140,816,0.0
864691136236727567,864691135583670904,1332,
864691135583670904,864691135583670904,328,
864691135502025909,864691135468164434,4828,
864691136729437302,864691136729437302,168,
864691135385324629,864691135583670904,2320,
864691135841325283,864691135841325283,1344,
864691134885056250,864691134885056250,316,0.0
864691135994550698,864691136641618806,2000,12.0
864691135132848544,864691135132848544,980,0.0
864691135544407592,864691135583670904,1868,
864691136328913130,864691136328913130,832,0.0
864691135864051838,864691136123686438,3568,-7.0
864691135396580129,864691136925717578,2128,
864691135753932237,864691136236737295,10280,11.0
864691135994550698,864691135210017216,3676,1.0
864691135583703160,864691135583703160,296,0.0
864691135526065755,864691135526065755,168,0.0
864691136273614093,864691136973722140,8460,-5.0
864691135866851350,864691135866851350,308,0.0
864691135334607849,864691136031707579,732,
864691136123687462,864691136123687462,668,0.0
864691135753932237,864691135753932237,3464,0.0
864691135385185365,864691135478583494,1560,
864691136723309309,864691136723309309,568,0.0
864691136370790792,864691136370790792,292,0.0
864691135207974521,864691136602132945,6992,0.0
864691136209328060,864691134884761850,13140,-5.0
864691135583670904,864691135583670904,908,
864691136136631677,864691136136631677,712,0.0
864691136973722140,864691136973722140,4700,0.0
864691135385185365,864691135478583494,5300,
864691136266620660,864691136266620660,172,0.0
864691137197332033,864691137197332033,268,
864691136730652022,864691136031707579,544,
864691136812237171,864691137197332033,2984,
864691135807311389,864691135807311389,1572,
864691135515938515,864691135515938515,220,0.0
864691136286569667,864691135501553218,5208,-4.0
864691135952015139,864691135952015139,7848,0.0
864691135583703160,864691135583703160,1480,0.0
864691134884761850,864691134884761850,332,0.0
864691136641618806,864691136641618806,292,0.0
864691135583670904,864691135583670904,1284,
864691135502025909,864691135468164434,3736,
864691135771832395,864691137197329985,1696,
864691136811215726,864691136370790792,21852,6.0
864691136602132945,864691136602132945,256,0.0
864691136740782428,864691136729437302,228,
864691136236737295,864691136236737295,500,0.0
864691136602132945,864691136602132945,5076,0.0
864691135122603047,864691135625188675,10600,
864691135625188675,864691135625188675,2044,
864691134885056250,864691134885056250,180,0.0
864691135994549162,864691135994549162,288,0.0
864691135771832395,864691136422825519,5836,
864691136123686438,864691136123686438,296,0.0
864691135807311389,864691135807311389,540,
864691135385261653,864691135385261653,5620,
864691135807311389,864691135807311389,228,
864691135945468452,864691135478583494,1296,5.0
864691137197332033,864691137197332033,204,
864691135468164434,864691135468164434,204,
864691136602132945,864691136602132945,2836,0.0
864691136123754790,864691136328913130,16876,3.0
864691136951734495,864691136951734495,1056,0.0
864691136602132945,864691136602132945,1876,0.0
864691136422825519,864691136422825519,292,0.0
864691135762028342,864691136175395078,5620,-7.0
864691136091198388,864691135807311389,1568,
864691135754054861,864691136973722140,2272,2.0
864691135012884886,864691135012884886,224,
864691135809426636,864691135468164434,448,
864691136812237171,864691137197332033,4884,
864691136227267921,864691136227267921,1464,0.0
864691136227267921,864691136227267921,172,0.0
864691136311742013,864691136311742013,400,0.0
864691135939661313,864691135939661313,196,0.0
864691134947447548,864691134947447548,536,0.0
864691136723309309,864691136723309309,168,0.0
864691136123687462,864691136123687462,368,0.0
864691135502340277,864691135502340277,840,0.0
864691137196878913,864691136951734495,7188,
864691135841325283,864691135841325283,220,
864691135951958819,864691136973722140,1840,8.0
864691137197329985,864691137197329985,2496,
864691136745100772,864691136672682375,3660,-2.0
864691135490940135,864691136925717578,6816,
864691135502025909,864691135468164434,8600,
864691136272946110,864691136272946110,336,0.0
864691135939661313,864691135939661313,224,0.0
864691135975577155,864691135975577155,516,0.0
864691135394616306,864691135474618944,1080,
864691135662881220,864691136729437302,3768,
864691136134683787,864691135753932237,3660,-7.0
864691136422825519,864691136422825519,14828,0.0
864691136175395078,864691136175395078,548,0.0
864691136039407102,864691136039407102,1708,0.0
864691135945527844,864691135945527844,400,0.0
864691136116154788,864691135584095986,3592,
864691135583703160,864691135583703160,200,0.0
864691136602132945,864691136602132945,324,0.0
864691135753932237,864691135753932237,528,0.0
864691136925717578,864691136925717578,184,0.0
864691135584095986,864691135584095986,492,
864691136729437302,864691136729437302,1788,
864691136662432990,864691136422825519,1208,
864691136951734495,864691136951734495,876,0.0
864691135502340277,864691135502340277,2376,0.0
864691135396383265,864691136370790792,6088,
864691135468164434,864691135468164434,276,
864691136672640647,864691136272946110,13156,-2.0
864691135468164434,864691135468164434,220,
864691136311742013,864691136311742013,228,0.0
864691136123686438,864691136123686438,204,0.0
864691136973722140,864691136973722140,4256,0.0
864691134885056250,864691134885056250,168,0.0
864691135502340277,864691135502340277,3436,0.0
864691136907300462,864691136907300462,256,0.0
864691135564950103,864691135753932237,7468,-2.0
864691136745100772,864691136745100772,3588,0.0
864691136907300462,864691136907300462,228,0.0
864691135303144615,864691135303144615,220,
864691136641618806,864691136641618806,2492,0.0
864691135909748393,864691136723309309,4444,-11.0
864691136370790792,864691136370790792,276,0.0
864691136422825519,864691136422825519,160,0.0
864691136907510894,864691135468164434,948,
864691136602132945,864691136602132945,480,0.0
864691136973722140,864691136973722140,264,0.0
864691135583670904,864691135583670904,840,
864691135274074341,864691135501553218,2600,4.0
864691136422825519,864691136422825519,1052,0.0
864691136311794237,864691135012884886,544,
864691135210017216,864691135210017216,268,0.0
864691135502025909,864691135468164434,5708,
864691136854151534,864691136854151534,2052,
864691135502340277,864691135502340277,624,0.0
864691134884761850,864691134884761850,168,0.0
864691135012884886,864691135012884886,188,
864691136740782428,864691136729437302,3900,
864691134917404682,864691135012883958,6080,
864691135583703160,864691135583703160,340,0.0
864691135526065755,864691135526065755,244,0.0
864691135132848544,864691135132848544,220,0.0
864691136328913130,864691136328913130,660,0.0
864691135544411432,864691135468164434,2712,
864691135864754908,864691135864754908,1028,0.0
864691135526065755,864691135526065755,5500,0.0
864691136311742013,864691136311742013,352,0.0
864691136136631677,864691136136631677,2320,0.0
864691136951640287,864691135975577155,6600,12.0
864691136390418815,864691136390418815,284,0.0
864691136311742013,864691136311742013,216,0.0
864691136031707579,864691136031707579,480,
864691135583670904,864691135583670904,1388,
864691134885056250,864691134885056250,408,0.0
864691137197329985,864691137197329985,776,
864691135501553218,864691135501553218,268,0.0
864691136422825519,864691136422825519,5336,0.0
864691136031707579,864691136031707579,4556,
864691135584095986,864691135584095986,3424,
864691136951734495,864691136951734495,504,0.0
864691135953985800,864691137197332033,3688,
864691136143404852,864691135975577155,900,0.0
864691134885056250,864691134885056250,1028,0.0
864691135946996577,864691135478583494,16100,13.0
864691136723309309,864691136723309309,388,0.0
864691136236737295,864691136236737295,1736,0.0
864691136388589943,864691136328913130,1140,3.0
864691135334607849,864691135515938515,6228,
864691135855890478,864691135583703160,4036,7.0
864691136311742013,864691136311742013,400,0.0
864691137196878913,864691135502340277,3460,
864691136672660615,864691135526065755,7396,8.0
864691135994549162,864691135994549162,284,0.0
864691135939661313,864691135939661313,248,0.0
864691135468164434,864691135468164434,232,
864691135975577155,864691135975577155,808,0.0
864691136039407102,864691136039407102,328,0.0
864691136136631677,864691136136631677,1628,0.0
864691136227267921,864691136227267921,260,0.0
864691135468164434,864691135468164434,244,
864691136031707579,864691136031707579,260,
864691135841325283,864691135841325283,3616,
864691136641618806,864691136641618806,3948,0.0
864691136056331480,864691135945527844,26980,11.0
864691135515938515,864691135515938515,1616,0.0
864691135303144615,864691135303144615,236,
864691136031707579,864691136031707579,188,
864691136175395078,864691136175395078,376,0.0
864691135501553218,864691135501553218,260,0.0
864691136065739416,864691135807311389,6996,
864691135334607849,864691136209014716,25904,
864691135407563209,864691136723309309,1960,-4.0
864691136039407102,864691136039407102,532,0.0
864691134884761850,864691134884761850,1604,0.0
864691135385185365,864691136123687462,3996,
864691137197332033,864691137197332033,728,
864691136123686438,864691136123686438,1756,0.0
864691136745100772,864691136672682375,4020,-2.0
864691135334607849,864691135515938515,3160,
864691135945468452,864691135478583494,2916,5.0
864691135396580129,864691136209014716,2324,
864691136723309309,864691136723309309,488,0.0
864691136602132945,864691136602132945,8828,0.0
864691135939661313,864691135939661313,244,0.0
864691136854151534,864691136854151534,916,
864691135012884886,864691135012884886,196,
864691136723309309,864691135403708910,4280,
864691137197332033,864691137197332033,3572,
864691136136631677,864691136136631677,204,0.0
864691136973722140,864691136973722140,1284,0.0
864691136328913130,864691136328913130,180,0.0
864691136175395078,864691136175395078,160,0.0
864691135753932237,864691135753932237,480,0.0
864691137197329985,864691137197329985,1568,
864691136973722140,864691136973722140,1188,0.0
864691136008724652,864691136236737295,34396,8.0
864691136730652022,864691136031707579,280,
864691135584185720,864691135385261653,5864,
864691137197332033,864691137197332033,292,
864691136105519577,864691136370790792,2020,12.0
864691136672682375,864691136672682375,960,0.0
864691135544410920,864691136390418815,2196,1.0
864691135132848544,864691135132848544,892,0.0
864691136925756490,864691135468164434,4308,
864691136328913130,864691136328913130,1828,0.0
864691136907500142,864691136031707579,976,
864691135210020288,864691135468164434,4376,
864691135403708910,864691135403708910,2900,
864691136925717578,864691136925717578,320,0.0
864691135975577155,864691135975577155,1836,0.0
864691136745100772,864691136745100772,260,0.0
864691136951734495,864691136951734495,260,0.0
864691136602132945,864691136602132945,160,0.0
864691136729437302,864691136729437302,368,
864691135012884886,864691135012884886,604,
864691135975577155,864691135975577155,464,0.0
864691136390418815,864691136390418815,224,0.0
864691135564950103,864691135753932237,3940,-2.0
864691136388589943,864691136328913130,3660,3.0
864691134885056250,864691134885056250,308,0.0
864691136482870828,864691136723309309,1248,-14.0
864691135748123528,864691135583670904,1076,
864691135807311389,864691135807311389,2092,
864691136907510894,864691135468164434,1256,
864691136422825519,864691136422825519,3808,0.0
864691135807311389,864691135807311389,1960,
864691134885056250,864691134885056250,776,0.0
864691136854151534,864691136854151534,2000,
864691135403708910,864691135403708910,392,
864691135478583494,864691135478583494,168,0.0
864691136390418815,864691136390418815,396,0.0
864691135501553218,864691135501553218,384,0.0
864691137197329985,864691137197329985,264,
864691135394616306,864691135474618944,2216,
864691136390418815,864691136390418815,180,0.0
864691135012884886,864691135012884886,200,
864691136723309309,864691136723309309,1424,0.0
864691136039407102,864691136039407102,236,0.0
864691136123686438,864691136123686438,384,0.0
864691137197332033,864691137197332033,284,
864691135753932237,864691135753932237,1540,0.0
864691136925717578,864691136925717578,300,0.0
864691136951734495,864691136951734495,164,0.0
864691135753932237,864691135753932237,18404,0.0
864691136123686438,864691136123686438,3024,0.0
864691136662432990,864691136422825519,2052,
864691136194081494,864691136602132945,10572,5.0
864691136618390413,864691134885056250,3376,-2.0
864691136854151534,864691136854151534,168,
864691136951734495,864691136951734495,1800,0.0
864691134947447548,864691134947447548,192,0.0
864691136951734495,864691136951734495,192,0.0
864691136951734495,864691136951734495,2696,0.0
864691136390418815,864691136390418815,496,0.0
864691135584095986,864691135584095986,160,
864691135583670904,864691135583670904,388,
864691135510719440,864691135526065755,22152,5.0
864691136641618806,864691136641618806,344,0.0
864691135502025909,864691135468164434,7752,
864691135502025909,864691135468164434,5260,
864691135841307619,864691136854151534,10152,
864691135809426636,864691135468164434,3104,
864691134884761850,864691134884761850,1288,0.0
864691135403708910,864691135403708910,292,
864691135528704964,864691137197332033,10500,
864691136422825519,864691136422825519,212,0.0
864691135850495687,864691135841325283,3684,
864691136907300462,864691136907300462,596,0.0
864691135771832395,864691136422825519,5284,
864691135012884886,864691135012884886,596,
864691135974661231,864691136925717578,900,
864691136423071791,864691135584095986,5392,
864691135478583494,864691135478583494,212,0.0
864691134885056250,864691134885056250,364,0.0
864691136422825519,864691136422825519,360,0.0
864691135584095986,864691135584095986,352,
864691137197332033,864691137197332033,1160,
864691135515938515,864691135515938515,228,0.0
864691135583670904,864691135583670904,160,
864691136388570640,864691136925717578,464,7.0
864691136389008656,864691136723309309,5984,-8.0
864691135585436284,864691136370790792,4796,12.0
864691135866410006,864691136312104509,3088,
864691135753932237,864691135753932237,268,0.0
864691135502340277,864691135502340277,708,0.0
864691135012884886,864691135012884886,312,
864691135753932237,864691135753932237,592,0.0
864691137197332033,864691137197332033,2140,
864691135841325283,864691135841325283,2892,
864691136951734495,864691136951734495,164,0.0
864691135864754908,864691135864754908,5276,0.0
864691136641618806,864691136641618806,556,0.0
864691135939661313,864691135939661313,252,0.0
864691135975577155,864691135975577155,168,0.0
864691136662410974,864691135583703160,3312,
864691136050874867,864691135994549162,10208,-5.0
864691135841325283,864691135841325283,732,
864691135837373075,864691135515938515,3432,-10.0
864691136951734495,864691136951734495,632,0.0
864691136422825519,864691136422825519,196,0.0
864691135625188675,864691135625188675,316,
864691134947447548,864691134947447548,284,0.0
864691136423071791,864691135403708910,2912,
864691135740182891,864691135303144615,3152,
864691136672682375,864691136672682375,176,0.0
864691136227267921,864691136227267921,180,0.0
864691136123687462,864691136123687462,260,0.0
864691136311934269,864691135385261653,1148,
864691136951734495,864691136951734495,280,0.0
864691137197329985,864691137197329985,1304,
864691136227267921,864691136227267921,672,0.0
864691135544407592,864691135583670904,1684,
864691135939661313,864691135939661313,772,0.0
864691136973722140,864691136973722140,1096,0.0
864691135753932237,864691135753932237,584,0.0
864691136123686438,864691136123686438,1520,0.0
864691135975577155,864691135975577155,416,0.0
864691136236737295,864691136236737295,352,0.0
864691136136631677,864691136136631677,828,0.0
864691136422825519,864691136422825519,1812,0.0
864691136031707579,864691136031707579,2664,
864691134885056250,864691134885056250,196,0.0
864691136745100772,864691136745100772,224,0.0
864691136422825519,864691136422825519,536,0.0
864691135385261653,864691135385261653,872,
864691134947744508,864691136602132945,7096,
864691134939986275,864691135526065755,3080,7.0
864691135946996577,864691135478583494,8024,13.0
864691135462747198,864691135583670904,6320,
864691136227267921,864691136227267921,332,0.0
864691136312104509,864691136312104509,216,
864691136039407102,864691136039407102,668,0.0
864691136194253526,864691136227267921,3832,-11.0
864691135334607849,864691136723309309,2992,
864691135334607849,864691136031707579,500,
864691136175395078,864691136175395078,316,0.0
864691134884761850,864691134884761850,284,0.0
864691135012883958,864691135012883958,264,0.0
864691135585436284,864691136951734495,6864,4.0
864691135394616306,864691136209014716,3032,
864691135502340277,864691135502340277,3256,0.0
864691136370790792,864691136370790792,320,0.0
864691135468164434,864691135468164434,168,
864691135975577155,864691135975577155,5264,0.0
864691136236737295,864691136236737295,3044,0.0
864691135502025909,864691135468164434,7080,
864691135584095986,864691135584095986,200,
864691135753932237,864691135753932237,3320,0.0
864691136422825519,864691136422825519,4360,0.0
864691135478583494,864691135478583494,476,0.0
864691135994577066,864691135385261653,1248,
864691136662432990,864691136422825519,4060,
864691135334607849,864691134947447548,9872,
864691136730652022,864691136730652022,652,
864691134884993786,864691134884993786,244,0.0
864691136020274168,864691136020274168,516,
864691135491529311,864691135491529311,756,0.0
864691135491529311,864691135491529311,756,
864691135491529311,864691135491529311,756,
864691135491529311,864691135491529311,756,
864691135210020288,864691135210020288,232,
864691136272946878,864691136272946878,260,0.0
864691135980296328,864691135980296328,1052,0.0
864691136065739416,864691135403711470,2424,
864691135502052533,864691135516204243,8864,9.0
864691135415498682,864691135490940135,3728,
864691135997663112,864691135997663112,1968,
864691135866851350,864691136024237881,13900,6.0
864691135974661231,864691135974661231,176,
864691136209328060,864691135490940135,7272,
864691135974661231,864691135974661231,272,
864691136907500142,864691136907500142,232,0.0
864691135975577155,864691135864756700,944,-12.0
864691135394207989,864691135394207989,432,0.0
864691136020274168,864691136020274168,368,
864691135758851150,864691135758851150,816,0.0
864691135684358583,864691137019764334,1724,1.0
864691135644589295,864691135644589295,564,
864691136051042547,864691136051042547,1032,0.0
864691135574924996,864691135574924996,308,
864691135122333479,864691135122333479,1168,
864691135858792552,864691135858792552,180,0.0
864691135564667223,864691135564667223,188,0.0
864691137019764334,864691137019764334,172,0.0
864691135864756700,864691135864756700,260,0.0
864691136907500142,864691136024237881,2636,2.0
864691136296737819,864691136296737819,1456,0.0
864691135544411432,864691135644589295,5968,
864691135994550698,864691135994550698,4840,0.0
864691135994550698,864691135994550698,400,0.0
864691136194305100,864691136194305100,236,0.0
864691135584095986,864691135544416296,3816,
864691136236739087,864691136236739087,348,0.0
864691135491529311,864691135491529311,420,0.0
864691135491529311,864691135491529311,420,
864691135491529311,864691135491529311,420,
864691135491529311,864691135491529311,420,
864691135564667223,864691135564667223,4748,0.0
864691135334607849,864691136907500142,2764,
864691135213001784,864691135213001784,196,
864691136296737819,864691136296737819,664,0.0
864691135396580129,864691135490940135,8012,
864691135490940135,864691136236739087,1556,
864691135213001528,864691135213001528,608,
864691135980296328,864691135980296328,788,0.0
864691135660513264,864691135660513264,748,0.0
864691135864051838,864691135213001784,2276,
864691135753932237,864691135564667223,9412,10.0
864691135501833821,864691136116154020,2868,-4.0
864691135994524842,864691135974661231,7192,
864691135841325283,864691135490940135,164,
864691135122603047,864691135490940135,8796,
864691136020274168,864691136020274168,216,
864691135494045328,864691135753574605,5680,-9.0
864691135396580129,864691136024237881,1796,
864691136272946878,864691136272946878,208,0.0
864691135782702387,864691135490940135,7972,
864691136712564086,864691136712564086,544,0.0
864691135570703341,864691136020274168,11188,
864691135762028342,864691135762028342,2240,0.0
864691135644589295,864691135644589295,3748,
864691135994550698,864691135994550698,564,0.0
864691135538095218,864691135516204243,5100,12.0
864691135490940135,864691135490940135,408,
864691135866851350,864691135909748393,24608,11.0
864691136296737819,864691136296737819,560,0.0
864691135644589295,864691135644589295,216,
864691135866851350,864691136024237881,7476,6.0
864691135269691045,864691135269691045,368,0.0
864691135564667223,864691135564667223,2460,0.0
864691135478258374,864691135478258374,552,
864691136108748216,864691136108748216,400,0.0
864691135440776776,864691135490940135,8416,
864691135758851150,864691135758851150,248,0.0
864691135490940135,864691135490940135,1604,
864691136925756490,864691135644589295,6200,
864691136378815445,864691136108715960,8168,-5.0
864691135748123528,864691135994550698,2248,
864691136051042547,864691136051042547,596,0.0
864691135758851150,864691135758851150,304,0.0
864691136361486562,864691136361486562,2048,0.0
864691135396580129,864691135683223026,4820,
864691135367012345,864691135367012345,852,0.0
864691136662432990,864691135809443532,1896,
864691136020274168,864691136020274168,360,
864691136143415348,864691136143415348,4404,0.0
864691135644589295,864691135644589295,216,
864691135858792552,864691135858792552,2236,0.0
864691135334607849,864691136730652022,1792,
864691137019557742,864691135644589295,8940,
864691135213001528,864691135213001784,3908,
864691135269691045,864691135269691045,160,0.0
864691135440776776,864691135490940135,6976,
864691135644589295,864691136712564086,4868,
864691135394207989,864691135394207989,200,0.0
864691135394207989,864691135394207989,240,0.0
864691135570701037,864691136712564086,37644,7.0
864691135994550698,864691135994550698,1208,0.0
864691136390420607,864691136390420607,312,0.0
864691135490940135,864691135490940135,176,
864691135394616306,864691136108748216,2228,
864691135683929783,864691136024237881,3444,
864691135644589295,864691135644589295,244,
864691135609724679,864691135609724679,6264,
864691136390420607,864691136390420607,428,0.0
864691136175395078,864691135762028342,8628,7.0
864691135951958819,864691135753574605,20940,1.0
864691136297086491,864691135683223026,1636,
864691135564667223,864691135564667223,284,0.0
864691135644654319,864691135644654319,188,0.0
864691135609724679,864691135609724679,840,
864691135980296328,864691135980296328,952,0.0
864691135574924996,864691135574924996,472,
864691135526065755,864691136116154020,408,-5.0
864691136730652022,864691136730652022,600,
864691135476095912,864691135476095912,1452,0.0
864691136020274168,864691136020274168,840,
864691135683929783,864691136023814201,7548,
864691136020274168,864691136020274168,240,
864691135568895622,864691135568895622,336,0.0
864691136065739416,864691135213001528,3180,
864691135644589295,864691135644589295,172,
864691135753932237,864691135564667223,11504,10.0
864691135544417832,864691135544417832,956,0.0
864691135683929783,864691136730652022,2796,
864691135488426298,864691135574924996,3856,
864691135269691045,864691135269691045,244,0.0
864691135644589295,864691135644589295,196,
864691135758851150,864691135758851150,236,0.0
864691135864734684,864691136288741271,6992,0.0
864691135334607849,864691136730652022,3056,
864691136951597791,864691136056351960,11540,7.0
864691135367010809,864691135367010809,9944,0.0
864691135644589295,864691135644589295,1556,
864691135476095912,864691135476095912,552,0.0
864691135762028342,864691135762028342,2900,0.0
864691135367010809,864691135367010809,352,0.0
864691135516204243,864691135516204243,224,0.0
864691135394616306,864691136123754790,4124,
864691136662432990,864691135974661231,9660,
864691135644589295,864691135644589295,3444,
864691135394616306,864691135909748393,1552,
864691136143415348,864691136143415348,412,0.0
864691135975577155,864691135864756700,2752,-12.0
864691135334607849,864691136730652022,2028,
864691135274403301,864691135758851150,18084,-3.0
864691135574924996,864691135574924996,212,
864691136389008656,864691135568895622,1876,1.0
864691135568895622,864691135568895622,228,0.0
864691136288741271,864691136288741271,280,0.0
864691135490940135,864691135490940135,184,
864691135396580129,864691136023814201,3856,
864691136272946878,864691136272946878,388,0.0
864691135974661231,864691135974661231,212,
864691134947744508,864691134947744508,7624,
864691136020274168,864691136020274168,356,
864691135762028342,864691135762028342,4636,0.0
864691136288741271,864691136288741271,1632,0.0
864691136084466796,864691135490940135,5636,
864691136390420607,864691136390420607,172,0.0
864691136682621814,864691135997663112,176,
864691135771832395,864691135609756935,9184,
864691135394616306,864691136123754790,3224,
864691135564667223,864691135564667223,276,0.0
864691135569329798,864691135213001528,708,
864691135544417832,864691135544417832,308,0.0
864691135909748393,864691135909748393,6384,0.0
864691137019764334,864691137019764334,716,0.0
864691135490940135,864691135490940135,1700,
864691135776643936,864691135776643936,1740,0.0
864691135478258374,864691135478258374,180,
864691136108748216,864691136108748216,508,0.0
864691136390420607,864691136390420607,1252,0.0
864691135367012345,864691135367012345,372,0.0
864691135213001784,864691135213001784,408,
864691135490940135,864691135490940135,6016,
864691136051042547,864691136051042547,368,0.0
864691135490940135,864691135490940135,280,
864691135581617517,864691135762028342,8688,4.0
864691135616146537,864691135616146537,480,
864691136090926004,864691135909748393,1632,6.0
864691135875967571,864691136296737819,3028,4.0
864691135118023901,864691135574924996,3252,
864691136730652022,864691136730652022,316,
864691136020274168,864691136020274168,1148,
864691135491529311,864691135491529311,608,0.0
864691135491529311,864691135491529311,608,
864691135491529311,864691135491529311,608,
864691135491529311,864691135491529311,608,
864691135753574605,864691135753574605,160,0.0
864691135544407592,864691135210020288,2484,
864691136907500142,864691136907500142,3652,0.0
864691135909748393,864691135909748393,364,0.0
864691136116154020,864691136116154020,168,0.0
864691136297086491,864691135609756935,8996,
864691135809759436,864691135609724679,2112,
864691135564667223,864691135564667223,1332,0.0
864691136020274168,864691136020274168,248,
864691135367010809,864691135367010809,260,0.0
864691135394616306,864691135809443532,3416,
864691135771832395,864691135490940135,7692,
864691135210020288,864691135210020288,188,
864691135394207989,864691135394207989,272,0.0
864691135544417832,864691135544417832,368,0.0
864691136020274168,864691136020274168,172,
864691136116154020,864691136116154020,864,0.0
864691136020274168,864691136020274168,424,
864691135809759436,864691135609724679,6400,
864691135864756700,864691135864756700,1752,0.0
864691135213001784,864691135213001784,484,
864691136272946878,864691136272946878,276,0.0
864691135490940135,864691135490940135,232,
864691136010954659,864691134947744508,8560,
864691135758851150,864691135758851150,384,0.0
864691135909748393,864691135909748393,7004,0.0
864691136084074348,864691136084074348,172,0.0
864691135564667223,864691135564667223,388,0.0
864691135841325283,864691135609724679,3668,
864691135776643936,864691135776643936,2136,0.0
864691135809443532,864691135809443532,732,0.0
864691135909748393,864691135909748393,812,0.0
864691135394616306,864691136123754790,3096,
864691136990010005,864691136990010005,776,0.0
864691135994524842,864691135490940135,4816,
864691135753574605,864691135753574605,6516,0.0
864691135753574605,864691135753574605,3452,0.0
864691136108748216,864691136108748216,392,0.0
864691136390418815,864691136907500142,9868,0.0
864691135758851150,864691135758851150,980,0.0
864691135609724679,864691135609724679,184,
864691135269691045,864691136084074348,30044,1.0
864691137019764334,864691137019764334,248,0.0
864691135385185365,864691136108748216,7728,
864691136288741271,864691136288741271,356,0.0
864691136296737819,864691136296737819,264,0.0
864691136272946878,864691136272946878,208,0.0
864691136423071791,864691135367010809,3720,-1.0
864691135564667223,864691135564667223,1452,0.0
864691136390420607,864691136390420607,560,0.0
864691135609724679,864691135609724679,7352,
864691135491529311,864691135491529311,596,0.0
864691135491529311,864691135491529311,596,
864691135491529311,864691135491529311,596,
864691135491529311,864691135491529311,596,
864691135490940135,864691135490940135,7364,
864691135771832395,864691135758851150,2152,
864691135118023901,864691136272946878,3736,
864691135994550698,864691135994550698,1680,0.0
864691135662881220,864691135516204243,34436,15.0
864691137019764334,864691137019764334,908,0.0
864691135213001784,864691135213001784,364,
864691135753574605,864691135753574605,1484,0.0
864691135776643936,864691135776643936,248,0.0
864691135809759436,864691135609724679,4272,
864691135724597419,864691136730652022,1688,
864691135909748393,864691135909748393,1548,0.0
864691135122603047,864691135609756935,4332,
864691135762028342,864691135762028342,168,0.0
864691136084466796,864691136084466796,380,
864691135974661231,864691135974661231,552,
864691136020274168,864691136020274168,744,
864691135462675101,864691135210020288,536,
864691135748123528,864691136390420607,5996,
864691136020241144,864691136020241144,6784,
864691135809443532,864691135809443532,3936,0.0
864691135952235811,864691136296737819,3956,-6.0
864691135415475130,864691135415475130,180,0.0
864691136272946878,864691136272946878,15940,0.0
864691135994550698,864691135994550698,224,0.0
864691135394207989,864691135394207989,276,0.0
864691135864756700,864691135864756700,456,0.0
864691136390420607,864691136390420607,856,0.0
864691135478258374,864691135478258374,180,
864691135753932237,864691136024237881,26068,6.0
864691135809759436,864691135568895622,796,
864691136389008656,864691135758851150,7492,-4.0
864691135210020288,864691135644589295,8896,
864691136024237881,864691136024237881,5192,0.0
864691135213001528,864691135213001528,6168,
864691136361486562,864691136361486562,616,0.0
864691135994550698,864691135516204243,248,13.0
864691135644589295,864691135644589295,496,
864691135660513264,864691135660513264,200,0.0
864691136662432990,864691135490940135,2044,
864691136084466796,864691136084466796,3828,
864691135544417832,864691135544417832,532,0.0
864691136779574382,864691136779574382,188,0.0
864691135122333479,864691135122333479,1036,
864691135974661231,864691135490940135,5988,
864691135212696192,864691135994550698,3152,-2.0
864691135462747198,864691135994550698,14120,-5.0
864691135415475130,864691135415475130,3112,0.0
864691135394207989,864691135394207989,2076,0.0
864691135865543045,864691135865543045,224,0.0
864691135213001528,864691135213001784,6328,
864691135568895622,864691135568895622,1140,0.0
864691135396580129,864691135490940135,1672,
864691135476095912,864691135476095912,216,0.0
864691135394207989,864691135394207989,272,0.0
864691135440776776,864691135490940135,7116,
864691135660513264,864691135660513264,172,0.0
864691135490940135,864691135490940135,268,
864691135724597419,864691136730652022,2872,
864691135758851150,864691135758851150,824,0.0
864691134884993786,864691134884993786,852,0.0
864691136309631322,864691135490940135,7216,
864691135724497579,864691135758851150,26476,-10.0
864691134947744508,864691134947744508,396,
864691135644589295,864691135644589295,176,
864691135974661231,864691135974661231,23328,
864691135909748393,864691135909748393,284,0.0
864691135952235811,864691136296737819,44308,-6.0
864691135644589295,864691135644589295,448,
864691135490940135,864691135490940135,1804,
864691135490940135,864691135490940135,612,
864691135490940135,864691135490940135,380,
864691136907500142,864691136907500142,1584,0.0
864691136020241144,864691136020241144,8176,
864691134917404682,864691135644654319,1444,
864691135491529311,864691135491529311,1380,0.0
864691135491529311,864691135491529311,1380,
864691135491529311,864691135491529311,1380,
864691135491529311,864691135491529311,1380,
864691135427272178,864691135427272178,4392,
864691135491529311,864691135491529311,188,0.0
864691135491529311,864691135491529311,188,
864691135491529311,864691135491529311,188,
864691135491529311,864691135491529311,188,
864691136108748216,864691136108748216,356,0.0
864691135544417832,864691135544417832,400,0.0
864691136020274168,864691136020274168,788,
864691135476095912,864691135476095912,416,0.0
864691135753574605,864691135753574605,928,0.0
864691135683929783,864691135574924996,3496,
864691136272946878,864691136272946878,264,0.0
864691135323181212,864691135974661231,852,
864691136020274168,864691136020274168,452,
864691135334607849,864691136907500142,5424,
864691135385185365,864691136108748216,5716,
864691136272946878,864691136272946878,1416,0.0
864691135394011893,864691135394011893,356,
864691135334607849,864691135269691045,2652,
864691135478258374,864691135478258374,2980,
864691136297086491,864691135609756935,316,
864691135528704964,864691136361486562,892,11.0
864691135213001784,864691135213001784,6116,
864691136812234867,864691135213001784,1044,
864691135210020288,864691135210020288,176,
864691135909748393,864691135909748393,300,0.0
864691135385185365,864691135367010809,3904,
864691135490940135,864691135490940135,220,
864691135762028342,864691135762028342,1344,0.0
864691135724597419,864691136024237881,13880,
864691135213001784,864691135213001784,736,
864691135385185365,864691136108748216,4868,
864691135396580129,864691136023814201,1704,
864691135617798543,864691134947744508,3984,
864691136618390413,864691135213001784,3424,
864691136990010005,864691136990010005,488,0.0
864691135762028342,864691135762028342,5112,0.0
864691136272946878,864691136272946878,1908,0.0
864691135490940135,864691135490940135,616,
864691136084074348,864691136084074348,328,0.0
864691135385695573,864691135210020288,1932,
864691135334607849,864691136108748216,4884,
864691135491529311,864691135491529311,1164,0.0
864691135491529311,864691135491529311,1164,
864691135491529311,864691135491529311,1164,
864691135491529311,864691135491529311,1164,
864691135490940135,864691135758851150,2680,
864691135213001784,864691135213001784,1656,
864691135403711470,864691135403711470,672,0.0
864691135952235811,864691135858792552,10028,-10.0
864691135269691045,864691135269691045,500,0.0
864691136020274168,864691136020274168,184,
864691136020274168,864691136020274168,632,
864691137019764334,864691137019764334,416,0.0
864691135616146537,864691135616146537,2504,
864691135491529311,864691135491529311,288,0.0
864691135491529311,864691135491529311,288,
864691135491529311,864691135491529311,288,
864691135491529311,864691135491529311,288,
864691135396580129,864691135490940135,2556,
864691136390420607,864691136390420607,1316,0.0
864691135334607849,864691135367010809,3444,
864691135491529311,864691135491529311,320,0.0
864691135491529311,864691135491529311,320,
864691135491529311,864691135491529311,320,
864691135491529311,864691135491529311,320,
864691135771832395,864691135568895622,4560,
864691137019764334,864691137019764334,224,0.0
864691135564667223,864691135564667223,216,0.0
864691135865543045,864691135865543045,208,0.0
864691136194305100,864691136194305100,160,0.0
864691135491529311,864691135491529311,408,0.0
864691135491529311,864691135491529311,408,
864691135491529311,864691135491529311,408,
864691135491529311,864691135491529311,408,
864691136641618806,864691136390420607,13400,-9.0
864691136024237881,864691136024237881,448,0.0
864691135490940135,864691135490940135,268,
864691135396580129,864691135490940135,800,
864691136194305100,864691136194305100,860,0.0
864691136010954659,864691134947744508,3764,
864691135367012345,864691135367012345,488,0.0
864691136907500142,864691136907500142,332,0.0
864691135490940135,864691135490940135,376,
864691135753574605,864691135753574605,800,0.0
864691135994550698,864691135994550698,332,0.0
864691135864756700,864691135864756700,236,0.0
864691135544417832,864691135544417832,468,0.0
864691136020241144,864691136020241144,2044,
864691136020241144,864691136020241144,2740,
864691135994550698,864691135994550698,732,0.0
864691135579824068,864691135865543045,9332,4.0
864691135866373398,864691135490940135,640,
864691135415475130,864691135415475130,1448,0.0
864691136296737819,864691136296737819,692,0.0
864691135909748393,864691135909748393,3240,0.0
864691135544417832,864691135544417832,828,0.0
864691135490940135,864691135490940135,336,
864691135616146537,864691135616146537,192,
864691135753574605,864691135753574605,164,0.0
864691135809443532,864691135809443532,264,0.0
864691135683929783,864691136023814201,7536,
864691135403711470,864691135403711470,232,0.0
864691136730652022,864691136730652022,164,
864691135753574605,864691135753574605,388,0.0
864691135118023901,864691135574924996,344,
864691134947744508,864691134947744508,6976,
864691135809443532,864691135809443532,5220,0.0
864691135210423744,864691135490940135,484,
864691135396580129,864691135367010809,388,
864691136108748216,864691136108748216,304,0.0
864691135776643936,864691135776643936,404,0.0
864691135334607849,864691135367010809,2076,
864691136084074348,864691136084074348,568,0.0
864691135683223026,864691135683223026,380,0.0
864691135510482896,864691135544417832,7148,-8.0
864691135585304131,864691135490940135,4176,
864691135753574605,864691135753574605,772,0.0
864691135155894884,864691135490940135,5672,
864691135407584713,864691135974661231,2904,
864691136390420607,864691136390420607,692,0.0
864691134947744508,864691134947744508,228,
864691135491529311,864691135491529311,184,0.0
864691135491529311,864691135491529311,184,
864691135491529311,864691135491529311,184,
864691135491529311,864691135491529311,184,
864691135394616306,864691135809443532,532,
864691135644589295,864691135644589295,532,
864691136084074348,864691136084074348,648,0.0
864691136990010005,864691136990010005,236,0.0
864691135213001528,864691135213001528,500,
864691134917404682,864691136056351960,1876,
864691136020241144,864691136020241144,360,
864691135564667223,864691135564667223,332,0.0
864691135394616306,864691135909748393,164,
864691137019764334,864691137019764334,164,0.0
864691135864756700,864691135864756700,996,0.0
864691135476095912,864691135476095912,408,0.0
864691135213001784,864691135213001784,208,
864691135415475130,864691135415475130,444,0.0
864691135909748393,864691135909748393,2220,0.0
864691135490591463,864691135644589295,6244,
864691136020241144,864691136020241144,308,
864691135274403301,864691135490940135,2116,
864691135865543045,864691135865543045,492,0.0
864691135544417832,864691135544417832,2832,0.0
864691135213001784,864691135213001784,496,
864691136990010005,864691136990010005,668,0.0
864691135396580129,864691135683223026,5184,
864691135753574605,864691135609724679,14832,
864691136288741271,864691136288741271,1152,0.0
864691135490940135,864691135490940135,240,
864691136194305100,864691136194305100,180,0.0
864691136020274168,864691136020274168,432,
864691135762028342,864691135762028342,4640,0.0
864691135809443532,864691135809443532,1180,0.0
864691135564667223,864691135564667223,508,0.0
864691135334607849,864691136024237881,1636,
864691136390420607,864691136390420607,2260,0.0
864691136907500142,864691136907500142,15600,0.0
864691135644589295,864691135644589295,1032,
864691136740782428,864691135394011893,4832,
864691136390420607,864691136390420607,192,0.0
864691135544416296,864691135544416296,536,
864691136105520089,864691135909748393,4196,4.0
864691136730652022,864691136730652022,1056,
864691134947744508,864691134947744508,160,
864691135855554862,864691136236739087,12080,10.0
864691136990010005,864691136990010005,2012,0.0
864691135571295269,864691135516204243,27408,3.0
864691135122603047,864691135490940135,2680,
864691134947744508,864691134947744508,4416,
864691135385185365,864691136907500142,23752,
864691135684358583,864691135974661231,3520,
864691134884993786,864691134884993786,496,0.0
864691135809426636,864691136779574382,5572,
864691135994550698,864691135994550698,2036,0.0
864691136024237881,864691136024237881,3176,0.0
864691135478258374,864691135478258374,180,
864691135367012345,864691135367012345,2524,0.0
864691135415475130,864691135415475130,7712,0.0
864691135683223026,864691135683223026,384,0.0
864691135974661231,864691136023814201,2724,
864691136020274168,864691136020274168,224,
864691135758851150,864691135758851150,1012,0.0
864691135334607849,864691136730652022,500,
864691135660523760,864691136288741271,4332,13.0
864691135609724679,864691135758851150,6740,
864691135516204243,864691135516204243,228,0.0
864691135724597419,864691136730652022,1752,
864691135909748393,864691135909748393,640,0.0
864691135490940135,864691135490940135,388,
864691135516204243,864691135516204243,168,0.0
864691136056351960,864691136056351960,164,0.0
864691135394616306,864691136023814201,3664,
864691135490940135,864691135490940135,668,
864691135440776776,864691135490940135,8132,
864691135490940135,864691135490940135,1644,
864691135491529311,864691135974661231,276,
864691135491529311,864691135974661231,276,
864691135740182891,864691135544417832,4668,
864691135771832395,864691136024237881,4920,
864691135683223026,864691135683223026,212,0.0
864691136288741271,864691135864756700,16316,-12.0
864691136288741271,864691136288741271,612,0.0
864691135980296328,864691135980296328,248,0.0
864691136951622879,864691135564667223,1280,8.0
864691135415498682,864691136296737819,11952,
864691135490940135,864691135490940135,632,
864691135213001784,864691135213001784,424,
864691136712564086,864691136712564086,172,0.0
864691135334607849,864691136084074348,5132,
864691135516204243,864691135516204243,2200,0.0
864691135490940135,864691135490940135,2660,
864691135394616306,864691135974661231,4528,
864691135490940135,864691135490940135,5728,
864691136390420607,864691136390420607,1380,0.0
864691135809443532,864691135809443532,416,0.0
864691136020241144,864691136020241144,304,
864691136143415348,864691136143415348,316,0.0
864691135758851150,864691135758851150,4440,0.0
864691135776643936,864691135776643936,248,0.0
864691135866367254,864691137019764334,3280,3.0
864691135334607849,864691136907500142,852,
864691135491529311,864691135758851150,1240,2.0
864691135491529311,864691135758851150,1240,
864691135334607849,864691136024237881,2396,
864691135544417832,864691135544417832,228,0.0
864691135609724679,864691135609724679,5176,
864691135997663112,864691135997663112,436,
864691135385185365,864691136108748216,8060,
864691135909748393,864691135909748393,452,0.0
864691136020274168,864691136020274168,400,
864691135491529311,864691135491529311,1980,0.0
864691135491529311,864691135491529311,1980,
864691135491529311,864691135491529311,1980,
864691135491529311,864691135491529311,1980,
864691136723562237,864691136143415348,11436,-1.0
864691136194305100,864691136194305100,1368,0.0
864691135476095912,864691135476095912,264,0.0
864691136288741271,864691136288741271,1472,0.0
864691136272946878,864691136272946878,232,0.0
864691137019764334,864691137019764334,552,0.0
864691135213001528,864691135213001528,572,
864691135683929783,864691135909748393,3532,
864691135274403301,864691135568895622,520,2.0
864691135748123528,864691135210020288,5104,
864691135155894884,864691135974661231,11016,
864691135544417832,864691135544417832,640,0.0
864691136134683787,864691135213001784,4004,
864691135776643936,864691135776643936,428,0.0
864691135564667223,864691135564667223,792,0.0
864691136108748216,864691136108748216,224,0.0
864691135762028342,864691135762028342,6460,0.0
864691135490940135,864691136024237881,8356,
864691135490940135,864691136024237881,3796,
864691136084466796,864691136084466796,5056,
864691135809426636,864691135644589295,6396,
864691135394616306,864691135809443532,5912,
864691135585304131,864691136024237881,8720,3.0
864691135644589295,864691135644589295,168,
864691136108748216,864691136108748216,3120,0.0
864691135490591463,864691135544417832,2232,
864691135776643936,864691135776643936,1028,0.0
864691135644589295,864691135644589295,3488,
864691135762028342,864691135762028342,3420,0.0
864691135762028342,864691135762028342,3660,0.0
864691135609756935,864691135609756935,2584,
864691135490940135,864691135490940135,12168,
864691135609724679,864691135609724679,492,
864691136020274168,864691136020274168,1392,
864691135980296328,864691135980296328,784,0.0
864691135544417832,864691135544417832,804,0.0
864691135394616306,864691135909748393,6768,
864691136712564086,864691136712564086,492,0.0
864691135975577155,864691135864756700,2584,-12.0
864691136108715960,864691136108715960,1564,0.0
864691135683929783,864691136123754790,748,
864691136388570640,864691135974661231,3328,
864691136024237881,864691136024237881,248,0.0
864691135122603047,864691135974661231,3800,
864691135394616306,864691135367012345,2228,
864691136108748216,864691136108748216,168,0.0
864691135660513264,864691135660513264,288,0.0
864691135644589295,864691135644589295,2384,
864691135403711470,864691135403711470,200,0.0
864691135864756700,864691135864756700,204,0.0
864691135952235811,864691135564667223,22204,-5.0
864691135490940135,864691135490940135,508,
864691135210020288,864691135210020288,280,
864691135491529311,864691135491529311,752,0.0
864691135491529311,864691135491529311,752,
864691135491529311,864691135491529311,752,
864691135491529311,864691135491529311,752,
864691135740182891,864691135544417832,4824,
864691135415498426,864691135644589295,3900,
864691136024237881,864691136024237881,928,0.0
864691135210020288,864691135210020288,224,
864691135980296328,864691135980296328,396,0.0
864691135544416296,864691135544416296,3748,
864691135952235811,864691136296737819,7640,-6.0
864691135858792552,864691135858792552,200,0.0
864691135724597419,864691136730652022,1572,
864691135644589295,864691135997663112,2676,
864691135762028342,864691135762028342,176,0.0
864691136662432990,864691135758851150,2156,
864691136296737819,864691136296737819,2428,0.0
864691136723309309,864691135644654319,624,13.0
864691135544410920,864691136907500142,6896,1.0
864691135544417832,864691135544417832,172,0.0
864691135864756700,864691135864756700,180,0.0
864691136730652022,864691136730652022,5944,
864691135980296328,864691135980296328,548,0.0
864691135762028342,864691135762028342,2952,0.0
864691136194081494,864691135403711470,18488,4.0
864691135865543045,864691135865543045,436,0.0
864691135564667223,864691135564667223,588,0.0
864691136990010005,864691136990010005,460,0.0
864691135213001528,864691135213001528,176,
864691135462747198,864691135809443532,668,6.0
864691135980296328,864691135980296328,416,0.0
864691135323181212,864691135974661231,5068,
864691135490940135,864691135490940135,332,
864691135776643936,864691135776643936,416,0.0
864691135490940135,864691135490940135,196,
864691135478258374,864691135478258374,312,
864691135609756935,864691135609756935,1000,
864691136108748216,864691136108748216,364,0.0
864691136084074348,864691136084074348,356,0.0
864691135750789210,864691135750789210,380,
864691135974661231,864691135974661231,3192,
864691135213001784,864691135213001784,568,
864691135341044421,864691135762028342,1728,6.0
864691136051042547,864691136051042547,1060,0.0
864691135974441327,864691135644589295,4088,
864691135334607849,864691136084074348,3508,
864691135403711470,864691135403711470,264,0.0
864691135644589295,864691135644589295,1860,
864691136091198388,864691135762028342,2720,-6.0
864691134947744508,864691134947744508,1220,
864691135490940135,864691135490940135,400,
864691135974661231,864691135974661231,180,
864691135762028342,864691135762028342,336,0.0
864691135616146537,864691135616146537,212,
864691135997663112,864691135997663112,180,
864691135491529311,864691135974661231,576,
864691135491529311,864691135974661231,576,
864691135864734684,864691135213001528,5620,
864691135490940135,864691135490940135,296,
864691135994550698,864691135994550698,12504,0.0
864691136024237881,864691136024237881,248,0.0
864691135683929783,864691136024237881,4340,
864691135753574605,864691135753574605,2740,0.0
864691135564667223,864691135564667223,428,0.0
864691135782702387,864691135490940135,1756,
864691135564667223,864691135564667223,2140,0.0
864691135564667223,864691135564667223,356,0.0
864691136272946878,864691136272946878,6700,0.0
864691135609724679,864691135609724679,2128,
864691135528704964,864691135415475130,8512,3.0
864691135974661231,864691136023814201,2136,
864691136272946878,864691136272946878,272,0.0
864691135952235811,864691136296737819,21192,-6.0
864691135564950103,864691135564667223,13068,8.0
864691135762028342,864691135762028342,416,0.0
864691135952235811,864691135609724679,4760,
864691136051042547,864691136051042547,724,0.0
864691135213001784,864691135213001784,1124,
864691135210020288,864691135210020288,656,
864691135403711470,864691135403711470,164,0.0
864691135490940135,864691135568895622,1264,
864691135490940135,864691135490940135,756,
864691136143415348,864691136143415348,2536,0.0
864691135866373398,864691135490940135,3060,
864691136389008656,864691135758851150,276,-4.0
864691135644589295,864691135644589295,328,
864691135490940135,864691135490940135,384,
864691135396580129,864691136023814201,2044,
864691135334607849,864691136024237881,1672,
864691135864756700,864691135864756700,392,0.0
864691135758851150,864691135758851150,2808,0.0
864691136020274168,864691136020274168,176,
864691135994550698,864691135994550698,880,0.0
864691136272946878,864691136272946878,2764,0.0
864691135490940135,864691135490940135,1600,
864691135762028342,864691135762028342,3968,0.0
864691135490940135,864691135490940135,2700,
864691135644589295,864691135644589295,1336,
864691135544411432,864691135644589295,3236,
864691136084466796,864691136084466796,240,
864691136662432990,864691136024237881,460,
864691136907500142,864691136907500142,15604,0.0
864691136020274168,864691136020274168,1048,
864691135658229122,864691136108715960,5308,-3.0
864691135396385057,864691135974661231,7940,
864691135213001784,864691135213001784,1948,
864691136084074348,864691136084074348,360,0.0
864691136143415348,864691136143415348,836,0.0
864691136084074348,864691136084074348,372,0.0
864691136712564086,864691136712564086,11500,0.0
864691136020274168,864691136020274168,788,
864691135609724679,864691135609724679,548,
864691136712564086,864691136712564086,1600,0.0
864691135974661231,864691135974661231,328,
864691135396580129,864691135683223026,984,
864691135367012345,864691135367012345,232,0.0
864691135683929783,864691136730652022,4932,
864691135491529311,864691135491529311,624,0.0
864691135491529311,864691135491529311,624,
864691135491529311,864691135491529311,624,
864691135491529311,864691135491529311,624,
864691135396580129,864691135544416296,4980,
864691136116154020,864691136116154020,260,0.0
864691136272946878,864691136272946878,276,0.0
864691136662432990,864691135974661231,8704,
864691135609756935,864691135609756935,220,
864691136730652022,864691136730652022,1784,
864691136272946878,864691136272946878,512,0.0
864691136023814201,864691136023814201,180,0.0
864691135490940135,864691135490940135,224,
864691136084074348,864691136084074348,2824,0.0
864691135609724679,864691135609724679,588,
864691135585157244,864691136361486562,7360,11.0
864691135394616306,864691135544416296,4756,
864691136020274168,864691136020274168,1636,
864691135478258374,864691135478258374,232,
864691135584095986,864691136024237881,51524,
864691135118023901,864691135574924996,6928,
864691135952235811,864691136990010005,5540,-15.0
864691135776643936,864691135609724679,4856,
864691135866373398,864691137019764334,11204,-2.0
864691135974661231,864691135974661231,220,
864691135683223026,864691135683223026,520,0.0
864691135952235811,864691135609724679,7536,
864691135323244700,864691134884993786,1600,-5.0
864691135334607849,864691136024237881,3564,
864691136779574382,864691136779574382,516,0.0
864691135564667223,864691135564667223,168,0.0
864691135758851150,864691135758851150,260,0.0
864691135683929783,864691135909748393,2360,
864691136925756490,864691135644589295,5672,
864691136227267921,864691135980296328,1780,-1.0
864691135758851150,864691135758851150,292,0.0
864691135994550698,864691135994550698,1196,0.0
864691135394616306,864691136123754790,4324,
864691135396580129,864691135683223026,3312,
864691134947744508,864691134947744508,244,
864691136779574382,864691136779574382,16180,0.0
864691135753574605,864691135753574605,256,0.0
864691136143415348,864691136143415348,592,0.0
864691136662432990,864691135758851150,6824,
864691135609756935,864691135609756935,1556,
864691135974661231,864691135974661231,8404,
864691136662432990,864691135490940135,728,
864691135334607849,864691135394207989,512,
864691135334607849,864691136024237881,2844,
864691135491529311,864691135491529311,524,0.0
864691135491529311,864691135491529311,524,
864691135491529311,864691135491529311,524,
864691135491529311,864691135491529311,524,
864691135644589295,864691135644589295,1328,
864691135394011893,864691135394011893,628,
864691135974441327,864691135644589295,5260,
864691135564644183,864691135367012345,248,1.0
864691135564667223,864691135564667223,2084,0.0
864691136712564086,864691136712564086,1048,0.0
864691135544411432,864691135644589295,3996,
864691135403711470,864691135403711470,636,0.0
864691135771832395,864691136123754790,5872,
864691135396580129,864691135683223026,2400,
864691135574924996,864691135574924996,2624,
864691136020241144,864691136020241144,164,
864691136123754790,864691136123754790,252,0.0
864691136390420607,864691136390420607,952,0.0
864691135490940135,864691136272946878,4312,
864691136601874897,864691135974661231,4288,
864691136050874867,864691136390420607,14228,-3.0
864691135394616306,864691135544416296,2456,
864691136236739087,864691136236739087,272,0.0
864691135564667223,864691135564667223,4200,0.0
864691136123754790,864691136123754790,712,0.0
864691135491529311,864691135491529311,172,0.0
864691135491529311,864691135491529311,172,
864691135491529311,864691135491529311,172,
864691135491529311,864691135491529311,172,
864691135974661231,864691135974661231,680,
864691135213001784,864691135213001784,520,
864691136143415348,864691136143415348,1204,0.0
864691135609724679,864691135609724679,164,
864691135490940135,864691135490940135,884,
864691135748123528,864691135394011893,6216,
864691135644589295,864691135644589295,868,
864691136209328060,864691135974661231,3892,
864691135081988855,864691136288741271,2772,4.0
864691135807311389,864691135753574605,23496,
864691136618399373,864691135974661231,1272,
864691136020241144,864691136020241144,344,
864691135809443532,864691135809443532,252,0.0
864691135994550698,864691135994550698,432,0.0
864691135994550698,864691135994550698,1020,0.0
864691135544417832,864691135544417832,5884,0.0
864691136116154020,864691136116154020,356,0.0
864691135662881220,864691135210020288,5844,
864691136361486562,864691136361486562,1236,0.0
864691135564667223,864691135564667223,1532,0.0
864691135564667223,864691135564667223,312,0.0
864691136084466796,864691136084466796,3364,
864691135758851150,864691135758851150,556,0.0
864691135762028342,864691135762028342,196,0.0
864691136361486562,864691136361486562,244,0.0
864691135753574605,864691135753574605,732,0.0
864691136143415348,864691136143415348,608,0.0
864691135974661231,864691135974661231,196,
864691135213001784,864691135213001784,748,
864691136020274168,864691136020274168,11656,
864691135334607849,864691135269691045,828,
864691135366955257,864691135367010809,18816,-3.0
864691135367010809,864691135367010809,480,0.0
864691135394207989,864691135394207989,160,0.0
864691135490940135,864691135490940135,720,
864691135427272178,864691135427272178,732,
864691136194081494,864691135762028342,1808,-1.0
864691136143415348,864691136143415348,252,0.0
864691136084074348,864691136084074348,1828,0.0
864691135396580129,864691135683223026,7196,
864691135490940135,864691135490940135,912,
864691136779574382,864691136779574382,220,0.0
864691136194081494,864691135864756700,11648,-5.0
864691135994550698,864691135994550698,2028,0.0
864691136020274168,864691136020274168,984,
864691136020274168,864691136020274168,2984,
864691136020274168,864691136020274168,204,
864691135490940135,864691135758851150,5324,
864691136024237881,864691136024237881,452,0.0
864691135974661231,864691135974661231,324,
864691135864756700,864691135864756700,288,0.0
864691135490940135,864691135490940135,164,
864691136907500142,864691136907500142,3840,0.0
864691135564667223,864691135564667223,200,0.0
864691135753574605,864691135753574605,2296,0.0
864691135809443532,864691135809443532,3748,0.0
864691136020274168,864691136020274168,5896,
864691136020274168,864691136020274168,236,
864691136194305100,864691136194305100,1044,0.0
864691135762028342,864691135762028342,1960,0.0
864691136272946878,864691136272946878,2476,0.0
864691134884993786,864691134884993786,544,0.0
864691135809443532,864691135809443532,540,0.0
864691136296737819,864691136296737819,972,0.0
864691136194305100,864691136194305100,196,0.0
864691136108715960,864691136108715960,1528,0.0
864691135762028342,864691135762028342,336,0.0
864691135544417832,864691135544417832,220,0.0
864691135490940135,864691135490940135,208,
864691135396580129,864691135544416296,468,
864691135394616306,864691135367012345,5864,
864691135544417832,864691135544417832,444,0.0
864691136288741271,864691136288741271,216,0.0
864691135762028342,864691135762028342,172,0.0
864691135122333479,864691135122333479,1276,
864691136209328060,864691135490940135,2612,
864691136779574382,864691136779574382,11172,0.0
864691135762028342,864691135762028342,1336,0.0
864691135340956101,864691135609724679,6048,
864691135724597419,864691136730652022,1644,
864691136390420607,864691136390420607,204,0.0
864691135748123528,864691136020274168,2840,
864691135748123528,864691135367012345,1064,
864691135994550698,864691135994550698,756,0.0
864691135213001784,864691135213001784,3336,
864691134884993786,864691134884993786,212,0.0
864691136024237881,864691136024237881,2796,0.0
864691136108715960,864691136108715960,720,0.0
864691135683957943,864691136730652022,4576,
864691135491529311,864691135491529311,300,0.0
864691135491529311,864691135491529311,300,
864691135491529311,864691135491529311,300,
864691135491529311,864691135491529311,300,
864691135616146537,864691135616146537,4480,
864691135974661231,864691135974661231,804,
864691135758851150,864691135758851150,204,0.0
864691135490940135,864691135490940135,3480,
864691135865953157,864691135909748393,4512,5.0
864691135762028342,864691135762028342,276,0.0
864691136056351960,864691136056351960,740,0.0
864691135568895622,864691135568895622,180,0.0
864691135683929783,864691136024237881,11436,
864691135758851150,864691135758851150,292,0.0
864691135488426298,864691135574924996,6876,
864691135490940135,864691136236739087,4144,
864691136730652022,864691136730652022,3216,
864691135490940135,864691135490940135,1720,
864691135753574605,864691135753574605,15224,0.0
864691136123754790,864691136123754790,3744,0.0
864691135490940135,864691135758851150,2060,
864691135994524842,864691135213001784,6784,
864691135490591463,864691135544417832,940,
864691135334607849,864691136907500142,3132,
864691135490940135,864691135490940135,188,
864691135491529311,864691135491529311,2292,0.0
864691135491529311,864691135491529311,2292,
864691135491529311,864691135491529311,2292,
864691135491529311,864691135491529311,2292,
864691135403711470,864691135403711470,416,0.0
864691136662416094,864691135865543045,10524,-4.0
864691135909748393,864691135909748393,228,0.0
864691135994524842,864691135490940135,604,
864691135334607849,864691136023814201,1900,
864691136272946878,864691136272946878,300,0.0
864691135415475130,864691135415475130,564,0.0
864691135994550698,864691135994550698,380,0.0
864691136020274168,864691136020274168,188,
864691136084466796,864691136084466796,1960,
864691136023814201,864691136023814201,1432,0.0
864691135122333479,864691135122333479,672,
864691135570703341,864691136020274168,5148,
864691136134683787,864691135864756700,3216,-4.0
864691136723555837,864691136288741271,10124,2.0
864691135502025909,864691136051042547,17588,
864691135975577155,864691135753574605,6424,-12.0
864691135644589295,864691135644589295,1304,
864691135662881220,864691135516204243,26020,15.0
864691135122333479,864691135122333479,356,
864691136020274168,864691136020274168,1664,
864691135918622128,864691136020274168,4292,
864691136662432990,864691135609756935,3452,
864691135570703341,864691136020274168,3056,
864691136288741271,864691136288741271,4060,0.0
864691135644589295,864691135644589295,316,
864691135644589295,864691135644589295,180,
864691136712564086,864691136712564086,736,0.0
864691135394616306,864691135909748393,2244,
864691135210020288,864691135210020288,252,
864691135403711470,864691135403711470,1192,0.0
864691135544417832,864691135544417832,376,0.0
864691135491529311,864691135491529311,164,0.0
864691135491529311,864691135491529311,164,
864691135491529311,864691135491529311,164,
864691135491529311,864691135491529311,164,
864691135660513264,864691135660513264,208,0.0
864691135994550698,864691135994550698,204,0.0
864691135994550698,864691135994550698,1124,0.0
864691136065739416,864691135568895622,3148,
864691135762028342,864691135762028342,572,0.0
864691136143415348,864691136143415348,624,0.0
864691135491529311,864691135491529311,2656,0.0
864691135491529311,864691135491529311,2656,
864691135491529311,864691135491529311,2656,
864691135491529311,864691135491529311,2656,
864691136020274168,864691136020274168,524,
864691135762028342,864691135762028342,6788,0.0
864691135210020288,864691135394011893,5236,
864691135974661231,864691135974661231,288,
864691136020274168,864691136020274168,208,
864691136051042547,864691136051042547,320,0.0
864691135213001784,864691135213001784,896,
864691135269691045,864691135269691045,308,0.0
864691135394616306,864691136123754790,3124,
864691135213001528,864691135213001528,5200,
864691135683929783,864691136123754790,1340,
864691137019764334,864691137019764334,188,0.0
864691135293060620,864691136051042547,4220,-6.0
864691135564667223,864691135564667223,1508,0.0
864691136143415348,864691136143415348,924,0.0
864691135968897381,864691136712564086,5316,-6.0
864691136390420607,864691136390420607,180,0.0
864691135394011893,864691135394011893,240,
864691135367010809,864691135367010809,408,0.0
864691136272946878,864691136272946878,1024,0.0
864691136051042547,864691136051042547,596,0.0
864691135490940135,864691136024237881,3172,
864691135858696552,864691135858696552,832,
864691135937504053,864691135937504053,500,0.0
864691136680716406,864691136680716406,1340,0.0
864691136618390413,864691136618390413,608,0.0
864691135538095218,864691135538095218,268,0.0
864691134917404682,864691134917404682,1472,
864691135789391980,864691135789391980,2436,
864691136236709647,864691136236709647,200,0.0
864691135269757861,864691135269757861,4080,0.0
864691136388589943,864691136388589943,4284,0.0
864691135395882994,864691135395882994,340,0.0
864691136418869143,864691135269757861,10804,0.0
864691135490940135,864691136601874897,2736,
864691135274403557,864691136236676879,26256,0.0
864691135953756424,864691135953756424,2840,
864691135382446810,864691135382446810,572,
864691136601874897,864691136601874897,264,0.0
864691135876326739,864691135876326739,736,
864691136705292654,864691136705292654,1440,0.0
864691135472035890,864691135472035890,1480,
864691136705292654,864691136705292654,952,0.0
864691135864988380,864691135864988380,272,0.0
864691136236676879,864691136236676879,224,0.0
864691136236709647,864691136236709647,348,0.0
864691136951608543,864691136951608543,264,0.0
864691136031744955,864691136031744955,1636,0.0
864691135334607849,864691136309682778,9760,
864691135968897381,864691135968897381,204,0.0
864691135761549622,864691136116156580,28868,2.0
864691135700231547,864691135700231547,244,0.0
864691135858696552,864691135858696552,716,
864691135382446810,864691135382446810,4004,
864691135780840016,864691135780840016,848,0.0
864691135809426636,864691135780840016,3536,
864691135737076100,864691135946646113,1264,
864691135564638295,864691135564638295,324,0.0
864691136723309309,864691136601874897,9704,7.0
864691135385185365,864691136116154788,1472,
864691135307080518,864691135307080518,460,0.0
864691136601874897,864691136601874897,2388,0.0
864691135858696552,864691135858696552,1380,
864691136334226611,864691136334226611,404,0.0
864691135968897381,864691135968897381,1948,0.0
864691136618488973,864691136618488973,1424,
864691135864988380,864691135864988380,212,0.0
864691135604418627,864691135604418627,924,
864691135472035890,864691135472035890,11060,
864691136618488973,864691136618488973,240,
864691136031744955,864691136031744955,228,0.0
864691135953756424,864691135953756424,284,
864691135510734544,864691135510734544,360,0.0
864691135395882994,864691135395882994,924,0.0
864691135876326739,864691135876326739,3772,
864691135207974521,864691135099855904,9184,-2.0
864691135099855904,864691135099855904,1824,0.0
864691136108748216,864691134917404682,5600,
864691136116154788,864691136116154788,700,0.0
864691136310044506,864691135393949941,5496,-4.0
864691136951640287,864691136951640287,216,0.0
864691135560606433,864691135560606433,1584,0.0
864691136236709647,864691136236709647,1480,0.0
864691135307080518,864691135307080518,276,0.0
864691136310044506,864691136310044506,1016,0.0
864691135538095218,864691135538095218,2288,0.0
864691136309999450,864691135946646113,2852,-2.0
864691135395882994,864691135395882994,164,0.0
864691135968897381,864691135968897381,956,0.0
864691135529411268,864691135529411268,204,
864691136618488973,864691136618488973,196,
864691136388609655,864691136618488973,8132,
864691136705292654,864691136705292654,500,0.0
864691135864758748,864691135864758748,320,0.0
864691135953756424,864691135953756424,264,
864691135396383265,864691135382446810,2012,
864691136723313149,864691136723313149,276,0.0
864691136116449444,864691136116449444,2352,0.0
864691136266440948,864691135865512069,164,4.0
864691135946646113,864691135946646113,288,0.0
864691135345189535,864691135345189535,1268,
864691136116449444,864691136116449444,780,0.0
864691134917404682,864691134917404682,348,
864691136334226611,864691136334226611,10456,0.0
864691135780807248,864691135780807248,2008,0.0
864691136329179882,864691136329179882,1112,0.0
864691134917404682,864691135775793837,2372,
864691136361789410,864691135700231547,6516,-10.0
864691136116154788,864691136116154788,752,0.0
864691135529411268,864691135529411268,1952,
864691135529411268,864691135529411268,2624,
864691136662432990,864691136388589943,4520,
864691136618390413,864691136618390413,1224,0.0
864691136618390413,864691136618390413,524,0.0
864691134917404682,864691134917404682,328,
864691135490940135,864691135937504053,4716,
864691135953985800,864691135953985800,1800,0.0
864691135210423744,864691135884223600,2568,-5.0
864691136237510460,864691135946646113,196,
864691135538095218,864691135538095218,608,0.0
864691135780840016,864691135780840016,4656,0.0
864691135789391980,864691135789391980,480,
864691135476110504,864691135445755378,11112,1.0
864691135341029573,864691135341029573,196,0.0
864691135490940135,864691136601874897,2936,
864691135433762802,864691135433762802,1024,
864691136723313149,864691136723313149,560,0.0
864691135841307619,864691136031744955,4724,
864691136618488973,864691136618488973,320,
864691135510734544,864691135510734544,1540,0.0
864691136740418908,864691136740418908,420,
864691135490591463,864691135953789192,3152,
864691135341029573,864691135341029573,760,0.0
864691135974661231,864691136601874897,1464,
864691135538095218,864691135538095218,260,0.0
864691135516139731,864691135516139731,360,0.0
864691135393949941,864691135393949941,2608,0.0
864691135396580129,864691136601874897,25752,
864691135385185365,864691134917404682,5728,
864691136236676879,864691136236676879,284,0.0
864691135433762802,864691135433762802,288,
864691136334226611,864691136334226611,168,0.0
864691135382446810,864691135382446810,512,
864691136334226611,864691136334226611,2304,0.0
864691135789391980,864691135789391980,344,
864691135341029573,864691135341029573,904,0.0
864691135953756424,864691135953756424,844,
864691135099855904,864691135099855904,1792,0.0
864691135724609707,864691135724609707,484,0.0
864691135789391980,864691135789391980,224,
864691136388589943,864691136388589943,180,0.0
864691135445755378,864691135445755378,280,0.0
864691135393949941,864691135393949941,9828,0.0
864691136729437302,864691135570699501,240,
864691136334226611,864691136334226611,244,0.0
864691135658229122,864691135393949941,13728,4.0
864691135269757861,864691135269757861,1436,0.0
864691135334607849,864691135472035890,12372,
864691135478588870,864691136601874897,8700,4.0
864691135724609707,864691135724609707,1948,0.0
864691135394616306,864691135393949941,1088,
864691136618488973,864691136618488973,296,
864691135638988859,864691135638988859,292,0.0
864691135737076100,864691135865512069,568,
864691135865953157,864691135946646113,4172,0.0
864691135529411268,864691135529411268,852,
864691135864051838,864691135529411268,164,
864691136706310510,864691135393949941,1896,-8.0
864691136329179882,864691136329179882,232,0.0
864691136601874897,864691136601874897,5020,0.0
864691135604418627,864691135604418627,216,
864691135953985800,864691135953985800,6328,0.0
864691135946680417,864691135946680417,3284,0.0
864691135753626061,864691136236709647,644,-3.0
864691135946646113,864691135946646113,288,0.0
864691135538095218,864691135538095218,2092,0.0
864691135393949941,864691135393949941,368,0.0
864691136618390413,864691136618390413,1484,0.0
864691136116154788,864691136116154788,680,0.0
864691135724597419,864691135775793837,6432,
864691136618488973,864691136618488973,680,
864691136601874897,864691136601874897,720,0.0
864691135345189535,864691135345189535,27336,
864691135724597419,864691135638988859,252,
864691136951640287,864691136951640287,280,0.0
864691135396580129,864691135884223600,1908,
864691135946646113,864691135946646113,168,0.0
864691135382446810,864691135382446810,308,
864691135991768513,864691135991768513,412,0.0
864691135472035890,864691135472035890,164,
864691135968897381,864691135968897381,164,0.0
864691136618488973,864691136618488973,596,
864691136618390413,864691136618390413,620,0.0
864691135604418627,864691135604418627,204,
864691136116154788,864691136116154788,864,0.0
864691135538095218,864691135538095218,196,0.0
864691135516139731,864691135516139731,200,0.0
864691136116156580,864691136116156580,392,0.0
864691135761549622,864691136310044506,4268,2.0
864691136482918444,864691135395882994,2028,
864691135403733998,864691135570699501,1048,
864691135953985800,864691135953985800,2216,0.0
864691135396383265,864691135529411268,720,
864691135771832395,864691135529411268,9172,
864691135876326739,864691135876326739,708,
864691135876326739,864691135876326739,356,
864691135099855904,864691135099855904,732,0.0
864691136618488973,864691136618488973,184,
864691135396580129,864691136601874897,916,
864691136116154788,864691136116154788,580,0.0
864691135307080518,864691135307080518,1364,0.0
864691136116154788,864691136116154788,208,0.0
864691136618488973,864691136618488973,228,
864691135604418627,864691135604418627,180,
864691135775793837,864691135775793837,536,
864691136925793354,864691136388589943,9800,-11.0
864691136310044506,864691136310044506,828,0.0
864691136310044506,864691136310044506,4968,0.0
864691135307080518,864691135307080518,716,0.0
864691135445755378,864691135445755378,232,0.0
864691136236676879,864691136236676879,1240,0.0
864691135809426636,864691135953756424,14888,
864691135382446810,864691135382446810,816,
864691136601874897,864691136601874897,700,0.0
864691136116156580,864691136116156580,740,0.0
864691135490591463,864691136388589943,14820,
864691135538095218,864691135538095218,584,0.0
864691135564638295,864691135564638295,180,0.0
864691135724609707,864691135724609707,660,0.0
864691135394616306,864691135393949941,3268,
864691136116156580,864691136116156580,168,0.0
864691135683929783,864691135433762802,9516,
864691135345129887,864691135789391980,2132,
864691135953756424,864691135953756424,644,
864691135538095218,864691135538095218,1344,0.0
864691135953985800,864691135953985800,2204,0.0
864691134917404682,864691134917404682,1616,
864691135544411432,864691136116156580,5512,
864691135099855392,864691135099855392,352,0.0
864691136482918444,864691136618390413,5256,
864691136662432990,864691135393949941,4024,
864691135396580129,864691135884223600,196,
864691135394616306,864691135393949941,3072,
864691135394616306,864691135407318217,15720,
864691135099855904,864691135099855904,240,0.0
864691135748123528,864691135538095218,1404,
864691135269757861,864691135269757861,1268,0.0
864691136618488973,864691136618488973,508,
864691135564638295,864691135564638295,216,0.0
864691135269757861,864691135269757861,412,0.0
864691135099855904,864691135099855904,380,0.0
864691135472035890,864691135472035890,380,
864691135433762802,864691135433762802,1968,
864691135382446810,864691135382446810,484,
864691135403778286,864691135403778286,232,
864691135775793837,864691135775793837,5072,
864691136812234867,864691135529411268,20596,
864691135472035890,864691135472035890,304,
864691136236709647,864691136236709647,168,0.0
864691135952020259,864691135952020259,496,0.0
864691135256127407,864691135256127407,2876,
864691135946680417,864691135946680417,368,0.0
864691135968897381,864691135968897381,3220,0.0
864691135269757861,864691135269757861,600,0.0
864691135937504053,864691135937504053,1752,0.0
864691135585436284,864691135382446810,3920,
864691136329179882,864691136329179882,544,0.0
864691135395882994,864691135395882994,192,0.0
864691135953756424,864691135953756424,440,
864691135407318217,864691135407318217,372,
864691135433762802,864691135433762802,184,
864691135345189535,864691135345189535,1188,
864691136951640287,864691136951640287,3732,0.0
864691134917404682,864691134917404682,648,
864691135323181212,864691136310044506,732,
864691136194109910,864691136194109910,3788,0.0
864691136237451836,864691135529411268,11336,
864691136310044506,864691136310044506,396,0.0
864691135865953157,864691135775793837,848,
864691136237451836,864691136116449444,2316,4.0
864691136618488973,864691136618488973,196,
864691135662881220,864691135937372725,18800,9.0
864691136618488973,864691136618488973,700,
864691135396383265,864691135382446810,8012,
864691135780840016,864691135780840016,296,0.0
864691135099839008,864691135953985800,9848,-15.0
864691135662881220,864691135937372725,3068,9.0
864691135394616306,864691136116449444,5236,
864691135780840016,864691135780840016,1436,0.0
864691135395882994,864691135395882994,4492,0.0
864691136740418908,864691136740418908,1504,
864691135579824068,864691136601874897,3644,0.0
864691135307080518,864691135307080518,920,0.0
864691135510734544,864691135510734544,204,0.0
864691135809426636,864691135953756424,3876,
864691136618488973,864691136618488973,164,
864691135394616306,864691136309682778,2628,
864691135213001784,864691136740418908,2396,
864691135403778286,864691135403778286,220,
864691136226956369,864691136116449444,2780,6.0
864691135994550698,864691135865512069,11624,10.0
864691135866851350,864691135407318217,3452,
864691136116156580,864691136116156580,1496,0.0
864691135345189535,864691135345189535,1412,
864691136723313149,864691136723313149,652,0.0
864691136236709647,864691136236709647,180,0.0
864691135445755378,864691135445755378,388,0.0
864691135472035890,864691135472035890,428,
864691135407318217,864691135407318217,228,
864691136310044506,864691136310044506,288,0.0
864691135937504053,864691135937504053,196,0.0
864691135876326739,864691135876326739,676,
864691136601874897,864691136601874897,2944,0.0
864691135968897381,864691135968897381,1216,0.0
864691136236676879,864691136236676879,752,0.0
864691135683929783,864691136334226611,35368,
864691135490940135,864691136601874897,1472,
864691135516139731,864691135516139731,184,0.0
864691136024237881,864691135516139731,15764,1.0
864691136116156580,864691136116156580,1476,0.0
864691135392073458,864691135937372725,23356,3.0
864691135516139731,864691135516139731,1528,0.0
864691135415498682,864691135510734544,652,
864691136951640287,864691136951640287,244,0.0
864691136236709647,864691136236709647,212,0.0
864691135510734544,864691135510734544,384,0.0
864691136309682778,864691136309682778,212,
864691136286569667,864691135538095218,23372,-12.0
864691136116154788,864691136116154788,268,0.0
864691136618488973,864691136618488973,536,
864691135394616306,864691135407318217,10360,
864691135775793837,864691135775793837,496,
864691136662432990,864691136388589943,4380,
864691136116449444,864691136116449444,4384,0.0
864691136680716406,864691136680716406,296,0.0
864691135946680417,864691135946680417,240,0.0
864691135684358583,864691135884223600,3184,-6.0
864691135864758748,864691135864758748,368,0.0
864691135946680417,864691135946680417,176,0.0
864691136911646705,864691136951608543,5700,-1.0
864691136310044506,864691136310044506,260,0.0
864691135385185365,864691135876326739,5212,
864691136680716406,864691136680716406,492,0.0
864691135953756424,864691135953756424,1204,
864691135566417348,864691135864988380,1496,
864691134917404682,864691134917404682,164,
864691135345189535,864691135345189535,2688,
864691135256127407,864691135256127407,220,
864691135739595412,864691135560606433,4916,
864691135909761193,864691136023815737,2624,-4.0
864691135394616306,864691135393949941,524,
864691135472035890,864691135472035890,2076,
864691135396580129,864691135382446810,1476,
864691136116449444,864691136116449444,240,0.0
864691135472035890,864691135472035890,1096,
864691135937372725,864691135937372725,460,0.0
864691134917404682,864691136116154788,956,
864691134917404682,864691134917404682,4276,
864691135937504053,864691135937504053,696,0.0
864691136601874897,864691136601874897,820,0.0
864691136740782428,864691135780807248,632,
864691136023815737,864691136023815737,2844,0.0
864691134917404682,864691134917404682,424,
864691135953985800,864691135953985800,1744,0.0
864691135334607849,864691135393949941,28128,
864691135341029573,864691135341029573,464,0.0
864691136329179882,864691136329179882,436,0.0
864691135780807248,864691135780807248,2120,0.0
864691135865512069,864691135865512069,356,0.0
864691135953756424,864691135953756424,208,
864691136618390413,864691136618390413,1064,0.0
864691135345189535,864691135345189535,1584,
864691135946646113,864691135946646113,344,0.0
864691135099855904,864691135099855904,728,0.0
864691135538095218,864691135538095218,324,0.0
864691135256127407,864691135256127407,596,
864691135876326739,864691135876326739,192,
864691135472035890,864691135472035890,216,
864691135345189535,864691135345189535,7496,
864691135953756424,864691135953756424,220,
864691136361789410,864691135700231547,7084,-10.0
864691135968897381,864691135968897381,240,0.0
864691135490940135,864691136601874897,6464,
864691136334226611,864691136334226611,2656,0.0
864691135403778286,864691135403778286,788,
864691136388589943,864691136388589943,348,0.0
864691135780807248,864691135780807248,1164,0.0
864691136618390413,864691136618390413,328,0.0
864691135683929783,864691136601874897,5112,
864691135478588870,864691135478588870,164,0.0
864691135099855904,864691135099855904,3764,0.0
864691136662432990,864691135393949941,6120,
864691135395882994,864691135395882994,308,0.0
864691135866387734,864691136334226611,248,3.0
864691135538095218,864691135538095218,1164,0.0
864691136310044506,864691136310044506,1124,0.0
864691135884223600,864691135884223600,1380,0.0
864691136116154788,864691136116154788,712,0.0
864691136334226611,864691136334226611,10168,0.0
864691135946646113,864691135946646113,480,0.0
864691135865512069,864691135865512069,1164,0.0
864691136116449444,864691136116449444,336,0.0
864691136116449444,864691136116449444,320,0.0
864691135937504053,864691135937504053,216,0.0
864691136286569667,864691136116449444,3060,-7.0
864691136662432990,864691135393949941,6988,
864691135724609707,864691135724609707,252,0.0
864691135683957943,864691135952020259,3564,3.0
864691136418869143,864691135269757861,4832,0.0
864691135394616306,864691135864758748,1880,
864691136388589943,864691136388589943,4996,0.0
864691135433762802,864691135433762802,1168,
864691136618488973,864691136618488973,436,
864691137197329985,864691135433762802,1440,
864691136618488973,864691136618488973,308,
864691135490940135,864691136601874897,400,
864691135700231547,864691135700231547,780,0.0
864691136023815737,864691136023815737,160,0.0
864691135433762802,864691135433762802,252,
864691135510734544,864691135510734544,604,0.0
864691135780840016,864691135780840016,6396,0.0
864691135748123528,864691136116156580,5896,
864691134917404682,864691134917404682,164,
864691135501772354,864691135780807248,2064,8.0
864691135953985800,864691135953985800,184,0.0
864691136601874897,864691136601874897,212,0.0
864691135099855392,864691135099855392,568,0.0
864691135394616306,864691136732227190,2888,
864691135081703927,864691135884223600,3820,
864691135560606433,864691135560606433,496,0.0
864691135341029573,864691135341029573,656,0.0
864691135334607849,864691135638988859,10628,
864691136618488973,864691136618488973,1844,
864691135396580129,864691136680716406,12360,
864691136601874897,864691136601874897,988,0.0
864691135724609707,864691135724609707,2800,0.0
864691135510734544,864691135510734544,868,0.0
864691136482918444,864691135991768513,780,
864691136732227190,864691136732227190,924,
864691136740418908,864691136740418908,604,
864691135394616306,864691135393949941,208,
864691135771832395,864691136618390413,1916,
864691135864758748,864691135864758748,776,0.0
864691136951640287,864691136951640287,224,0.0
864691135396580129,864691136601874897,5832,
864691135099855904,864691135099855904,5772,0.0
864691135345189535,864691135345189535,160,
864691135737076100,864691135946646113,2392,
864691135544411432,864691136618488973,3752,
864691135394616306,864691135393949941,11252,
864691135724609707,864691135724609707,456,0.0
864691135946646113,864691135946646113,756,0.0
864691135393949941,864691135393949941,176,0.0
864691135385185365,864691136116154788,4448,
864691135396580129,864691136601874897,7556,
864691135953985800,864691135953985800,1756,0.0
864691136618390413,864691136618390413,180,0.0
864691135472035890,864691135472035890,4708,
864691135538095218,864691135780807248,2436,9.0
864691136031744955,864691136031744955,200,0.0
864691135991768513,864691135991768513,184,0.0
864691135724609707,864691135724609707,300,0.0
864691136194109910,864691136194109910,868,0.0
864691136116154788,864691136116154788,268,0.0
864691136388589943,864691136388589943,160,0.0
864691135393949941,864691135393949941,1568,0.0
864691136732227190,864691136732227190,204,
864691136388589943,864691136388589943,248,0.0
864691136662432990,864691136618390413,636,
864691135864988380,864691135864988380,500,0.0
864691135122603047,864691136388589943,6556,-11.0
864691135341029573,864691135341029573,1036,0.0
864691135433762802,864691135433762802,204,
864691136601874897,864691136601874897,196,0.0
864691135529411268,864691135529411268,1504,
864691136618488973,864691136618488973,320,
864691135644885743,864691135644885743,1384,0.0
864691135662881220,864691135564638295,10624,0.0
864691135771832395,864691136116449444,1712,
864691135274403301,864691135884223600,18692,-7.0
864691136732227190,864691136732227190,308,
864691135953756424,864691135953756424,160,
864691136618488973,864691136618488973,624,
864691135345189535,864691135345189535,560,
864691135393949941,864691135393949941,420,0.0
864691135394616306,864691135393949941,2776,
864691135876326739,864691135876326739,444,
864691135334607849,864691135946646113,684,
864691135396580129,864691136601874897,5004,
864691135994550698,864691136236709647,13736,1.0
864691136108715960,864691135952020259,2460,13.0
864691135564638295,864691135564638295,168,0.0
864691135780807248,864691135780807248,524,0.0
864691136812234867,864691135529411268,7200,
864691135953985800,864691135953985800,2224,0.0
864691135700231547,864691135700231547,172,0.0
864691135775793837,864691135775793837,1184,
864691136618488973,864691136618488973,448,
864691136194109910,864691136194109910,288,0.0
864691135394616306,864691135407318217,3472,
864691135538095218,864691135538095218,6964,0.0
864691135516139731,864691135516139731,200,0.0
864691135560606433,864691135560606433,488,0.0
864691135538095218,864691135538095218,232,0.0
864691135345189535,864691135345189535,800,
864691136194109910,864691136194109910,220,0.0
864691136601874897,864691136601874897,168,0.0
864691135748123528,864691135538095218,3364,
864691135737076100,864691135865512069,980,
864691136236676879,864691136236676879,188,0.0
864691135809426636,864691135780840016,5660,
864691136732227190,864691136732227190,560,
864691135510734544,864691135510734544,164,0.0
864691135393949941,864691135393949941,808,0.0
864691135538095218,864691135780807248,364,9.0
864691135864988380,864691135864988380,360,0.0
864691136310044506,864691136116449444,6368,-3.0
864691135789391980,864691135789391980,160,
864691136705292654,864691136705292654,292,0.0
864691136680716406,864691136680716406,548,0.0
864691135516139731,864691135516139731,276,0.0
864691135946646113,864691135946646113,304,0.0
864691135683223026,864691136680716406,6856,-1.0
864691136618488973,864691136618488973,2352,
864691135876326739,864691135876326739,396,
864691135529411268,864691135529411268,716,
864691136310044506,864691136310044506,340,0.0
864691136680716406,864691136680716406,168,0.0
864691136031707579,864691135775793837,1088,
864691136236676879,864691136236676879,320,0.0
864691135809426636,864691135953756424,168,
864691135683929783,864691135407318217,4416,
864691135604418627,864691135604418627,960,
864691136618488973,864691136618488973,188,
864691135269757861,864691135269757861,936,0.0
864691135644885743,864691135644885743,332,0.0
864691135341029573,864691135341029573,396,0.0
864691135754536914,864691136601874897,35004,4.0
864691136116449444,864691136116449444,11664,0.0
864691136023815737,864691136023815737,260,0.0
864691135780807248,864691135780807248,236,0.0
864691135345189535,864691135345189535,464,
864691135724609707,864691135724609707,228,0.0
864691135753626061,864691136951608543,17596,0.0
864691136175395078,864691135529411268,5072,
864691135953756424,864691135953756424,220,
864691135575114526,864691135529411268,596,
864691135585436284,864691135382446810,4460,
864691135334607849,864691135775793837,2844,
864691135529411268,864691135529411268,1528,
864691135748123528,864691135564638295,4508,
864691136662432990,864691135937504053,1572,
864691135382446810,864691135382446810,284,
864691135909748393,864691135604418627,568,
864691135194410282,864691136618488973,2740,
864691135683929783,864691136601874897,1708,
864691135472035890,864691135472035890,452,
864691135991768513,864691135991768513,208,0.0
864691136705292654,864691136705292654,2596,0.0
864691135334607849,864691135393949941,232,
864691135946646113,864691135946646113,804,0.0
864691136388589943,864691136388589943,1980,0.0
864691135775793837,864691135775793837,1236,
864691136388589943,864691136388589943,232,0.0
864691135876326739,864691135876326739,1080,
864691136601874897,864691136601874897,680,0.0
864691135382446810,864691135382446810,656,
864691135393949941,864691135393949941,312,0.0
864691135615759977,864691135953985800,5184,
864691135538095218,864691135538095218,360,0.0
864691135724609707,864691135724609707,424,0.0
864691135748123528,864691136023815737,5040,
864691135809426636,864691135780840016,1572,
864691135213001528,864691135529411268,13800,
864691135307080518,864691135307080518,320,0.0
864691136618390413,864691136618390413,860,0.0
864691136618488973,864691136618488973,176,
864691136601960657,864691135876326739,3652,
864691136618488973,864691136618488973,280,
864691135737076100,864691135865512069,1596,
864691135937504053,864691135937504053,332,0.0
864691136236709647,864691136236709647,1120,0.0
864691136680716406,864691136680716406,480,0.0
864691135394616306,864691135393949941,1980,
864691135394616306,864691135393949941,2332,
864691136388589943,864691136388589943,5068,0.0
864691135478588870,864691135478588870,2828,0.0
864691136361789410,864691135864988380,7288,-6.0
864691135683929783,864691136601874897,3532,
864691136039701502,864691135953756424,3920,
864691136388589943,864691136388589943,2744,0.0
864691135683929783,864691135393949941,956,
864691136388589943,864691136388589943,388,0.0
864691135433762802,864691135433762802,228,
864691135396383265,864691136723313149,12856,
864691135662881220,864691135968897381,22908,13.0
864691136740418908,864691136740418908,684,
864691135748123528,864691135780807248,184,
864691135394616306,864691136116449444,2824,
864691135396580129,864691136601874897,5384,
864691135012884886,864691136116156580,11204,
864691135700231547,864691135700231547,424,0.0
864691135946646113,864691135946646113,424,0.0
864691136601874897,864691136601874897,236,0.0
864691135570699501,864691135570699501,1592,
864691135403778286,864691135403778286,192,
864691136601874897,864691136601874897,4792,0.0
864691136116449444,864691136116449444,260,0.0
864691136618390413,864691136618390413,1244,0.0
864691135394616306,864691135407318217,5016,
864691135865512069,864691135865512069,680,0.0
864691136236676879,864691136236676879,444,0.0
864691136004947658,864691136116156580,3876,3.0
864691136601874897,864691136601874897,192,0.0
864691135538095218,864691135538095218,276,0.0
864691135737076100,864691135780807248,11500,
864691135789391980,864691135789391980,4392,
864691136680716406,864691136680716406,700,0.0
864691136388589943,864691136388589943,336,0.0
864691135269691045,864691136680716406,3968,8.0
864691136116154788,864691136116154788,856,0.0
864691135683957943,864691136116154788,1968,1.0
864691136618390413,864691136618390413,240,0.0
864691135269691045,864691134917404682,5096,
864691135748123528,864691135564638295,32552,
864691135724609707,864691135382446810,5480,
864691136116154788,864691136951608543,12908,-5.0
864691135345189535,864691135345189535,2828,
864691136309631322,864691136618390413,11756,-6.0
864691135345189535,864691135345189535,1988,
864691135510734544,864691135510734544,576,0.0
864691135256127407,864691135256127407,300,
864691135775803565,864691136618488973,5468,
864691135528704964,864691135884223600,10504,-2.0
864691136705292654,864691136705292654,320,0.0
864691135740182891,864691135445755378,1844,
864691135213001528,864691135529411268,6288,
864691135122603047,864691136618390413,9532,-11.0
864691135789391980,864691135789391980,224,
864691136237451836,864691135529411268,13308,
864691135604418627,864691135604418627,1936,
864691135953756424,864691135953756424,352,
864691136388589943,864691136388589943,484,0.0
864691135737076100,864691135865512069,408,
864691136618488973,864691136618488973,408,
864691136618488973,864691136618488973,344,
864691135724609707,864691135724609707,3804,0.0
864691135490940135,864691136601874897,6016,
864691136236709647,864691136236709647,220,0.0
864691136951608543,864691136951608543,172,0.0
864691135864988380,864691135864988380,160,0.0
864691135345189535,864691135345189535,1264,
864691135782702387,864691136601874897,784,-8.0
864691136236737295,864691135937504053,6256,-10.0
864691135809426636,864691135780840016,4692,
864691134917404682,864691134917404682,556,
864691135099839008,864691136618390413,15192,-12.0
864691136601874897,864691136601874897,336,0.0
864691135638988859,864691135638988859,188,0.0
864691135570699501,864691135570699501,608,
864691135946646113,864691135946646113,204,0.0
864691135334607849,864691135393949941,4036,
864691135946680417,864691135946680417,252,0.0
864691135510734544,864691135510734544,1096,0.0
864691135864756700,864691135529411268,8496,
864691135538095218,864691135538095218,216,0.0
864691135876326739,864691135876326739,588,
864691136329179882,864691136329179882,192,0.0
864691136618488973,864691136618488973,304,
864691135502052533,864691135946646113,248,0.0
864691135782690611,864691136236709647,220,1.0
864691135809426636,864691135953756424,2140,
864691135730105529,864691136618390413,4896,-12.0
864691135382446810,864691135382446810,212,
864691135658229122,864691135952020259,2160,10.0
864691135334607849,864691136951608543,2240,
864691135396580129,864691136601874897,6404,
864691135396383265,864691136723313149,5144,
864691135945952036,864691136388589943,19616,-3.0
864691135937504053,864691135937504053,180,0.0
864691136116154788,864691136116154788,976,0.0
864691134917404682,864691136116154788,368,
864691136116154788,864691136116154788,212,0.0
864691136601874897,864691136601874897,836,0.0
864691135396580129,864691136601874897,2804,
864691136194109910,864691136194109910,160,0.0
864691135345189535,864691135345189535,3240,
864691135865512069,864691135865512069,400,0.0
864691135385185365,864691135269757861,1628,
864691135968897381,864691135968897381,248,0.0
864691136236709647,864691136236709647,204,0.0
864691136732227190,864691136732227190,5604,
864691135604418627,864691135604418627,744,
864691135394616306,864691135407318217,7348,
864691136296737819,864691135953985800,6028,-9.0
864691135809426636,864691135953756424,4272,
864691135445755378,864691135445755378,4836,0.0
864691135888527753,864691135946680417,8864,-5.0
864691135394616306,864691135393949941,3652,
864691136618390413,864691136618390413,1764,0.0
864691135746802824,864691136236676879,2968,
864691136388589943,864691136388589943,4396,0.0
864691135953985800,864691135953985800,292,0.0
864691134939986275,864691135644885743,1348,1.0
864691136116449444,864691136116449444,1844,0.0
864691135683929783,864691135393949941,2512,
864691135937372725,864691135937372725,200,0.0
864691135953756424,864691135953756424,312,
864691135394616306,864691135407318217,15240,
864691135780807248,864691135780807248,284,0.0
864691135560606433,864691135560606433,884,0.0
864691135382446810,864691135382446810,328,
864691135213001784,864691136740418908,7516,
864691135994550698,864691136023815737,2260,8.0
864691136618488973,864691136618488973,636,
864691136236709647,864691136236709647,176,0.0
864691135382446810,864691135382446810,236,
864691135099855904,864691135099855904,320,0.0
864691135952235811,864691136031744955,14016,-7.0
864691135334607849,864691135393949941,4268,
864691135884223600,864691135884223600,1020,0.0
864691136486800146,864691135099855392,3660,4.0
864691136951608543,864691136951608543,4124,0.0
864691135433762802,864691135433762802,3244,
864691135373626441,864691135382446810,652,
864691135780807248,864691135780807248,21384,0.0
864691135445755378,864691135445755378,212,0.0
864691135604418627,864691135604418627,928,
864691135865512069,864691135865512069,472,0.0
864691136329179882,864691136329179882,404,0.0
864691135396383265,864691135529411268,6164,
864691136194109910,864691136194109910,2232,0.0
864691136310044506,864691136310044506,6936,0.0
864691136116154788,864691136116154788,172,0.0
864691135754054861,864691135099855904,2528,3.0
864691136618390413,864691136618390413,2440,0.0
864691135953756424,864691135953756424,1904,
864691135394616306,864691135393949941,5500,
864691136116449444,864691136116449444,1864,0.0
864691135529411268,864691135529411268,404,
864691135780807248,864691135780807248,580,0.0
864691135953985800,864691135953985800,2644,0.0
864691135946646113,864691135946646113,672,0.0
864691135393949941,864691135393949941,188,0.0
864691136388589943,864691136388589943,1880,0.0
864691135724609707,864691135724609707,5472,0.0
864691135946646113,864691135946646113,556,0.0
864691135394616306,864691135207727993,12580,
864691135952020259,864691135952020259,848,0.0
864691136601874897,864691136601874897,872,0.0
864691135780807248,864691135780807248,1968,0.0
864691135382446810,864691135382446810,284,
864691135644885743,864691135644885743,604,0.0
864691135937504053,864691135937504053,200,0.0
864691135394616306,864691136601874897,2104,
864691135538095218,864691135538095218,1324,0.0
864691135373626441,864691135382446810,1752,
864691135394616306,864691135604418627,2432,
864691135472035890,864691135472035890,168,
864691135946646113,864691135946646113,448,0.0
864691136023815737,864691136023815737,160,0.0
864691135968897381,864691135968897381,960,0.0
864691135884223600,864691135884223600,2004,0.0
864691135529411268,864691135529411268,1492,
864691135385185365,864691135269757861,6076,
864691135662881220,864691135968897381,1760,13.0
864691135529411268,864691135529411268,852,
864691134917404682,864691134917404682,576,
864691135604418627,864691135604418627,300,
864691136272946110,864691136236676879,21948,-2.0
864691135490940135,864691136601874897,6148,
864691135345189535,864691135345189535,3460,
864691135394616306,864691136116449444,4252,
864691135490588903,864691135876326739,3164,
864691136951640287,864691136951640287,656,0.0
864691134917404682,864691136116154788,2768,
864691136388589943,864691136388589943,4740,0.0
864691135394616306,864691135393949941,2668,
864691135737076100,864691135946646113,5896,
864691136662432990,864691135937504053,1536,
864691135181768194,864691135638988859,10564,6.0
864691136618488973,864691136618488973,1116,
864691135937504053,864691135937504053,596,0.0
864691135809426636,864691135953756424,776,
864691135662881220,864691136023815737,19500,10.0
864691136116449444,864691136116449444,220,0.0
864691136194109910,864691136194109910,496,0.0
864691135472035890,864691135472035890,552,
864691136329179882,864691136329179882,1136,0.0
864691135841070051,864691136951608543,1232,-7.0
864691136618488973,864691136618488973,252,
864691135585130108,864691135952020259,3048,0.0
864691135748123528,864691136236709647,1716,
864691136334226611,864691136334226611,596,0.0
864691135394616306,864691135393949941,3020,
864691136116154788,864691136116154788,332,0.0
864691135269757861,864691135269757861,1200,0.0
864691135737076100,864691135865512069,6548,
864691135510734544,864691135510734544,176,0.0
864691136388589943,864691136388589943,21020,0.0
864691135334607849,864691135472035890,1096,
864691136618488973,864691136618488973,640,
864691135538095218,864691135538095218,412,0.0
864691135516139731,864691135516139731,228,0.0
864691135946646113,864691135946646113,2748,0.0
864691135403778286,864691135403778286,2072,
864691136601874897,864691136601874897,3304,0.0
864691135516139731,864691135516139731,560,0.0
864691135570699501,864691135570699501,464,
864691135445633170,864691135395882994,2284,0.0
864691135394616306,864691135393949941,6064,
864691136116154788,864691136116154788,164,0.0
864691135953756424,864691135953756424,2292,
864691135345189535,864691135345189535,13856,
864691136116154788,864691136116154788,552,0.0
864691135334607849,864691135393949941,5940,
864691136618390413,864691136618390413,892,0.0
864691135510734544,864691135510734544,324,0.0
864691135393949941,864691135393949941,2372,0.0
864691136723313149,864691136723313149,856,0.0
864691136334226611,864691136334226611,184,0.0
864691135968897381,864691135968897381,196,0.0
864691136329179882,864691136329179882,352,0.0
864691136334226611,864691136334226611,4412,0.0
864691136601874897,864691136601874897,504,0.0
864691135937504053,864691135937504053,408,0.0
864691136116449444,864691136116449444,1228,0.0
864691136116154788,864691136116154788,420,0.0
864691135293060620,864691135724609707,15840,-4.0
864691135952020259,864691135952020259,388,0.0
864691135789391980,864691135789391980,192,
864691135432458226,864691135991768513,7784,
864691135683957943,864691136116154788,1236,1.0
864691136116154788,864691136116154788,984,0.0
864691135570699501,864691135570699501,772,
864691135953985800,864691135953985800,1144,0.0
864691135334607849,864691135638988859,5604,
864691135991768513,864691135991768513,1132,0.0
864691135789391980,864691135789391980,3828,
864691136723371261,864691135491207007,2668,
864691135502052533,864691136911667441,9896,9.0
864691135502052533,864691135502052533,256,0.0
864691135404011502,864691135404011502,324,0.0
864691135624737091,864691135624737091,260,
864691135440776776,864691135440776776,13172,0.0
864691134939982691,864691134939982691,5448,0.0
864691135440481352,864691135440481352,240,
864691135771832395,864691135474756672,6456,
864691136388570640,864691136662432990,3664,
864691135841325283,864691135771832395,5300,
864691135334607849,864691135334607849,232,
864691135809456588,864691136388264567,10872,0.0
864691135575092932,864691135575092932,336,0.0
864691135490940135,864691135474756672,6032,
864691135081703927,864691135081703927,624,
864691135474756672,864691135474756672,532,0.0
864691135771832395,864691135771832395,180,
864691136723545597,864691136723545597,340,
864691135081703927,864691135081703927,3492,
864691135436615410,864691135436615410,568,0.0
864691136309685850,864691136309685850,160,0.0
864691136951611871,864691136951611871,172,0.0
864691135737076100,864691135945468452,380,
864691135510441424,864691135510441424,564,0.0
864691135334607849,864691135334607849,436,
864691135909751977,864691135909751977,304,0.0
864691136040988758,864691136040988758,256,0.0
864691135583710328,864691135583710328,340,
864691136311934269,864691137196878913,496,
864691136090926004,864691136090926004,632,0.0
864691136309685850,864691136309685850,544,0.0
864691135323244700,864691135753646029,628,
864691135491207007,864691135491207007,208,0.0
864691136329280234,864691136329280234,304,0.0
864691136004767690,864691136723446269,12340,-2.0
864691135385185365,864691135478294982,300,
864691135440776776,864691135440776776,260,0.0
864691135478294982,864691135478294982,388,0.0
864691136288747492,864691136288747492,440,0.0
864691134917404682,864691136090926004,2612,
864691135394616306,864691135771832395,1440,
864691136004947658,864691135502052533,22764,-2.0
864691135334607849,864691136297102619,2400,
864691135467581836,864691135467581836,672,
864691135122603047,864691136662432990,1028,
864691136329280234,864691136329280234,300,0.0
864691135575092932,864691135575092932,352,0.0
864691135440776776,864691135440776776,1296,0.0
864691135841325283,864691135771832395,7388,
864691135436615410,864691135436615410,420,0.0
864691135478294982,864691135478294982,464,0.0
864691136925756490,864691136925756490,2324,0.0
864691135360135239,864691135360135239,448,0.0
864691135510441424,864691135510441424,564,0.0
864691136297102619,864691136297102619,492,0.0
864691135510441424,864691135510441424,296,0.0
864691135394616306,864691135478294982,7880,
864691135771832395,864691135771832395,872,
864691136194309964,864691136194309964,944,
864691137196878913,864691136288747492,9048,
864691135746802824,864691135753646029,920,
864691136236744719,864691136236744719,524,
864691136108748216,864691136723446269,12028,-4.0
864691135510441424,864691135510441424,260,0.0
864691136309685850,864691136309685850,604,0.0
864691135490940135,864691136662432990,984,
864691135340956101,864691136662432990,1884,
864691135474756672,864691135474756672,1776,0.0
864691135589938443,864691136236744719,5092,
864691136388264567,864691136388264567,1816,0.0
864691136388264567,864691136388264567,1364,0.0
864691137196878913,864691136288747492,2396,
864691136723545597,864691136723545597,180,
864691135122603047,864691135771832395,1836,
864691135575092932,864691135575092932,296,0.0
864691135809426636,864691135377304818,7484,
864691135771699787,864691135771699787,212,0.0
864691135866367254,864691135866367254,468,0.0
864691136681897582,864691136681897582,652,0.0
864691135737076100,864691134939982691,328,
864691135728905153,864691135728905153,1060,
864691136925756490,864691136925756490,368,0.0
864691134917404682,864691135404011502,12368,
864691136297086491,864691135454079850,7824,
864691135491529311,864691136662432990,268,
864691135491529311,864691136662432990,268,
864691135490940135,864691136662432990,9120,
864691135207727993,864691135581548397,4864,-1.0
864691136740782428,864691136740782428,212,
864691135771699787,864691135771699787,540,0.0
864691136911667441,864691136911667441,712,0.0
864691135866373398,864691136662432990,2488,
864691135474756672,864691135474756672,1028,0.0
864691135155894884,864691136662432990,8952,
864691135132763808,864691137196878913,1752,
864691135454079850,864691135454079850,184,0.0
864691135771832395,864691135771832395,4556,
864691135799751266,864691135799751266,472,
864691135122603047,864691136740782428,8364,
864691135909751977,864691135909751977,1216,0.0
864691135122603047,864691136662432990,4860,
864691136329280234,864691136329280234,25624,0.0
864691136740782428,864691136740782428,6324,
864691135385261653,864691137196878913,2876,
864691136723545597,864691136723545597,1468,
864691135875967571,864691135875967571,368,0.0
864691135771832395,864691135771832395,672,
864691136662432990,864691136662432990,176,
864691136236744719,864691136236744719,332,
864691136723371261,864691135491207007,3412,
864691135583710328,864691135583710328,992,
864691136925756490,864691136925756490,2632,0.0
864691135081703927,864691135081703927,288,
864691135583710328,864691135583710328,2644,
864691135754054861,864691137196878913,4820,
864691135081703927,864691135081703927,2916,
864691135945468452,864691135945468452,220,0.0
864691136662432990,864691136662432990,292,
864691135581548397,864691135581548397,180,0.0
864691135771832395,864691135474756672,5812,
864691135081703927,864691135081703927,9268,
864691135502052533,864691135502052533,508,0.0
864691135367487481,864691136662432990,4952,
864691136090926004,864691135334607849,516,
864691135584185720,864691136288747492,3232,5.0
864691136672690567,864691136672690567,1004,0.0
864691135454079850,864691135454079850,264,0.0
864691136812237171,864691135440776776,2720,-1.0
864691135491207007,864691135491207007,276,0.0
864691135589938443,864691136236744719,2644,
864691135478294982,864691135478294982,320,0.0
864691135404011502,864691135404011502,372,0.0
864691135737076100,864691134939982691,2288,
864691136288747492,864691136288747492,760,0.0
864691135771832395,864691136662432990,3456,
864691135385185365,864691135841070051,15224,
864691135771832395,864691136681897582,2312,
864691135467581836,864691135467581836,784,
864691135334607849,864691135334607849,336,
864691135118023901,864691135440776776,640,
864691135467581836,864691135467581836,3056,
864691135510441424,864691135510441424,164,0.0
864691135776615520,864691135776615520,420,
864691135909751977,864691135909751977,272,0.0
864691136951611871,864691136951611871,296,0.0
864691135474756672,864691135474756672,292,0.0
864691136662432990,864691136662432990,200,
864691135875967571,864691135875967571,624,0.0
864691137196878913,864691137196878913,180,
864691135436615410,864691135436615410,476,0.0
864691135440776776,864691135440776776,248,0.0
864691135396580129,864691135454079850,2716,
864691136288747492,864691136288747492,1560,0.0
864691136681897582,864691136681897582,288,0.0
864691135081703927,864691135081703927,564,
864691135583710328,864691135583710328,2932,
864691135951958819,864691135482096080,4860,
864691136662432990,864691136388264567,1576,
864691136286569667,864691136309685850,508,-2.0
864691135468040121,864691135468040121,600,
864691136236744719,864691136236744719,872,
864691135771832395,864691136662432990,5172,
864691136812234867,864691136681897582,27104,-11.0
864691136288747492,864691137196878913,3176,
864691135753932237,864691135482096080,4080,
864691136288747492,864691136288747492,164,0.0
864691135841070051,864691135841070051,188,0.0
864691135771832395,864691135771832395,168,
864691136672690567,864691136672690567,312,0.0
864691135746802824,864691136418869143,1328,
864691135440776776,864691135440776776,196,0.0
864691135771832395,864691135771832395,444,
864691136236744719,864691136236744719,184,
864691135334607849,864691135585152380,4524,
864691135581548397,864691135581548397,500,0.0
864691135740182891,864691136309685850,1480,
864691135491207007,864691135491207007,748,0.0
864691135404011502,864691135404011502,244,0.0
864691135771832395,864691136662432990,3932,
864691135737076100,864691135945468452,1056,
864691135482096080,864691135482096080,220,
864691136237473596,864691135334607849,3624,
864691135771832395,864691135585152380,564,
864691135748123528,864691136740782428,1588,
864691135404011502,864691135404011502,624,0.0
864691135474756672,864691135474756672,1416,0.0
864691135454079850,864691135454079850,292,0.0
864691136288747492,864691136288747492,1036,0.0
864691135385185365,864691136911667441,19040,
864691135502052533,864691136911667441,8016,9.0
864691135396580129,864691135474756672,1284,
864691135334607849,864691135334607849,1000,
864691136418869143,864691136418869143,424,0.0
864691136706310510,864691136706310510,728,0.0
864691135118023901,864691135440776776,700,
864691135334607849,864691135334607849,472,
864691135776550496,864691135776550496,1944,0.0
864691135771832395,864691135771832395,824,
864691135394616306,864691136309685850,1988,
864691136288747492,864691136288747492,236,0.0
864691137196878913,864691137196878913,292,
864691135753646029,864691135753646029,696,
864691135440481352,864691135440481352,2456,
864691135866367254,864691135866367254,240,0.0
864691135746802824,864691136418869143,6432,
864691135740182891,864691135377304818,4104,
864691135864756700,864691137196878913,5740,
864691135776550496,864691135776550496,252,0.0
864691135334607849,864691135334607849,1296,
864691135581548397,864691135581548397,260,0.0
864691135440481352,864691135440481352,272,
864691135122603047,864691136418869143,7088,-9.0
864691135415498682,864691135440776776,3428,
864691135467581836,864691135467581836,448,
864691135581548397,864691135581548397,380,0.0
864691135575092932,864691135575092932,272,0.0
864691136740782428,864691136740782428,1860,
864691136723317757,864691136040987478,7532,4.0
864691135404011502,864691135404011502,204,0.0
864691134939982691,864691134939982691,368,0.0
864691135771832395,864691135771832395,536,
864691136288747492,864691136288747492,500,0.0
864691137196878913,864691137196878913,364,
864691136236744719,864691136236744719,1572,
864691136273626381,864691135454079850,240,4.0
864691135132848544,864691136951611871,2872,-13.0
864691136237473596,864691135454079850,2180,-8.0
864691136297102619,864691136297102619,328,0.0
864691136329280234,864691136329280234,564,0.0
864691136418869143,864691136418869143,824,0.0
864691135467581836,864691135467581836,536,
864691135385185365,864691135937506820,4252,
864691135490940135,864691135440776776,4536,
864691135937506820,864691135937506820,492,0.0
864691136288747492,864691136288747492,196,0.0
864691137196878913,864691137196878913,172,
864691135467581836,864691135467581836,160,
864691136740782428,864691136740782428,2724,
864691136723371261,864691135491207007,832,
864691136311822141,864691135581548397,808,-2.0
864691135952235811,864691136662432990,3292,
864691136706310510,864691136706310510,7228,0.0
864691135467581836,864691135467581836,560,
864691135771832395,864691135771832395,524,
864691135683957943,864691135753646029,808,
864691135771832395,864691136329280234,10712,
864691135274403301,864691136662432990,3588,
864691135491207007,864691135491207007,352,0.0
864691136925756490,864691136925756490,212,0.0
864691136662432990,864691136662432990,192,
864691135510441424,864691135510441424,476,0.0
864691135591805251,864691135591805251,164,
864691136090926004,864691136090926004,928,0.0
864691137196878913,864691137196878913,1080,
864691135440481352,864691135440481352,552,
864691135544417832,864691135581548397,16556,3.0
864691135467581836,864691135467581836,348,
864691135440481352,864691135440481352,360,
864691135181811202,864691135181811202,420,0.0
864691136911622897,864691136297102619,6936,2.0
864691136618390413,864691135575092932,2796,7.0
864691135474756672,864691136662432990,3824,
864691135945468452,864691135945468452,312,0.0
864691135510474448,864691135510474448,3148,0.0
864691135809120849,864691135809120849,2324,
864691135440776776,864691135440776776,408,0.0
864691135876326739,864691135624737091,1572,
864691135753646029,864691135753646029,980,
864691135440776776,864691135440776776,10356,0.0
864691135467581836,864691135467581836,400,
864691135746802824,864691136418869143,6008,
864691135771832395,864691135474756672,8280,
864691136388264567,864691136388264567,176,0.0
864691136418869143,864691136418869143,800,0.0
864691135122603047,864691136662432990,6104,
864691136706310510,864691136706310510,2420,0.0
864691135875967571,864691135875967571,696,0.0
864691135771832395,864691135771832395,1440,
864691135771832395,864691136662432990,4172,
864691135396580129,864691135474756672,2956,
864691135394616306,864691135334607849,164,
864691135155894884,864691136662432990,2388,
864691135502052533,864691135502052533,1276,0.0
864691135841070051,864691135841070051,1452,0.0
864691135728905153,864691135728905153,4980,
864691135570701037,864691135570701037,640,0.0
864691136004947658,864691135502052533,676,-2.0
864691135081703927,864691135440776776,8456,
864691135081703927,864691135440776776,3376,
864691136911667441,864691136911667441,172,0.0
864691135502052533,864691135502052533,352,0.0
864691135841070051,864691135841070051,448,0.0
864691135440776776,864691135440776776,572,0.0
864691136925756490,864691136925756490,460,0.0
864691135440481352,864691135440481352,3268,
864691135875967571,864691135875967571,272,0.0
864691135771832395,864691135432520178,2568,
864691137196878913,864691137196878913,1104,
864691135334607849,864691135334607849,1048,
864691135855890478,864691136662432990,5260,
864691135118023901,864691135081703927,6176,
864691134939982691,864691134939982691,1024,0.0
864691136288747492,864691136288747492,356,0.0
864691135474756672,864691135474756672,172,0.0
864691135491207007,864691135491207007,204,0.0
864691135491207007,864691135491207007,668,0.0
864691135771832395,864691135474756672,7328,
864691134917404682,864691136911667441,23516,
864691135334607849,864691135585152380,2364,
864691135753646029,864691135753646029,232,
864691136090926004,864691136090926004,196,0.0
864691135502052533,864691135502052533,228,0.0
864691135440481352,864691135440481352,220,
864691135771832395,864691135771832395,1468,
864691135454079850,864691135454079850,172,0.0
864691135875967571,864691135875967571,196,0.0
864691134939982691,864691134939982691,192,0.0
864691135771832395,864691135771832395,3188,
864691136194309964,864691136194309964,172,
864691135771832395,864691135771832395,500,
864691136329280234,864691136329280234,228,0.0
864691135360135239,864691135360135239,1168,0.0
864691136423071791,864691135334607849,6852,
864691135737076100,864691134939982691,4164,
864691135396580129,864691135454079850,2800,
864691136662432990,864691136662432990,1760,
864691135474756672,864691135474756672,520,0.0
864691137196878913,864691137196878913,864,
864691135181766146,864691136329280234,412,-11.0
864691136706310510,864691136706310510,188,0.0
864691136023889209,864691135771832395,8840,
864691135771832395,864691135474756672,12192,
864691135771832395,864691135575092932,1008,
864691135081703927,864691135081703927,1616,
864691135585436284,864691135360135239,3336,3.0
864691136812237171,864691135081703927,4752,
864691137196878913,864691137196878913,376,
864691135782702387,864691136297102619,10560,-2.0
864691135753646029,864691135753646029,488,
864691135799751266,864691135799751266,212,
864691136662432990,864691136662432990,340,
864691135771832395,864691135771832395,256,
864691135771699787,864691135771699787,420,0.0
864691136090926004,864691136090926004,308,0.0
864691135866367254,864691135866367254,596,0.0
864691136040987478,864691136040987478,228,0.0
864691136662432990,864691136662432990,384,
864691136662432990,864691135771832395,8748,
864691135855554862,864691135855554862,648,0.0
864691136236744719,864691136236744719,184,
864691135440481352,864691135440481352,948,
864691135440776776,864691135440776776,224,0.0
864691136237451836,864691135575092932,6560,6.0
864691136951611871,864691136951611871,976,0.0
864691135782690611,864691135624737091,2140,
864691135746802824,864691135478294982,2724,
864691137196878913,864691137196878913,188,
864691136740782428,864691136740782428,788,
864691135132763808,864691137196878913,3940,
864691135909751977,864691135909751977,460,0.0
864691135432520178,864691135432520178,376,0.0
864691135589938443,864691136236744719,4116,
864691135081648887,864691135937506820,760,-4.0
864691137196878913,864691136681897582,2820,
864691135589938443,864691136236744719,4224,
864691135875967571,864691135875967571,808,0.0
864691135468040121,864691135468040121,536,
864691136194309964,864691136194309964,384,
864691136418869143,864691136418869143,484,0.0
864691135404011502,864691135404011502,192,0.0
864691135360135239,864691135360135239,168,0.0
864691136662432990,864691136662432990,188,
864691137196878913,864691137196878913,288,
864691135491207007,864691135491207007,1744,0.0
864691135776550496,864691135776550496,340,0.0
864691135746802824,864691135776550496,2704,
864691135740182891,864691135432520178,1764,
864691135526065755,864691135510474448,220,-10.0
864691135585130108,864691135776550496,6588,-1.0
864691135334607849,864691135334607849,212,
864691135377304818,864691135377304818,188,0.0
864691135994524842,864691136662432990,848,
864691135724597419,864691135478294982,5540,
864691135396580129,864691136662432990,7592,
864691136662432990,864691136662432990,432,
864691135865543045,864691135334607849,3140,
864691136288747492,864691136288747492,260,0.0
864691135490591463,864691135581548397,5748,
864691135683929783,864691135478294982,15672,
864691135081703927,864691135081703927,4092,
864691135440481352,864691135440481352,1888,
864691136288747492,864691136288747492,636,0.0
864691136288747492,864691136288747492,380,0.0
864691135753932237,864691136329280234,2384,3.0
864691136418869143,864691136418869143,252,0.0
864691136925756490,864691136925756490,196,0.0
864691135396580129,864691136662432990,2584,
864691136108748216,864691136723446269,14472,-4.0
864691135394616306,864691136662432990,3692,
864691135809120849,864691135809120849,160,
864691136040987478,864691136040987478,272,0.0
864691135575092932,864691135575092932,540,0.0
864691136662432990,864691136662432990,208,
864691135181811202,864691135181811202,784,0.0
864691135564950103,864691137196878913,8376,
864691136662432990,864691135771832395,1368,
864691135776615520,864691135776615520,1088,
864691135591805251,864691135591805251,712,
864691135360135239,864691135360135239,280,0.0
864691135771832395,864691135771832395,392,
864691135771832395,864691135771832395,416,
864691136706310510,864691136706310510,360,0.0
864691135396580129,864691135855554862,2204,
864691135510441424,864691135510441424,256,0.0
864691135841070051,864691135841070051,292,0.0
864691136236744719,864691136236744719,168,
864691135394616306,864691135510441424,900,
864691136004947658,864691135585152380,21024,4.0
864691135771832395,864691135432520178,340,
864691135432520178,864691135432520178,376,0.0
864691136040987478,864691136040987478,1368,0.0
864691136309999450,864691135945468452,5872,0.0
864691135510441424,864691135510441424,308,0.0
864691135081703927,864691135081703927,232,
864691135866367254,864691135866367254,168,0.0
864691136008583086,864691135771832395,1920,
864691137196878913,864691137196878913,704,
864691135385261653,864691137196878913,7668,
864691136329280234,864691136329280234,1336,0.0
864691135467581836,864691135467581836,596,
864691137053750646,864691135474756672,3304,-13.0
864691136090926004,864691136090926004,892,0.0
864691136951611871,864691136951611871,240,0.0
864691135771832395,864691135771832395,364,
864691135181811202,864691135181811202,2440,0.0
864691135502052533,864691135502052533,536,0.0
864691135490940135,864691135474756672,4248,
864691135404011502,864691135404011502,220,0.0
864691135841070051,864691135841070051,216,0.0
864691137196878913,864691137196878913,2788,
864691137196878913,864691137196878913,168,
864691135581548397,864691135581548397,200,0.0
864691136662432990,864691136662432990,488,
864691135340956101,864691136662432990,9080,
864691136662432990,864691135771832395,1564,
864691136662432990,864691136662432990,856,
864691135467581836,864691135467581836,2336,
864691135575092932,864691135575092932,372,0.0
864691135724597419,864691135478294982,456,
864691135771832395,864691135474756672,4696,
864691135396580129,864691135771832395,5992,
864691135334607849,864691136297102619,1516,
864691135510474448,864691135510474448,532,0.0
864691135945952036,864691135771832395,13444,
864691135404011502,864691135404011502,324,0.0
864691135771832395,864691136662432990,6136,
864691135396580129,864691135454079850,1944,
864691135591805251,864691135591805251,332,
864691136662432990,864691136662432990,8848,
864691135478294982,864691135753646029,4264,
864691136662432990,864691136662432990,276,
864691135866851350,864691135454079850,14904,6.0
864691135415498682,864691135440776776,1332,
864691136311794237,864691136706310510,3184,
864691135866367254,864691135866367254,256,0.0
864691135474756672,864691135474756672,256,0.0
864691135737076100,864691134939982691,332,
864691136329280234,864691136329280234,304,0.0
864691135771832395,864691136662432990,2380,
864691136740782428,864691136740782428,2060,
864691135753646029,864691135753646029,224,
864691135334607849,864691136706310510,2752,
864691135440776776,864691135440776776,5156,0.0
864691135570701037,864691135570701037,212,0.0
864691135467581836,864691135467581836,272,
864691135581548397,864691135581548397,236,0.0
864691135360135239,864691135360135239,292,0.0
864691135589938443,864691136236744719,10480,
864691135570701037,864691135570701037,2296,0.0
864691136662432990,864691136662432990,348,
864691135436615410,864691135436615410,2628,0.0
864691136309685850,864691136309685850,392,0.0
864691135624737091,864691135624737091,472,
864691135865500805,864691135771832395,400,
864691136681897582,864691136681897582,1168,0.0
864691135440481352,864691135440481352,5856,
864691135436615410,864691135436615410,2372,0.0
864691135334607849,864691135334607849,432,
864691135436615410,864691135436615410,336,0.0
864691135394616306,864691135478294982,4332,
864691136309685850,864691136309685850,1884,0.0
864691136418869143,864691136418869143,300,0.0
864691136288747492,864691136288747492,312,0.0
864691136418869143,864691135334607849,5752,
864691136309685850,864691136309685850,160,0.0
864691136681897582,864691136681897582,164,0.0
864691136662432990,864691136662432990,4580,
864691135737076100,864691136723446269,7668,
864691135181811202,864691135181811202,2660,0.0
864691135394616306,864691135454079850,5152,
864691135728905153,864691135728905153,1112,
864691135155894884,864691136662432990,10156,
864691135776550496,864691135776550496,400,0.0
864691135491207007,864691135491207007,360,0.0
864691135432520178,864691135432520178,772,0.0
864691135213001528,864691135771832395,2372,
864691135937185284,864691135937506820,308,2.0
864691135454079850,864691135454079850,240,0.0
864691135474756672,864691135474756672,340,0.0
864691137196878913,864691137196878913,1596,
864691135776615520,864691135776615520,168,
864691136925756490,864691136925756490,308,0.0
864691135334607849,864691135478294982,7016,
864691136681897582,864691136681897582,280,0.0
864691135385695573,864691135624737091,3300,
864691135737076100,864691136723446269,5424,
864691134917404682,864691136418869143,1528,
864691135593526059,864691135753646029,5268,
864691135737076100,864691135945468452,1456,
864691136388264567,864691136388264567,324,0.0
864691135771832395,864691135771832395,204,
864691135771832395,864691135771832395,320,
864691136723545597,864691136723545597,296,
864691135875967571,864691135875967571,252,0.0
864691135404011502,864691135404011502,240,0.0
864691137196878913,864691137196878913,160,
864691135799751266,864691135799751266,276,
864691135394616306,864691136418869143,8132,
864691135771832395,864691135771832395,3424,
864691135866367254,864691135866367254,480,0.0
864691135394616306,864691135334607849,6804,
864691136090926004,864691136090926004,336,0.0
864691135334607849,864691135334607849,336,
864691135516139731,864691136297102619,1524,6.0
864691135404011502,864691135404011502,1132,0.0
864691135334607849,864691135334607849,204,
864691136378815445,864691136662432990,3352,
864691135855554862,864691135855554862,724,0.0
864691135122603047,864691135771832395,3040,
864691136662432990,864691136662432990,340,
864691135377304818,864691135377304818,416,0.0
864691135181811202,864691135181811202,3160,0.0
864691136390418815,864691135937506820,2364,1.0
864691135334607849,864691135334607849,192,
864691135491207007,864691135491207007,968,0.0
864691135571541285,864691135937506820,14544,-9.0
864691135501833821,864691135334607849,3496,
864691136672640647,864691135334607849,6832,
864691136925756490,864691136925756490,512,0.0
864691136209328060,864691135771832395,3924,
864691135776615520,864691135776615520,964,
864691135482096080,864691135482096080,420,
864691136740782428,864691136740782428,2424,
864691135946996577,864691135334607849,4124,
864691135753646029,864691135753646029,204,
864691135771832395,864691135771832395,972,
864691136288747492,864691136288747492,248,0.0
864691135909751977,864691135909751977,236,0.0
864691136297102619,864691136297102619,324,0.0
864691135591805251,864691135591805251,844,
864691136521599889,864691136723545597,908,
864691135415498682,864691135440776776,3940,
864691137196878913,864691137196878913,208,
864691135478294982,864691135478294982,160,0.0
864691135624737091,864691135624737091,444,
864691135809759436,864691135771832395,376,
864691135122603047,864691135771832395,5396,
864691136681897582,864691136681897582,204,0.0
864691135776615520,864691135776615520,3720,
864691136951611871,864691136951611871,952,0.0
864691135482096080,864691135482096080,2724,
864691135377304818,864691135377304818,160,0.0
864691135746802824,864691136418869143,1900,
864691136662432990,864691136662432990,424,
864691135468040121,864691135468040121,568,
864691136740782428,864691136740782428,600,
864691135909751977,864691135909751977,376,0.0
864691136065739416,864691136662432990,3284,
864691136662432990,864691136662432990,444,
864691135467581836,864691135467581836,184,
864691135491207007,864691135491207007,372,0.0
864691136951611871,864691136951611871,528,0.0
864691135771832395,864691135771832395,180,
864691135440776776,864691135440776776,228,0.0
864691136288747492,864691136288747492,784,0.0
864691136662432990,864691136662432990,304,
864691135909751977,864691135909751977,756,0.0
864691134964449311,864691135866367254,2216,-11.0
864691135334607849,864691135334607849,784,
864691136329280234,864691136329280234,256,0.0
864691136672690567,864691136672690567,176,0.0
864691137196878913,864691137196878913,744,
864691135396580129,864691135454079850,4616,
864691135490940135,864691135474756672,6556,
864691135581548397,864691135581548397,256,0.0
864691136723545597,864691136723545597,376,
864691136723446269,864691136723446269,748,0.0
864691136681897582,864691136681897582,580,0.0
864691135396580129,864691136662432990,2852,
864691136681897582,864691136681897582,324,0.0
864691136662432990,864691136662432990,1436,
864691135909751977,864691135909751977,976,0.0
864691135491207007,864691135491207007,948,0.0
864691136911646705,864691136090926004,2812,-2.0
864691135360135239,864691135360135239,1132,0.0
864691135583710328,864691135583710328,2868,
864691135683929783,864691135454079850,628,
864691135334607849,864691135334607849,472,
864691135624737091,864691135624737091,1376,
864691135807311389,864691135776615520,1644,
864691135334607849,864691136297102619,1808,
864691135771832395,864691135771832395,300,
864691135771699787,864691135771699787,904,0.0
864691135771699787,864691135771699787,172,0.0
864691136911667441,864691136911667441,1736,0.0
864691135377304818,864691135377304818,248,0.0
864691135210435520,864691135753646029,1256,
864691135939423489,864691135771832395,2512,
864691135583710328,864691135583710328,204,
864691135771832395,864691135771832395,1392,
864691135334607849,864691135334607849,436,
864691135771832395,864691135771832395,1756,
864691135782690611,864691135624737091,9168,
864691135404011502,864691135404011502,1944,0.0
864691136662432990,864691136662432990,8956,
864691135952235811,864691135909751977,2932,-12.0
864691135334607849,864691135334607849,1552,
864691135394616306,864691135510441424,17996,
864691135952235811,864691135181811202,10412,-12.0
864691136194515020,864691135866367254,16108,4.0
864691136236744719,864691136236744719,176,
864691135754054861,864691135909751977,2392,-5.0
864691134917404682,864691136418869143,6740,
864691135334607849,864691134939982691,3588,
864691135771832395,864691135771832395,196,
864691136723545597,864691136723545597,896,
864691135575092932,864691135575092932,772,0.0
864691136388264567,864691136388264567,324,0.0
864691135771832395,864691135771832395,176,
864691135748123528,864691136740782428,9576,
864691135864051838,864691137196878913,2648,
864691136329280234,864691136329280234,176,0.0
864691137196878913,864691137196878913,4280,
864691135771832395,864691135575092932,9240,
864691135771832395,864691135771832395,228,
864691135334607849,864691135334607849,268,
864691136662432990,864691136662432990,948,
864691135753646029,864691135753646029,2216,
864691135753646029,864691135753646029,460,
864691135081703927,864691135081703927,1748,
864691135436615410,864691135436615410,240,0.0
864691135334607849,864691135334607849,3448,
864691135468040121,864691135468040121,184,
864691135583710328,864691135583710328,256,
864691135334607849,864691135334607849,176,
864691135728905153,864691135728905153,188,
864691135776550496,864691135776550496,496,0.0
864691135468040121,864691135468040121,1408,
864691135589938443,864691136236744719,8032,
864691135771832395,864691135771832395,1224,
864691136236744719,864691136236744719,684,
864691135866410006,864691135081703927,5048,
864691137196878913,864691137196878913,264,
864691135585152380,864691135585152380,328,0.0
864691135440776776,864691135440776776,188,0.0
864691135937506820,864691135937506820,1096,0.0
864691135467581836,864691135467581836,792,
864691135210073024,864691136951611871,13232,-4.0
864691135454079850,864691135454079850,208,0.0
864691135945468452,864691135945468452,544,0.0
864691135771832395,864691135771832395,232,
864691135771832395,864691135771832395,192,
864691135771832395,864691135771832395,812,
864691137196878913,864691137196878913,3796,
864691135122603047,864691135771832395,3988,
864691136925715786,864691136329280234,6792,0.0
864691136740782428,864691136740782428,556,
864691135753646029,864691135753646029,348,
864691136418869143,864691136418869143,1520,0.0
864691135181811202,864691135181811202,428,0.0
864691136309685850,864691136309685850,2344,0.0
864691135771832395,864691135771832395,2416,
864691135771832395,864691135771832395,252,
864691135799751266,864691135799751266,4848,
864691136662432990,864691136662432990,740,
864691136706310510,864691136706310510,452,0.0
864691136288747492,864691136288747492,320,0.0
864691134939982691,864691134939982691,164,0.0
864691135544411432,864691136740782428,2464,
864691135440776776,864691135440776776,5064,0.0
864691135454079850,864691135454079850,160,0.0
864691135502052533,864691135502052533,464,0.0
864691135468040121,864691135468040121,3028,
864691136388264567,864691136388264567,192,0.0
864691135771832395,864691135771832395,728,
864691136329280234,864691136329280234,1396,0.0
864691135323244700,864691136418869143,4632,-8.0
864691137196878913,864691137196878913,160,
864691136090926004,864691136090926004,228,0.0
864691136040987478,864691136040987478,208,0.0
864691135468040121,864691135468040121,192,
864691135122603047,864691136662432990,3280,
864691135583710328,864691135583710328,596,
864691135841325283,864691135771832395,3612,
864691135585304131,864691136329280234,28084,0.0
864691135855890478,864691135440776776,2604,13.0
864691135771832395,864691135771832395,336,
864691135809456588,864691136388264567,7736,0.0
864691136040988758,864691136040988758,292,0.0
864691135394616306,864691136309685850,812,
864691135776550496,864691135776550496,2764,0.0
864691135771832395,864691135771832395,704,
864691135748123528,864691136740782428,860,
864691136288747492,864691136288747492,1736,0.0
864691135855890478,864691136662432990,3008,
864691135771832395,864691135474756672,13648,
864691136329280234,864691136329280234,164,0.0
864691135952235811,864691135799751266,7716,
864691135748123528,864691136740782428,364,
864691136740782428,864691136740782428,168,
864691136907500142,864691135334607849,3704,
864691135359120984,864691136090926004,7996,1.0
864691135132763808,864691136288747492,2692,
864691135440776776,864691135440776776,380,0.0
864691135753646029,864691135753646029,200,
864691137196878913,864691137196878913,248,
864691135491207007,864691135491207007,188,0.0
864691135476110504,864691136681897582,6880,-3.0
864691135575092932,864691135575092932,1484,0.0
864691136236744719,864691136236744719,488,
864691135440776776,864691135440776776,188,0.0
864691135491207007,864691135491207007,184,0.0
864691135771832395,864691135771832395,180,
864691136911667441,864691136911667441,164,0.0
864691135404011502,864691135404011502,928,0.0
864691135478294982,864691135478294982,352,0.0
864691135491207007,864691135491207007,1004,0.0
864691135432520178,864691135432520178,460,0.0
864691135544411432,864691135377304818,388,
864691136311934269,864691136681897582,13424,-5.0
864691135081703927,864691135081703927,4180,
864691135490940135,864691136662432990,3336,
864691135748123528,864691135502052533,4192,
864691136309685850,864691136309685850,276,0.0
864691135799751266,864691135799751266,372,
864691135490940135,864691135474756672,5288,
864691136925756490,864691136925756490,592,0.0
864691135544417832,864691135581548397,16816,3.0
864691135081703927,864691135081703927,312,
864691136236744719,864691136236744719,328,
864691135468040121,864691135468040121,296,
864691136286569667,864691135454079850,2380,-9.0
864691136329280234,864691136329280234,588,0.0
864691135809426636,864691135432520178,1948,
864691135385184341,864691137196878913,4536,
864691135730105529,864691137196878913,4148,
864691135771832395,864691135771832395,172,
864691135394616306,864691135771832395,5212,
864691135360135239,864691135360135239,276,0.0
864691135771832395,864691135771832395,160,
864691136662432990,864691136662432990,3340,
864691135155894884,864691136662432990,4456,
864691135436615410,864691135436615410,3832,0.0
864691135771832395,864691135771832395,472,
864691136662432990,864691136662432990,1324,
864691136040987478,864691136040987478,512,0.0
864691136662432990,864691136662432990,196,
864691135454079850,864691135454079850,660,0.0
864691135334607849,864691135478294982,1968,
864691135360135239,864691135360135239,1796,0.0
864691135771832395,864691135771832395,280,
864691136329280234,864691136329280234,852,0.0
864691135683929783,864691136329280234,28172,
864691135396383265,864691135377304818,1028,
864691136723313149,864691135581548397,8384,1.0
864691136143415348,864691135360135239,1756,-7.0
864691135866367254,864691135866367254,364,0.0
864691135583710328,864691135583710328,208,
864691135583710328,864691135583710328,436,
864691135377304818,864691135377304818,740,0.0
864691135478294982,864691135478294982,724,0.0
864691135570701037,864691135570701037,268,0.0
864691136040987478,864691136040987478,304,0.0
864691135474756672,864691135474756672,420,0.0
864691135683929783,864691135478294982,1372,
864691136662432990,864691135771832395,1456,
864691135624737091,864691135624737091,412,
864691136040988758,864691136040988758,564,0.0
864691136209328060,864691135771832395,776,
864691135334607849,864691135334607849,272,
864691135467581836,864691135467581836,252,
864691135432520178,864691135432520178,2432,0.0
864691135396580129,864691135454079850,2164,
864691135396580129,864691136662432990,4608,
864691135394616306,864691136309685850,4704,
864691135510441424,864691135510441424,1596,0.0
864691136662432990,864691136662432990,1008,
864691135436615410,864691135436615410,360,0.0
864691136662432990,864691136662432990,396,
864691135945468452,864691135945468452,544,0.0
864691136951611871,864691136951611871,3860,0.0
864691135799751266,864691135799751266,224,
864691135396580129,864691135474756672,5304,
864691135440776776,864691135440776776,9748,0.0
864691135385185365,864691135478294982,1580,
864691135574924996,864691135440776776,7100,
864691135510474448,864691135510474448,928,0.0
864691135334607849,864691135334607849,172,
864691135454079850,864691135454079850,1008,0.0
864691136672690567,864691136672690567,500,0.0
864691135589938443,864691136236744719,9064,
864691136004947658,864691136911667441,16432,7.0
864691135491207007,864691135491207007,652,0.0
864691136084466796,864691135771832395,2488,
864691135081703927,864691135081703927,400,
864691134917404682,864691136951611871,776,
864691135841070051,864691135841070051,3352,0.0
864691136662432990,864691136662432990,212,
864691135570701037,864691135570701037,532,0.0
864691135761549622,864691135591805251,3360,
864691137196878913,864691136288747492,2024,
864691136662432990,864691136662432990,324,
864691136040987478,864691136040987478,200,0.0
864691135746802824,864691136418869143,5568,
864691136706310510,864691136706310510,760,0.0
864691136662432990,864691136662432990,184,
864691136601960657,864691135624737091,1940,
864691135478294982,864691135478294982,628,0.0
864691135570701037,864691135570701037,224,0.0
864691135875967571,864691135875967571,400,0.0
864691135724609707,864691136309685850,644,11.0
864691135358827352,864691135358827352,1588,0.0
864691135873874830,864691135873874830,328,
864691136682621814,864691136682621814,212,0.0
864691136123695953,864691136123695953,280,0.0
864691136486800146,864691136486800146,364,0.0
864691136273626381,864691135988496896,1864,1.0
864691136090926004,864691136008452268,32636,1.0
864691135393855730,864691135393855730,392,
864691135490940135,864691135374063689,3460,
864691136329250282,864691136329250282,2776,0.0
864691135638991931,864691135638991931,324,0.0
864691135662881220,864691135662881220,400,0.0
864691135501563458,864691135501563458,468,0.0
864691135155894884,864691135155894884,248,0.0
864691136662432990,864691135407584713,468,
864691135683929783,864691136194016726,5032,
864691135683929783,864691136194016726,8188,
864691135883866992,864691135883866992,576,0.0
864691135748123528,864691136309851994,4704,
864691135393855730,864691135393855730,292,
864691136594526114,864691135638991931,3984,-1.0
864691135777503933,864691135777503933,3520,0.0
864691136486800146,864691136486800146,604,0.0
864691135570701037,864691135501563458,18312,7.0
864691135771832395,864691135407584713,1660,
864691135359120984,864691135359120984,796,0.0
864691136175353606,864691136361789410,212,0.0
864691135776615520,864691136194081494,1120,
864691135274403301,864691135994524842,4168,-7.0
864691135081703927,864691136333739187,3064,
864691135994766250,864691135374063689,2400,6.0
864691136032109704,864691136032109704,308,0.0
864691134917404682,864691136008452268,356,
864691135359120984,864691135359120984,460,0.0
864691136339508119,864691136339508119,260,0.0
864691135394616306,864691135358827352,1044,
864691135952235811,864691136723548413,18068,-8.0
864691136123687462,864691135644661231,12596,-12.0
864691135771832395,864691135994524842,2196,
864691135658229122,864691136194016726,7080,-1.0
864691136309851994,864691136309851994,3216,0.0
864691135570703341,864691135570703341,472,
864691135207765369,864691135207765369,168,0.0
864691135155894884,864691135155894884,700,0.0
864691135662881220,864691135662881220,600,0.0
864691135939277825,864691135939277825,472,0.0
864691136486800146,864691136486800146,340,0.0
864691137053750646,864691137053750646,9220,0.0
864691135771832395,864691135988496896,7068,
864691135939277825,864691135939277825,2416,0.0
864691135502070197,864691135293060620,1664,-1.0
864691136339508119,864691136339508119,2008,0.0
864691135771832395,864691135374063689,4280,
864691135615759977,864691135615759977,436,
864691135884063856,864691135884063856,5532,0.0
864691136389008656,864691135155894884,6160,-1.0
864691135396580129,864691135374063689,3512,
864691135155894884,864691135155894884,232,0.0
864691136907500142,864691135374063689,3588,2.0
864691136008583086,864691136008583086,756,
864691136662432990,864691135155894884,16644,
864691135081703927,864691137053750646,4996,
864691135951958819,864691135951958819,3868,0.0
864691136266762740,864691136266762740,244,0.0
864691136041056086,864691136041056086,236,0.0
864691136041056086,864691136041056086,872,0.0
864691135761545270,864691135761545270,344,0.0
864691135293060620,864691135293060620,472,0.0
864691135272154385,864691135272154385,8880,
864691135855890478,864691136194081494,2140,8.0
864691135615794025,864691135615794025,336,
864691135939277825,864691135939277825,652,0.0
864691136422819887,864691135155566692,5176,
864691135407584713,864691135407584713,2248,0.0
864691135585304131,864691135374063689,2528,3.0
864691136065272472,864691136065272472,400,0.0
864691136389008656,864691135155894884,1532,-1.0
864691136682621814,864691136682621814,316,0.0
864691136329250282,864691136329250282,200,0.0
864691135866369046,864691135866369046,476,0.0
864691136310044506,864691135415481018,22436,0.0
864691135739590804,864691135739590804,532,0.0
864691135367010809,864691136194016726,9264,-9.0
864691135194429482,864691135194429482,796,0.0
864691135761545270,864691135761545270,888,0.0
864691136361789410,864691136361789410,356,0.0
864691135334607849,864691136329250282,7488,
864691135662881220,864691135662881220,372,0.0
864691135396580129,864691135374063689,748,
864691136088929847,864691136088929847,404,0.0
864691135394616306,864691135771965691,4760,
864691135762036278,864691135762036278,332,
864691136324728215,864691136324728215,808,
864691136783382638,864691136783382638,852,
864691135883866992,864691135883866992,296,0.0
864691135155566692,864691135155566692,1940,
864691135615794025,864691135615794025,364,
864691135579824068,864691136333739187,2744,0.0
864691135272154385,864691135272154385,424,
864691135994524842,864691135994524842,492,0.0
864691134917404682,864691136008452268,6144,
864691134939986275,864691134939986275,204,0.0
864691135739595412,864691135415481018,14784,
864691135394616306,864691135771965691,928,
864691136617105883,864691135393855730,5912,
864691135748123528,864691135415481018,732,
864691135393855730,864691135393855730,1048,
864691135866369046,864691135866369046,600,0.0
864691135415481018,864691135415481018,204,0.0
864691135359120984,864691135359120984,748,0.0
864691135776615520,864691136194081494,1220,
864691135385184341,864691136123695953,4028,
864691135345129887,864691135345129887,6712,
864691135081988855,864691135386778241,2872,
864691136723548413,864691136723548413,164,0.0
864691137053750646,864691137053750646,6308,0.0
864691135493208772,864691135493208772,180,
864691135122603047,864691136813003492,236,-8.0
864691135762036278,864691135762036278,204,
864691135575132958,864691136041056086,956,-4.0
864691135884063856,864691135884063856,7792,0.0
864691135761549622,864691136032109704,2344,-3.0
864691135446481775,864691135446481775,464,0.0
864691136329250282,864691136329250282,4640,0.0
864691135490940135,864691135155894884,5872,
864691135662881220,864691135662881220,160,0.0
864691135570703341,864691135570703341,520,
864691136008452268,864691136008452268,172,0.0
864691135771832395,864691135293060620,8544,
864691135994524842,864691135994524842,604,0.0
864691135662881220,864691135662881220,192,0.0
864691136266762740,864691136266762740,788,0.0
864691135939277825,864691135939277825,324,0.0
864691135809426636,864691135988496896,3544,
864691135644661231,864691135644661231,1272,0.0
864691136783382638,864691136783382638,400,
864691135761545270,864691135761545270,9948,0.0
864691136723548413,864691136723548413,2544,0.0
864691135662881220,864691135662881220,324,0.0
864691136422819887,864691135155566692,6968,
864691135386778241,864691135386778241,5948,
864691136309851994,864691136309851994,532,0.0
864691135615759977,864691135615759977,336,
864691136194081494,864691136194081494,1556,0.0
864691135883866992,864691135883866992,468,0.0
864691135415481018,864691135415481018,720,0.0
864691135884063856,864691135884063856,836,0.0
864691136422819887,864691135155566692,3544,
864691135359120984,864691135359120984,540,0.0
864691135988496896,864691135988496896,532,0.0
864691135393855730,864691135393855730,384,
864691136329250282,864691136329250282,572,0.0
864691136041056086,864691136041056086,172,0.0
864691135373539016,864691135373539016,300,0.0
864691135589938443,864691135589938443,360,
864691135272154385,864691135272154385,460,
864691135615759977,864691135615759977,788,
864691135994524842,864691135994524842,592,0.0
864691135660513264,864691135749453448,11760,-5.0
864691136088929847,864691136088929847,320,0.0
864691136723548413,864691136723548413,984,0.0
864691135777503933,864691135777503933,13584,0.0
864691135662881220,864691135662881220,244,0.0
864691136041056086,864691136041056086,324,0.0
864691135393855730,864691135393855730,384,
864691135490940135,864691135155894884,1120,
864691135415481018,864691135415481018,1076,0.0
864691135866369046,864691135866369046,716,0.0
864691135155894884,864691135155894884,528,0.0
864691136032109704,864691136032109704,232,0.0
864691135373539016,864691135373539016,264,0.0
864691135952235811,864691136088929847,5364,-5.0
864691137053750646,864691137053750646,2116,0.0
864691134917606154,864691134917606154,384,0.0
864691135385185365,864691135359120984,12332,
864691135777503933,864691135777503933,8096,0.0
864691136389008656,864691135155894884,4164,-1.0
864691136662207198,864691136662207198,660,0.0
864691134917606154,864691134917606154,732,0.0
864691136662207198,864691136662207198,368,0.0
864691135341263557,864691135341263557,1236,0.0
864691135718487601,864691135718487601,1308,0.0
864691136329250282,864691136329250282,1188,0.0
864691135490940135,864691135374063689,1956,
864691136329250282,864691136329250282,3360,0.0
864691135994524842,864691135994524842,268,0.0
864691135501563458,864691135501563458,5032,0.0
864691136378815445,864691135994524842,24208,-5.0
864691137197332033,864691136783382638,1304,
864691134939986275,864691134939986275,800,0.0
864691135155566692,864691135155566692,248,
864691135662881220,864691135662881220,472,0.0
864691134939986275,864691136309851994,448,1.0
864691135937504053,864691135493208772,4760,
864691136032109704,864691136032109704,188,0.0
864691135748123528,864691135662881220,296,
864691135951958819,864691135951958819,320,0.0
864691136090926004,864691135873874830,2524,
864691135615759977,864691135615759977,3004,
864691136008583086,864691136008583086,968,
864691136008452268,864691136008452268,256,0.0
864691134917404682,864691135873874830,2868,
864691135334607849,864691136065272472,10260,
864691135348308439,864691135348308439,272,0.0
864691135737494385,864691135737494385,308,0.0
864691135991524801,864691136723548413,4380,3.0
864691135385184341,864691135373539016,4544,
864691136577482772,864691136333739187,20588,-5.0
864691135081703927,864691137053750646,4032,
864691136662432990,864691135155894884,1224,
864691135762036278,864691135762036278,596,
864691135396580129,864691135718487601,2440,
864691135122603047,864691135994524842,6820,-14.0
864691135358827352,864691135358827352,2492,0.0
864691135662881220,864691135662881220,196,0.0
864691135373539016,864691135373539016,216,0.0
864691136723371261,864691135951958819,316,
864691135718487601,864691135718487601,168,0.0
864691135386778241,864691135386778241,328,
864691135866369046,864691136123695953,2048,-6.0
864691135341263557,864691135341263557,1272,0.0
864691135683929783,864691136194016726,5144,
864691136333739187,864691136333739187,476,0.0
864691135746802824,864691136194016726,3160,
864691137053750646,864691137053750646,260,0.0
864691135396580129,864691137053750646,7708,
864691135493208772,864691135493208772,328,
864691136090926004,864691136194016726,10708,-3.0
864691135615794025,864691135615794025,364,
864691136951622879,864691135951958819,2752,0.0
864691135884063856,864691135884063856,200,0.0
864691136333739187,864691136333739187,1580,0.0
864691135739595412,864691135415481018,7228,
864691136329250282,864691136329250282,400,0.0
864691135775793837,864691136329250282,1832,
864691135730105529,864691135866369046,24328,-5.0
864691135939277825,864691135939277825,188,0.0
864691136812192115,864691135359120984,12108,-3.0
864691135393855730,864691135393855730,296,
864691135737494385,864691135272154385,644,
864691135617798543,864691135493208772,2544,
864691135873874830,864691135873874830,180,
864691135946996577,864691135873874830,264,
864691137053750646,864691137053750646,388,0.0
864691135359120984,864691135359120984,2320,0.0
864691136123695953,864691136123695953,288,0.0
864691136266762740,864691136266762740,1324,0.0
864691136143404852,864691135373539016,3948,-3.0
864691135394616306,864691136065272472,1900,
864691135358827352,864691135358827352,888,0.0
864691135615794025,864691135615794025,4140,
864691135683929783,864691136194016726,1620,
864691135155566692,864691135155566692,2788,
864691136090926004,864691135374063689,3588,1.0
864691136088929847,864691136088929847,224,0.0
864691135615794025,864691135615794025,584,
864691136297086491,864691136008583086,284,
864691135374063689,864691135374063689,184,0.0
864691136008452268,864691136008452268,296,0.0
864691135341263557,864691135341263557,1084,0.0
864691135570703341,864691135570703341,292,
864691135615759977,864691135615759977,8080,
864691135866387734,864691135873775758,2536,
864691136662432990,864691135155894884,7236,
864691137053750646,864691137053750646,4124,0.0
864691135988496896,864691135988496896,5292,0.0
864691136272946110,864691135272154385,4572,
864691135615794025,864691135615794025,348,
864691135777503933,864691135777503933,292,0.0
864691135683929783,864691136194016726,10468,
864691136008583086,864691136008583086,4192,
864691135994550698,864691135570703341,532,
864691135385185365,864691135739590804,1772,
864691135662881220,864691135662881220,3796,0.0
864691136123695953,864691136123695953,160,0.0
864691134939986275,864691134939986275,296,0.0
864691135749453448,864691135749453448,372,0.0
864691135345129887,864691135345129887,164,
864691135155894884,864691135155894884,1244,0.0
864691134917404682,864691136008452268,6180,
864691135359120984,864691135359120984,1028,0.0
864691135662881220,864691135662881220,192,0.0
864691135724597419,864691135700268923,1868,
864691135762036278,864691135762036278,232,
864691135771965691,864691135771965691,740,
864691136662432990,864691135155894884,5384,
864691135155566692,864691135155566692,164,
864691135490940135,864691135374063689,1712,
864691135385695573,864691135385695573,232,
864691135777503933,864691135777503933,404,0.0
864691136266762740,864691136266762740,196,0.0
864691135348308439,864691135348308439,204,0.0
864691136989984149,864691136989984149,2196,
864691135293060620,864691135293060620,216,0.0
864691135341263557,864691135341263557,1704,0.0
864691135771832395,864691135994524842,12400,
864691135951958819,864691135951958819,876,0.0
864691135771965691,864691135771965691,212,
864691135272154385,864691135272154385,176,
864691135771832395,864691135884063856,3324,
864691135739590804,864691135739590804,440,0.0
864691134917404682,864691136008452268,5608,
864691135491529311,864691135994524842,1132,-2.0
864691135491529311,864691135994524842,1132,
864691135207765369,864691135207765369,1524,0.0
864691135488426298,864691137053750646,196,13.0
864691135155894884,864691135155894884,956,0.0
864691135662881220,864691135662881220,676,0.0
864691135358827352,864691135358827352,300,0.0
864691135359120984,864691135359120984,376,0.0
864691135988496896,864691135988496896,296,0.0
864691135771832395,864691135988496896,3472,
864691134939986275,864691134939986275,256,0.0
864691135374063689,864691135374063689,712,0.0
864691135994524842,864691135994524842,184,0.0
864691136008583086,864691136008583086,808,
864691136662207198,864691136662207198,184,0.0
864691136329250282,864691136329250282,620,0.0
864691137053750646,864691137053750646,3224,0.0
864691135638991931,864691135638991931,404,0.0
864691136723548413,864691136723548413,192,0.0
864691135662881220,864691135359120984,6668,4.0
864691135122307879,864691135122307879,1176,0.0
864691134917606154,864691134917606154,1776,0.0
864691134939986275,864691134939986275,564,0.0
864691136008452268,864691136008452268,224,0.0
864691135385695573,864691135385695573,272,
864691136389008656,864691135155894884,5084,-1.0
864691135809426636,864691135988496896,8524,
864691136389008656,864691135737494385,1428,2.0
864691136123695953,864691136123695953,2088,0.0
864691135415481018,864691135415481018,164,0.0
864691135615759977,864691135615759977,1292,
864691135334607849,864691136329250282,880,
864691135771832395,864691135988496896,5304,
864691135374063689,864691135374063689,184,0.0
864691136723317757,864691136723317757,424,0.0
864691135358827352,864691135358827352,1028,0.0
864691135393855730,864691135393855730,356,
864691135491529311,864691135374063689,2108,4.0
864691135491529311,864691135374063689,2108,
864691135407584713,864691135407584713,4076,0.0
864691135493208772,864691135493208772,404,
864691136339508119,864691136339508119,484,0.0
864691135323181212,864691135407584713,6976,
864691135777503933,864691135777503933,604,0.0
864691135490940135,864691135994524842,8160,
864691135544411432,864691135358827352,3416,
864691135393855730,864691135393855730,268,
864691135501563458,864691135501563458,436,0.0
864691136482918444,864691135393855730,1376,
864691135883866992,864691135883866992,18256,0.0
864691135501563458,864691135501563458,180,0.0
864691135194429482,864691135194429482,720,0.0
864691135374063689,864691135374063689,600,0.0
864691135866369046,864691135866369046,164,0.0
864691136329250282,864691136329250282,164,0.0
864691135988496896,864691135988496896,240,0.0
864691135373408456,864691135373408456,244,0.0
864691135662881220,864691135662881220,448,0.0
864691135683929783,864691136783382638,3888,
864691135385695573,864691135385695573,248,
864691136194016726,864691136194016726,888,0.0
864691135866369046,864691135866369046,264,0.0
864691135662881220,864691135662881220,260,0.0
864691136032109704,864691136032109704,196,0.0
864691135155894884,864691135393855730,12180,
864691134917606154,864691134917606154,488,0.0
864691135396580129,864691137053750646,6144,
864691136194081494,864691136194081494,1296,0.0
864691135334607849,864691136329250282,2288,
864691135718487601,864691135718487601,236,0.0
864691136594526114,864691135638991931,1540,-1.0
864691135293060620,864691135293060620,1228,0.0
864691135490940135,864691137053750646,856,
864691135345129887,864691135345129887,9060,
864691136422819887,864691135155566692,6164,
864691135155894884,864691135155894884,352,0.0
864691135272154385,864691135272154385,4584,
864691135873775758,864691135873775758,792,
864691135358827352,864691135358827352,852,0.0
864691135988496896,864691135988496896,184,0.0
864691135012884886,864691135883866992,8640,
864691136041056086,864691136041056086,260,0.0
864691135360113223,864691135883866992,856,3.0
864691135358827352,864691135358827352,1536,0.0
864691135615794025,864691135615794025,2032,
864691135771832395,864691135407584713,11352,
864691136339508119,864691136339508119,448,0.0
864691136361789410,864691136361789410,2640,0.0
864691135272154385,864691135272154385,2904,
864691135662881220,864691135662881220,192,0.0
864691135684358583,864691135272154385,7660,
864691136783382638,864691136783382638,208,
864691135345129887,864691135345129887,1348,
864691136266762740,864691136266762740,660,0.0
864691135771832395,864691136329250282,21764,
864691135122307879,864691135122307879,940,0.0
864691135771832395,864691135374063689,3024,
864691135155566692,864691135155566692,1476,
864691135393855730,864691135393855730,256,
864691136329250282,864691136329250282,432,0.0
864691135396580129,864691135407584713,3416,
864691136088929847,864691136088929847,376,0.0
864691135855890478,864691136783382638,296,
864691135638991931,864691135638991931,3540,0.0
864691135155566692,864691135155566692,172,
864691135303144615,864691135373539016,9652,
864691136594526114,864691135638991931,2596,-1.0
864691136041056086,864691136041056086,708,0.0
864691135662881220,864691135662881220,212,0.0
864691135570703341,864691135570703341,620,
864691135493208772,864691135493208772,3428,
864691135373408456,864691135373408456,1164,0.0
864691135341263557,864691135341263557,300,0.0
864691135771965691,864691135771965691,748,
864691135615794025,864691135615794025,776,
864691135323181212,864691135407584713,3216,
864691136309851994,864691136309851994,13820,0.0
864691136361789410,864691136361789410,1688,0.0
864691135864051838,864691136723548413,5744,0.0
864691135884063856,864691135884063856,3588,0.0
864691135638991931,864691135638991931,1136,0.0
864691136339508119,864691136339508119,212,0.0
864691135988496896,864691135988496896,920,0.0
864691136088929847,864691136088929847,472,0.0
864691135994550698,864691136309851994,4908,4.0
864691135994524842,864691135994524842,416,0.0
864691136329250282,864691136329250282,9356,0.0
864691136194081494,864691136194081494,5684,0.0
864691135490940135,864691135407584713,11380,
864691135373539016,864691135373539016,228,0.0
864691136041056086,864691136041056086,2612,0.0
864691135501563458,864691135501563458,280,0.0
864691136594526114,864691135638991931,2944,-1.0
864691135884063856,864691135884063856,3888,0.0
864691135544411432,864691135358827352,4240,
864691135739590804,864691135739590804,168,0.0
864691134939986275,864691134939986275,656,0.0
864691135883866992,864691135883866992,204,0.0
864691136333739187,864691136333739187,236,0.0
864691137053750646,864691137053750646,476,0.0
864691136813003492,864691136813003492,1884,0.0
864691136032109704,864691136032109704,264,0.0
864691135737494385,864691135737494385,196,0.0
864691135762036278,864691135762036278,8072,
864691135374063689,864691135374063689,708,0.0
864691136309851994,864691136309851994,300,0.0
864691135359120984,864691135359120984,1348,0.0
864691135012533494,864691135012533494,168,0.0
864691135491529311,864691135374063689,292,4.0
864691135491529311,864691135374063689,292,
864691136682621814,864691136682621814,344,0.0
864691135012533494,864691135012533494,176,0.0
864691136390418815,864691135359120984,9368,0.0
864691134917404682,864691136008452268,5064,
864691135194429482,864691135194429482,296,0.0
864691135841325283,864691135771965691,1672,
864691135700268923,864691135700268923,4992,
864691135615794025,864691135615794025,408,
864691135122307879,864691135122307879,264,0.0
864691135155894884,864691135155894884,440,0.0
864691135683929783,864691135155894884,2492,
864691135988496896,864691135988496896,188,0.0
864691135604418627,864691135359120984,1992,
864691136662432990,864691135777503933,2416,
864691135988496896,864691135988496896,252,0.0
864691135584185720,864691135951958819,5976,-4.0
864691135122307879,864691135122307879,1308,0.0
864691136339508119,864691136339508119,332,0.0
864691136662207198,864691136662207198,3360,0.0
864691135615759977,864691135615759977,764,
864691135570703341,864691135570703341,2180,
864691135748123528,864691136309851994,2724,
864691136422819887,864691135155566692,15604,
864691136194081494,864691136194081494,5216,0.0
864691136065272472,864691136065272472,240,0.0
864691135884063856,864691135884063856,264,0.0
864691135662881220,864691134939986275,3452,5.0
864691135118023901,864691135341263557,1404,
864691135293060620,864691135293060620,384,0.0
864691135194429482,864691135194429482,392,0.0
864691135012533494,864691135012533494,388,0.0
864691135777503933,864691135777503933,192,0.0
864691136031707579,864691136194016726,5980,
864691135345129887,864691135345129887,372,
864691135396580129,864691137053750646,4944,
864691134939986275,864691134939986275,408,0.0
864691135739595412,864691135415481018,5396,
864691134939986275,864691134939986275,1184,0.0
864691136088929847,864691136088929847,3408,0.0
864691135700268923,864691135700268923,320,
864691136008583086,864691136008583086,560,
864691135155894884,864691136783382638,9380,
864691135771965691,864691135771965691,3164,
864691136324728215,864691136324728215,1136,
864691135994524842,864691135994524842,700,0.0
864691136329250282,864691136329250282,36016,0.0
864691135939277825,864691135939277825,3148,0.0
864691136682621814,864691136682621814,1116,0.0
864691135662881220,864691135662881220,2216,0.0
864691135777503933,864691135777503933,5236,0.0
864691135374063689,864691135374063689,1952,0.0
864691135638991931,864691135638991931,408,0.0
864691135493208772,864691135493208772,576,
864691135407584713,864691135407584713,9492,0.0
864691136812237171,864691136783382638,6444,
864691135762036278,864691135762036278,348,
864691135012533494,864691135012533494,320,0.0
864691135155894884,864691135155894884,200,0.0
864691136361789410,864691136361789410,240,0.0
864691135155566692,864691135155566692,1008,
864691135777503933,864691135777503933,236,0.0
864691136088929847,864691136088929847,304,0.0
864691135754536914,864691135272154385,1452,
864691135407584713,864691135407584713,764,0.0
864691135341263557,864691135341263557,7616,0.0
864691135155894884,864691135155894884,192,0.0
864691136329250282,864691136329250282,9632,0.0
864691135526318171,864691136008452268,3968,1.0
864691135341263557,864691135341263557,728,0.0
864691136194515020,864691136333739187,10232,7.0
864691136333739187,864691136333739187,3456,0.0
864691135585436284,864691135393855730,2416,
864691137053750646,864691137053750646,772,0.0
864691135373539016,864691135373539016,256,0.0
864691136273614093,864691136723548413,1496,-8.0
864691136422819887,864691135155566692,5232,
864691135207765369,864691135207765369,2416,0.0
864691135272154385,864691135272154385,248,
864691136662432990,864691135407584713,2576,
864691135396580129,864691135374063689,8732,
864691136266762740,864691136266762740,2004,0.0
864691135988496896,864691135988496896,4004,0.0
864691135739590804,864691135739590804,1056,0.0
864691136324728215,864691136324728215,644,
864691135490940135,864691135374063689,1828,
864691135396580129,864691137053750646,6516,
864691135118023901,864691135341263557,2404,
864691135841325283,864691135386778241,340,
864691135432458226,864691135393855730,2304,
864691136329250282,864691136329250282,216,0.0
864691136389008656,864691135155894884,4664,-1.0
864691134939986275,864691136309851994,6616,1.0
864691135490940135,864691135155894884,3348,
864691136333739187,864691136333739187,168,0.0
864691135490940135,864691137053750646,1296,
864691135373539016,864691135373539016,320,0.0
864691135528704964,864691135493208772,3240,
864691135762036278,864691135762036278,4500,
864691135394616306,864691135644661231,356,
864691135348308439,864691135348308439,228,0.0
864691135386778241,864691135386778241,832,
864691136339508119,864691136339508119,660,0.0
864691135683929783,864691135374063689,5608,
864691135988496896,864691135988496896,204,0.0
864691135718487601,864691135718487601,4972,0.0
864691135394616306,864691135374063689,4368,
864691136662410974,864691136521599889,340,
864691136297086491,864691135374063689,1800,
864691135373539016,864691135373539016,396,0.0
864691135771832395,864691135771965691,6084,
864691135415481018,864691135415481018,1136,0.0
864691136329250282,864691136329250282,3944,0.0
864691135994524842,864691135994524842,196,0.0
864691135570703341,864691135570703341,568,
864691136041056086,864691136041056086,460,0.0
864691136662432990,864691135155894884,3236,
864691135662881220,864691135662881220,180,0.0
864691135615794025,864691135615794025,408,
864691137053750646,864691137053750646,1456,0.0
864691135501563458,864691135501563458,496,0.0
864691135683929783,864691135374063689,9924,
864691134939986275,864691134939986275,588,0.0
864691136783382638,864691136783382638,160,
864691134939986275,864691136662207198,2288,-2.0
864691136333739187,864691136333739187,216,0.0
864691135749453448,864691135749453448,588,0.0
864691135491529311,864691135374063689,280,4.0
864691135491529311,864691135374063689,280,
864691135155566692,864691135155566692,424,
864691135855890478,864691136783382638,6140,
864691136227267921,864691135638991931,2816,11.0
864691135662881220,864691135662881220,2072,0.0
864691135570703341,864691135570703341,580,
864691135490940135,864691135407584713,7376,
864691135884063856,864691135884063856,280,0.0
864691137053750646,864691137053750646,404,0.0
864691135884063856,864691135884063856,248,0.0
864691135526318171,864691135873775758,3200,
864691135386778241,864691135386778241,200,
864691135407584713,864691135407584713,224,0.0
864691135739590804,864691135739590804,396,0.0
864691136008452268,864691136008452268,460,0.0
864691134939986275,864691134939986275,508,0.0
864691135771832395,864691135407584713,4668,
864691135415481018,864691135415481018,328,0.0
864691135644661231,864691135644661231,344,0.0
864691136194016726,864691136194016726,192,0.0
864691135385695573,864691135385695573,196,
864691136041056086,864691136041056086,2344,0.0
864691135777503933,864691135777503933,3076,0.0
864691136008452268,864691136008452268,492,0.0
864691135866369046,864691135866369046,300,0.0
864691136389008656,864691135155894884,4516,-1.0
864691135394616306,864691135777503933,4964,
864691136662207198,864691136662207198,340,0.0
864691135358827352,864691135358827352,212,0.0
864691135501563458,864691135501563458,1464,0.0
864691137053750646,864691137053750646,620,0.0
864691135122307879,864691135122307879,232,0.0
864691135724597419,864691135700268923,16272,
864691135994550698,864691135359120984,12700,2.0
864691136329250282,864691136329250282,7928,0.0
864691135345129887,864691135345129887,240,
864691136662432990,864691135407584713,1956,
864691135771832395,864691135407584713,2788,
864691136309851994,864691136309851994,620,0.0
864691135939423489,864691135293060620,5568,-6.0
864691136329250282,864691136329250282,3036,0.0
864691135272154385,864691135272154385,356,
864691136227267921,864691135638991931,20236,11.0
864691135662881220,864691135662881220,236,0.0
864691136056331480,864691136989984149,4152,
864691136333739187,864691136333739187,476,0.0
864691135122603047,864691135884063856,260,-5.0
864691136783382638,864691136783382638,3872,
864691135155566692,864691135155566692,232,
864691136682621814,864691136682621814,344,0.0
864691136008470700,864691135345129887,936,
864691136723371261,864691135951958819,280,
864691137053750646,864691137053750646,664,0.0
864691135771832395,864691135994524842,7580,
864691135866970390,864691136662207198,1040,-4.0
864691135951958819,864691135951958819,160,0.0
864691135341263557,864691135341263557,196,0.0
864691135615794025,864691135615794025,396,
864691135937151748,864691135122307879,300,
864691136907500142,864691135700268923,6980,
864691136389008656,864691135737494385,956,2.0
864691135749453448,864691135749453448,240,0.0
864691135155566692,864691135155566692,224,
864691135490940135,864691137053750646,4832,
864691135638991931,864691135638991931,560,0.0
864691135122307879,864691135122307879,188,0.0
864691135683929783,864691136194016726,2672,
864691135762036278,864691135762036278,352,
864691135662881220,864691135662881220,1220,0.0
864691136041056086,864691136041056086,1464,0.0
864691136662207198,864691136662207198,1256,0.0
864691136008452268,864691136008452268,1076,0.0
864691135293060620,864691135293060620,936,0.0
864691135771965691,864691135771965691,640,
864691135724597419,864691135700268923,1204,
864691135272154385,864691135272154385,220,
864691136266762740,864691136266762740,668,0.0
864691135994524842,864691135994524842,3036,0.0
864691134917404682,864691136008452268,8220,
864691135951958819,864691135951958819,1540,0.0
864691135579824068,864691135272154385,424,
864691135615759977,864691135615759977,2724,
864691135994524842,864691135994524842,1136,0.0
864691135393855730,864691135393855730,200,
864691135501833821,864691135194429482,208,-6.0
864691135883866992,864691135883866992,260,0.0
864691136008452268,864691136008452268,204,0.0
864691135884063856,864691135884063856,6072,0.0
864691135334607849,864691135873874830,10752,
864691135118023901,864691135341263557,4688,
864691136088929847,864691136088929847,168,0.0
864691136266762740,864691136266762740,244,0.0
864691135358827352,864691135358827352,608,0.0
864691135615794025,864691135615794025,2396,
864691136723371261,864691135951958819,12644,
864691135865953157,864691135374063689,2028,0.0
864691135122307879,864691135122307879,716,0.0
864691136296737819,864691135272154385,7824,
864691135589938443,864691135589938443,2868,
864691136194081494,864691136194081494,9144,0.0
864691136209328060,864691135761545270,7520,-7.0
864691136273614093,864691136266762740,20796,-6.0
864691136662432990,864691135155894884,2864,
864691135700268923,864691135700268923,180,
864691135502070197,864691135358827352,668,2.0
864691135994524842,864691135994524842,1220,0.0
864691135951958819,864691135951958819,192,0.0
864691135866369046,864691135866369046,252,0.0
864691136333739187,864691136333739187,376,0.0
864691137053750646,864691137053750646,2052,0.0
864691135155894884,864691135155894884,1716,0.0
864691135746802824,864691136194016726,6644,
864691135884063856,864691135884063856,764,0.0
864691136194081494,864691136194081494,184,0.0
864691135724597419,864691135374063689,1992,
864691135737494385,864691135737494385,764,0.0
864691135737494385,864691135737494385,344,0.0
864691136088929847,864691136088929847,324,0.0
864691135951958819,864691135951958819,400,0.0
864691136266762740,864691136266762740,368,0.0
864691135873775758,864691135873775758,176,
864691135951958819,864691135951958819,404,0.0
864691135615794025,864691135615794025,2796,
864691135081703927,864691137053750646,15660,
864691136812237171,864691135155566692,2332,
864691136423071791,864691136329250282,4000,-12.0
864691135155894884,864691135155894884,1364,0.0
864691135012533494,864691135012533494,892,0.0
864691135415481018,864691135415481018,792,0.0
864691135883866992,864691135883866992,704,0.0
864691135615794025,864691135615794025,340,
864691135528704964,864691135493208772,8192,
864691135272154385,864691135272154385,176,
864691135994524842,864691135994524842,268,0.0
864691136123695953,864691136123695953,360,0.0
864691135841325283,864691135771965691,6936,
864691135988496896,864691135988496896,716,0.0
864691135293060620,864691135293060620,324,0.0
864691135777503933,864691135777503933,1128,0.0
864691135155894884,864691135155894884,596,0.0
864691135348308439,864691135348308439,340,0.0
864691135012533494,864691135012533494,1192,0.0
864691135883866992,864691135883866992,732,0.0
864691134917404682,864691136008452268,2640,
864691135155894884,864691135155894884,268,0.0
864691135662881220,864691135662881220,1132,0.0
864691136272946110,864691136333739187,5676,-2.0
864691135374063689,864691135374063689,204,0.0
864691136662432990,864691135155894884,1080,
864691135762036278,864691135762036278,544,
864691136339508119,864691136339508119,516,0.0
864691135373539016,864691135373539016,160,0.0
864691135951958819,864691135951958819,200,0.0
864691136339508119,864691136339508119,1616,0.0
864691136088929847,864691136088929847,188,0.0
864691136324728215,864691136324728215,976,
864691135122307879,864691135122307879,280,0.0
864691136266762740,864691136266762740,828,0.0
864691135700268923,864691135700268923,992,
864691135490940135,864691135407584713,1028,
864691136333739187,864691136333739187,324,0.0
864691135991524801,864691136723548413,6032,3.0
864691136813003492,864691135761545270,14844,2.0
864691135700268923,864691135700268923,464,
864691135873874830,864691135873874830,664,
864691135988496896,864691135988496896,556,0.0
864691134917404682,864691136008452268,7404,
864691135951958819,864691136041056086,10976,6.0
864691135994524842,864691135994524842,192,0.0
864691135683929783,864691136008452268,2224,
864691135761549622,864691136032109704,3168,-3.0
864691135951958819,864691135951958819,168,0.0
864691135662881220,864691135638991931,16452,14.0
864691135700268923,864691135700268923,324,
864691135700268923,864691135700268923,244,
864691135761549622,864691136032109704,10532,-3.0
864691135771832395,864691135988496896,8348,
864691135724597419,864691136008452268,17736,
864691135662881220,864691135662881220,204,0.0
864691135323181212,864691135771965691,5740,
864691135951958819,864691135951958819,460,0.0
864691136723317757,864691136723317757,308,0.0
864691137053750646,864691137053750646,9780,0.0
864691135683929783,864691135155894884,3304,
864691136723548413,864691136723548413,504,0.0
864691136123695953,864691136123695953,176,0.0
864691135615759977,864691135615759977,1820,
864691134917404682,864691136008452268,1376,
864691136329250282,864691136329250282,584,0.0
864691136361789410,864691136361789410,196,0.0
864691135373539016,864691135373539016,432,0.0
864691135939423489,864691135293060620,2148,-6.0
864691135570703341,864691135570703341,1192,
864691135638991931,864691135638991931,652,0.0
864691135615794025,864691135615794025,556,
864691135407584713,864691135407584713,484,0.0
864691135207974521,864691135951958819,5620,-11.0
864691135883866992,864691135883866992,308,0.0
864691135155894884,864691135155894884,740,0.0
864691135407584713,864691135407584713,568,0.0
864691135988496896,864691135988496896,1696,0.0
864691135737494385,864691135737494385,328,0.0
864691135994524842,864691135994524842,404,0.0
864691135341263557,864691135341263557,240,0.0
864691135662881220,864691135662881220,340,0.0
864691134917404682,864691136008452268,5596,
864691136329250282,864691136329250282,6524,0.0
864691135373539016,864691135373539016,252,0.0
864691135777503933,864691135777503933,184,0.0
864691135762036278,864691135762036278,464,
864691135394616306,864691135407584713,5232,
864691136339508119,864691136339508119,308,0.0
864691136329250282,864691136329250282,364,0.0
864691135293060620,864691135293060620,284,0.0
864691135975577155,864691135951958819,12396,-13.0
864691135662881220,864691135662881220,892,0.0
864691135374063689,864691135374063689,324,0.0
864691135951958819,864691135951958819,664,0.0
864691136329250282,864691136329250282,1356,0.0
864691135739590804,864691135739590804,256,0.0
864691136723548413,864691136723548413,1628,0.0
864691135951958819,864691135951958819,472,0.0
864691135951958819,864691135951958819,604,0.0
864691135528704964,864691135493208772,1816,
864691135373408456,864691135373408456,200,0.0
864691135771965691,864691135771965691,968,
864691135662881220,864691135662881220,316,0.0
864691136662207198,864691136662207198,208,0.0
864691136329250282,864691136329250282,460,0.0
864691135490940135,864691137053750646,1896,
864691136108748216,864691136486800146,8420,-1.0
864691135490940135,864691135407584713,3552,
864691136333739187,864691136333739187,504,0.0
864691134917606154,864691134917606154,2088,0.0
864691136813003492,864691136813003492,936,0.0
864691136194081494,864691136194081494,12504,0.0
864691136090926004,864691135374063689,11464,1.0
864691137053750646,864691137053750646,5740,0.0
864691135866369046,864691135866369046,608,0.0
864691135662881220,864691135662881220,248,0.0
864691135644661231,864691135644661231,988,0.0
864691134917606154,864691134917606154,616,0.0
864691136361789410,864691136361789410,272,0.0
864691136723548413,864691136723548413,376,0.0
864691135888527753,864691135749453448,812,-5.0
864691135939277825,864691135939277825,484,0.0
864691134917404682,864691136008452268,972,
864691136088929847,864691136088929847,1488,0.0
864691135293060620,864691135293060620,1896,0.0
864691136041056086,864691136041056086,260,0.0
864691135012533494,864691135012533494,708,0.0
864691135585304131,864691135374063689,10568,3.0
864691134939986275,864691134939986275,384,0.0
864691136194016726,864691136194016726,688,0.0
864691135155566692,864691135155566692,1480,
864691137053750646,864691137053750646,560,0.0
864691135194429482,864691135194429482,1256,0.0
864691136682621814,864691136682621814,160,0.0
864691135334607849,864691136723317757,2936,
864691135614385867,864691136333739187,4244,7.0
864691136333739187,864691136333739187,8584,0.0
864691136065272472,864691136065272472,328,0.0
864691137053750646,864691137053750646,4188,0.0
864691135807311389,864691135951958819,308,
864691136662432990,864691136194016726,2556,
864691135345163679,864691135345163679,488,
864691135581551725,864691135581551725,452,0.0
864691136662432990,864691135122603047,11540,
864691135571295269,864691135571295269,356,0.0
864691135432458226,864691135432458226,360,
864691135683929783,864691135614385867,356,
864691135570703341,864691136004947658,14116,
864691135683929783,864691135614385867,25728,
864691136662432990,864691135122603047,4752,
864691135644662767,864691135644662767,288,
864691136100106101,864691136100106101,168,0.0
864691136903003314,864691135432458226,5072,
864691134885069562,864691135581617517,4512,-7.0
864691135567724524,864691135567724524,368,0.0
864691135345163679,864691135345163679,520,
864691135122603047,864691135122603047,212,0.0
864691135571295269,864691135571295269,444,0.0
864691135748123528,864691135644662767,3384,
864691135683957943,864691135113199513,14396,5.0
864691135396580129,864691135614385867,2464,
864691135564644183,864691135564644183,216,0.0
864691135571295269,864691135571295269,6184,0.0
864691135396580129,864691135122603047,5196,
864691135490940135,864691135614385867,4188,
864691135658229122,864691135658229122,168,0.0
864691135658229122,864691135658229122,1704,0.0
864691135081648887,864691136672660615,3732,-5.0
864691135754599634,864691135754599634,168,
864691136662432990,864691135122603047,4084,
864691136672660615,864691136672660615,600,0.0
864691135658229122,864691135658229122,292,0.0
864691135122603047,864691135122603047,324,0.0
864691135569329798,864691135569329798,168,
864691135564644183,864691135564644183,384,0.0
864691136662432990,864691135122603047,2684,
864691135122603047,864691135122603047,248,0.0
864691136925793354,864691136925793354,1048,0.0
864691135113199513,864691135113199513,488,0.0
864691135396580129,864691135614385867,860,
864691136100106101,864691136100106101,248,0.0
864691135122603047,864691135122603047,984,0.0
864691136100106101,864691136100106101,1312,0.0
864691136004947658,864691136004947658,496,0.0
864691135528704964,864691135567724524,37700,0.0
864691135544411432,864691136004947658,1480,
864691136662432990,864691135122603047,2916,
864691135580470851,864691135580470851,4192,
864691135580470851,864691135580470851,968,
864691135567724524,864691135567724524,936,0.0
864691136903003314,864691135432458226,2504,
864691136004947658,864691136004947658,160,0.0
864691136486800146,864691135864699868,9128,-1.0
864691136039701246,864691135569329798,3020,
864691136951812063,864691136951812063,436,0.0
864691135662881220,864691135564644183,6344,6.0
864691136662432990,864691136925793354,4792,
864691135771832395,864691135122603047,6176,
864691136951812063,864691136951812063,996,0.0
864691135580470851,864691135580470851,336,
864691135748123528,864691135571295269,3860,
864691135569329798,864691135569329798,200,
864691135988496896,864691135432458226,5700,
864691136100106101,864691136100106101,696,0.0
864691135490591463,864691136004947658,3600,
864691136100106101,864691136100106101,288,0.0
864691136100106101,864691136100106101,492,0.0
864691135658229122,864691135658229122,1252,0.0
864691136662432990,864691135122603047,1912,
864691135490940135,864691136388267639,2140,
864691135571295269,864691135571295269,1636,0.0
864691135580470851,864691135580470851,1640,
864691135571295269,864691135571295269,160,0.0
864691135945478692,864691135581551725,4156,7.0
864691135274403301,864691135122603047,11124,7.0
864691136811826547,864691136811826547,232,0.0
864691135544411432,864691136004947658,2864,
864691136662432990,864691135567724524,1864,
864691136422825519,864691135432458226,11196,
864691135939647142,864691135864699868,5648,-1.0
864691136951812063,864691136951812063,1676,0.0
864691135099839008,864691135567724524,3108,-13.0
864691135571295269,864691135571295269,1440,0.0
864691135841325283,864691135569329798,1052,
864691136951812063,864691136951812063,400,0.0
864691136951812063,864691136951812063,756,0.0
864691136951812063,864691136951812063,1788,0.0
864691135739590804,864691136672660615,8224,1.0
864691136925793354,864691136925793354,5536,0.0
864691136951812063,864691136951812063,2056,0.0
864691135658229122,864691135658229122,320,0.0
864691135122603047,864691135122603047,544,0.0
864691136116154788,864691135580470851,1896,
864691135122603047,864691135122603047,296,0.0
864691135396580129,864691135614385867,1364,
864691136116154788,864691135580470851,4240,
864691136662432990,864691135122603047,580,
864691136388589943,864691136004947658,356,5.0
864691136925793354,864691136925793354,744,0.0
864691136811826547,864691136811826547,276,0.0
864691135345163679,864691135345163679,196,
864691136662432990,864691135122603047,2632,
864691135644662767,864691135644662767,4728,
864691136672660615,864691136672660615,372,0.0
864691135122603047,864691135122603047,248,0.0
864691135544411432,864691135644662767,496,
864691135567724524,864691135567724524,320,0.0
864691135462747198,864691135658229122,1064,-4.0
864691136662432990,864691136925793354,3576,
864691135415498682,864691135567724524,4492,
864691136100106101,864691136100106101,188,0.0
864691135569329798,864691135569329798,220,
864691135396580129,864691135122603047,6076,
864691135396580129,864691135614385867,2464,
864691135580470851,864691135580470851,408,
864691136706310510,864691136925793354,19172,-1.0
864691136004947658,864691136004947658,404,0.0
864691136951812063,864691136951812063,184,0.0
864691135396580129,864691135122603047,4104,
864691135683929783,864691135614385867,4376,
864691135396580129,864691135614385867,1228,
864691135345163679,864691135345163679,456,
864691135569329798,864691135569329798,204,
864691135754599634,864691135754599634,1976,
864691134917404682,864691136100106101,17116,
864691135569329798,864691135569329798,2328,
864691135581617517,864691135581617517,1668,0.0
864691135567724524,864691135567724524,2048,0.0
864691135748123528,864691135345163679,2112,
864691135394616306,864691136925793354,2880,
864691136116154788,864691135580470851,3660,
864691135432458226,864691135432458226,856,
864691135340956101,864691135432458226,5352,
864691135581551725,864691135581551725,368,0.0
864691135385185365,864691135864699868,4284,
864691136227267921,864691135571295269,10696,9.0
864691135580470851,864691135580470851,1600,
864691136004947658,864691135564644183,20056,-2.0
864691135122603047,864691135122603047,300,0.0
864691136662432990,864691135122603047,3892,
864691135580470851,864691135580470851,780,
864691135394616306,864691135122603047,2332,
864691135683957943,864691135580470851,7428,
864691135396580129,864691135122603047,1464,
864691136662432990,864691135122603047,2776,
864691135567724524,864691135567724524,572,0.0
864691135445755378,864691135432458226,7516,
864691135581551725,864691135581551725,912,0.0
864691135396580129,864691135122603047,1140,
864691135564644183,864691135564644183,912,0.0
864691135544411432,864691136004947658,348,
864691135569329798,864691135569329798,200,
864691135771965691,864691136925793354,1000,
864691135581617517,864691135581617517,204,0.0
864691135658229122,864691135658229122,480,0.0
864691136951812063,864691136951812063,244,0.0
864691135122603047,864691135122603047,1108,0.0
864691135334607849,864691135113199513,2712,
864691136811826547,864691136811826547,160,0.0
864691136662432990,864691135122603047,1656,
864691136227267921,864691135571295269,2192,9.0
864691135754599634,864691135754599634,204,
864691135564644183,864691135564644183,1348,0.0
864691135581617517,864691135581617517,300,0.0
864691136004947658,864691136004947658,1316,0.0
864691135483248171,864691135483248171,7240,
864691136004947658,864691136004947658,1272,0.0
864691134939988067,864691135658229122,504,-3.0
864691135345163679,864691135345163679,6716,
864691135624737091,864691135644662767,3176,
864691135683929783,864691135614385867,972,
864691135334607849,864691135580470851,11552,
864691135334607849,864691135658229122,6660,
864691135345163679,864691135345163679,3132,
864691135644662767,864691135644662767,344,
864691135864699868,864691135864699868,476,0.0
864691136672660615,864691136672660615,368,0.0
864691135644662767,864691135644662767,8280,
864691136662432990,864691135122603047,5924,
864691136100106101,864691136100106101,196,0.0
864691135564644183,864691135564644183,184,0.0
864691135544411432,864691135644662767,704,
864691135483248171,864691135483248171,948,
864691135658229122,864691135658229122,1664,0.0
864691136031707579,864691135122603047,12864,
864691135122603047,864691135432458226,6264,
864691135113199513,864691135113199513,188,0.0
864691136309631322,864691135122603047,2720,5.0
864691135483248171,864691135483248171,364,
864691136004947658,864691135345163679,5796,
864691136951812063,864691136951812063,208,0.0
864691135581551725,864691135581551725,976,0.0
864691136672660615,864691136672660615,504,0.0
864691135122603047,864691135122603047,1328,0.0
864691135724609707,864691136004947658,508,6.0
864691135580470851,864691135580470851,256,
864691135748123528,864691135571295269,25688,
864691135737076100,864691136100106101,2576,
864691135644662767,864691135644662767,208,
864691136004947658,864691136004947658,372,0.0
864691135544411432,864691135644662767,8064,
864691135864699868,864691135864699868,308,0.0
864691136951812063,864691136951812063,280,0.0
864691135580470851,864691135580470851,1044,
864691135580470851,864691135580470851,464,
864691135564644183,864691135564644183,996,0.0
864691135581617517,864691135581617517,1184,0.0
864691135564644183,864691135644662767,4784,
864691135644662767,864691135644662767,260,
864691136662432990,864691135122603047,3348,
864691135739590804,864691136811826547,10844,10.0
864691136105459161,864691135614385867,8848,-10.0
864691135581617517,864691135581617517,864,0.0
864691135580470851,864691135580470851,1280,
864691135396580129,864691135122603047,1900,
864691135501827165,864691135501827165,432,0.0
864691135544411432,864691136004947658,7228,
864691135396580129,864691135122603047,1756,
864691136662432990,864691135122603047,1172,
864691135396580129,864691135122603047,3668,
864691135483248171,864691135483248171,1788,
864691135658229122,864691135658229122,664,0.0
864691135644662767,864691135644662767,1944,
864691135658229122,864691135658229122,180,0.0
864691135939423489,864691135345163679,3748,
864691135345163679,864691135345163679,500,
864691135544411432,864691136004947658,3668,
864691135432458226,864691135432458226,392,
864691135748123528,864691135571295269,3896,
864691135122603047,864691135122603047,572,0.0
864691136662432990,864691135122603047,5096,
864691135658229122,864691135658229122,904,0.0
864691135564644183,864691135564644183,204,0.0
864691135528704964,864691135567724524,2692,0.0
864691135396580129,864691136388267639,8540,
864691135544411432,864691136004947658,3916,
864691135864699868,864691135864699868,372,0.0
864691135658229122,864691135658229122,328,0.0
864691136925793354,864691136925793354,204,0.0
864691136662432990,864691136925793354,772,
864691135585163900,864691135571295269,13188,-2.0
864691135345163679,864691135345163679,484,
864691135683929783,864691135614385867,10524,
864691135571295269,864691135571295269,180,0.0
864691135614385867,864691135614385867,160,0.0
864691136004947658,864691136004947658,1508,0.0
864691135748123528,864691135113199513,640,
864691136662432990,864691135122603047,2228,
864691136951812063,864691136951812063,3608,0.0
864691135396580129,864691135614385867,236,
864691135567724524,864691135567724524,220,0.0
864691136662432990,864691135122603047,5492,
864691135122603047,864691135122603047,17804,0.0
864691135644662767,864691135644662767,552,
864691135644662767,864691135644662767,384,
864691135113199513,864691135113199513,260,0.0
864691136482918444,864691135569329798,1248,
864691136100106101,864691136100106101,436,0.0
864691135771965691,864691135501827165,10780,
864691135373539016,864691136951812063,4608,3.0
864691136004947658,864691136004947658,160,0.0
864691135396580129,864691136388267639,4696,
864691136811826547,864691136811826547,1088,0.0
864691135841325283,864691135569329798,416,
864691136116154788,864691135580470851,8380,
864691135754599634,864691135754599634,712,
864691135809426636,864691135483248171,13472,
864691136272946878,864691135614385867,2116,-8.0
864691135581617517,864691135581617517,432,0.0
864691135396580129,864691135614385867,1796,
864691136662432990,864691136925793354,1980,
864691135501827165,864691135501827165,176,0.0
864691135771832395,864691135122603047,2004,
864691135748123528,864691135571295269,12484,
864691136004947658,864691136004947658,416,0.0
864691135483248171,864691135483248171,364,
864691135683929783,864691135614385867,444,
864691136672660615,864691136672660615,412,0.0
864691136286569667,864691135644662767,3976,
864691136672660615,864691136672660615,168,0.0
864691135864699868,864691135864699868,596,0.0
864691135392073458,864691136672660615,9444,-2.0
864691135581551725,864691135581551725,348,0.0
864691135614385867,864691135614385867,472,0.0
864691135081648887,864691135658229122,3060,-6.0
864691135614385867,864691135614385867,340,0.0
864691136004947658,864691136004947658,3204,0.0
864691135571295269,864691135571295269,5840,0.0
864691136951812063,864691136951812063,192,0.0
864691135122603047,864691135122603047,476,0.0
864691135580470851,864691135580470851,1388,
864691136951812063,864691136951812063,532,0.0
864691136004947658,864691136004947658,632,0.0
864691135334607849,864691135614385867,4516,
864691135122603047,864691135432458226,5648,
864691135483248171,864691135483248171,1588,
864691136672660615,864691136672660615,212,0.0
864691135581551725,864691135581551725,788,0.0
864691135569329798,864691135569329798,336,
864691136925793354,864691136925793354,2172,0.0
864691135571295269,864691135571295269,564,0.0
864691136925793354,864691136925793354,212,0.0
864691136951812063,864691136951812063,304,0.0
864691135122603047,864691135122603047,236,0.0
864691135614385867,864691135614385867,1088,0.0
864691135432458226,864691135432458226,392,
864691135155894884,864691136388267639,5092,8.0
